-1.200000011975889258e+01,-1.200000010914841120e+01
-1.200000011988620408e+01,-1.200000011278858913e+01
-1.200000011987444459e+01,-1.200000010671625361e+01
-1.200000011986131376e+01,-1.200000008352401260e+01
-1.200000011984661619e+01,-1.029532727993964514e+01
-1.200000011983013692e+01,-3.301603983025014344e+00
-1.200000011981160952e+01,-2.320878837384227067e-01
-1.200000011979069825e+01,6.432824132132349826e-01
-1.200000011976699099e+01,3.979467366179195720e-01
-1.200000011973997083e+01,-3.473357265525240378e-01
-1.200000011970899827e+01,-1.242341638018213290e+00
-1.200000011967325619e+01,-2.096319255674214954e+00
-1.200000011963168589e+01,-2.810086921606964605e+00
-1.200000011958289114e+01,-3.335523838388676499e+00
-1.200000011952497125e+01,-3.652466060660179537e+00
-1.200000011980238668e+01,-3.756295283531398077e+00
-1.200000011977144965e+01,-3.651694322675804738e+00
-1.200000011973277481e+01,-3.349560194525243784e+00
-1.200000011912639941e+01,-2.865257895749966366e+00
-1.200000011961682844e+01,-2.216542686521415728e+00
-1.200000011952398538e+01,-1.420646019655749326e+00
-1.200000011830230306e+01,-4.890433310159189584e-01
-1.200000011765230390e+01,5.823273427400842417e-01
-1.200000011631539820e+01,1.832673388212848087e+00
-1.200000011192833860e+01,3.378272853144165921e+00
-6.935659295867871776e+00,5.498203595532065613e+00
1.200000010487901747e+01,8.145933861580925139e+00
1.200000011818628920e+01,9.579734544568946575e+00
1.200000011700340607e+01,1.033861270679303246e+01
1.200000011786222665e+01,1.071032927462736772e+01
1.200000011939771305e+01,1.085707285877706063e+01
1.200000011950819356e+01,1.087202119116054178e+01
1.200000011958495172e+01,1.080937415103542243e+01
1.200000011964154290e+01,1.070066999056240320e+01
1.200000011968514002e+01,1.056391056746332069e+01
1.200000011971989089e+01,1.040887322947202520e+01
1.200000011974836411e+01,1.024034993172798558e+01
1.200000011977222769e+01,1.006021110550018705e+01
1.200000011942837297e+01,9.868759173396226103e+00
1.200000011947724232e+01,9.665623874261987325e+00
1.200000011952036338e+01,9.450343143013579805e+00
1.200000011955893342e+01,9.222720516876110608e+00
1.200000011959386548e+01,8.983021523668714536e+00
1.200000011961250834e+01,8.732054691499975263e+00
1.200000011961747681e+01,8.471171895745992941e+00
1.200000011962087498e+01,8.202215591698175601e+00
1.200000011962280766e+01,7.927432735609954761e+00
1.200000011962334057e+01,7.649372119659777702e+00
1.200000011962251811e+01,7.370775727712429948e+00
1.200000011962035273e+01,7.094472508167319447e+00
1.200000011961683732e+01,6.823279874123906907e+00
1.200000011961194524e+01,6.559915897499704052e+00
1.200000011960562851e+01,6.306924108974298449e+00
1.200000011959781254e+01,6.066611397763923108e+00
1.200000011958841029e+01,5.840999174010616635e+00
1.200000011957729917e+01,5.631787281003299839e+00
1.200000011956433710e+01,5.440329784089456666e+00
1.200000011954934465e+01,5.267621955411325274e+00
1.200000011953211221e+01,5.114296963924692463e+00
1.200000011951237866e+01,4.980631055641348226e+00
1.200000011948983669e+01,4.866556029189881727e+00
1.200000011946411149e+01,4.771677450836341094e+00
1.200000011943475009e+01,4.695297476784762836e+00
1.200000011940120359e+01,4.636441346274572162e+00
1.200000011936279698e+01,4.593886411454718655e+00
1.200000011931870070e+01,4.566193391542722857e+00
1.200000011926787913e+01,4.551739168045514816e+00
1.200000011920903553e+01,4.548751205114138330e+00
1.200000011914051967e+01,4.555343359215354937e+00
1.200000011906020880e+01,4.569552865275906761e+00
1.200000011896533003e+01,4.589378894956359645e+00
1.200000011885219742e+01,4.612822141200390469e+00
1.200000011871581407e+01,4.637925369162681832e+00
1.200000011854925397e+01,4.662814434567014388e+00
1.200000011834264058e+01,4.685739187923121385e+00
1.200000011808143441e+01,4.705113369557289538e+00
1.200000011774334396e+01,4.719552346781711094e+00
1.200000011729244953e+01,4.727907219852837351e+00
1.200000011666703870e+01,4.729290616905612588e+00
1.200000011575161629e+01,4.723072064684164850e+00
1.200000011430245728e+01,4.708708140897747363e+00
1.200000011170261160e+01,4.684550419316759751e+00
1.200000010581229759e+01,4.640150865085809428e+00
1.200000008074564306e+01,4.507189738558086134e+00
1.035121905776410678e+01,3.870821639578228890e+00
6.358837426275693261e+00,2.611386328238657573e+00
2.875448489940749752e+00,1.394415592237098211e+00
-1.445490248112741571e-01,3.193512500621941697e-01
-2.743324194490412982e+00,-6.095446675119629010e-01
-4.957103910689275139e+00,-1.401890938065541992e+00
-6.819814021134630089e+00,-2.069161495531735895e+00
-8.363601095935898400e+00,-2.622808422577152854e+00
-9.618897969982512564e+00,-3.073858276738762108e+00
-1.061447857668448869e+01,-3.432629496405953162e+00
-1.137779223891130620e+01,-3.707626367066850115e+00
-1.193430394406527206e+01,-3.898268443659646199e+00
-1.199999974991940555e+01,-3.953278997555234930e+00
-1.199999989987606064e+01,-3.970091200918031582e+00
-1.199999992376240066e+01,-3.980689959417644364e+00
-1.199999989876031670e+01,-3.989969251444029474e+00
-1.199999978414703605e+01,-3.997225825436136137e+00
-1.199999719056018499e+01,-3.992650986403828650e+00
-1.173028242533584020e+01,-3.915150224952394620e+00
-1.132879918376447748e+01,-3.791664764174447644e+00
-1.087907087114398585e+01,-3.647373097859338831e+00
-1.039160901214046895e+01,-3.489241254517834623e+00
-9.875982929468930749e+00,-3.321012574388554572e+00
-9.340812577643676562e+00,-3.145665082467633322e+00
-8.793726929498765443e+00,-2.965781600764452186e+00
-8.241415282789864349e+00,-2.783622915450595148e+00
-7.689692490339967712e+00,-2.601158568501956925e+00
-7.143564947722594205e+00,-2.420090658291468522e+00
-6.607295389464476365e+00,-2.241875704003493119e+00
-6.084465816391666948e+00,-2.067745328991061449e+00
-5.578038187848837204e+00,-1.898725917795717422e+00
-5.090412608241432935e+00,-1.735657297726150849e+00
-4.623482728751713289e+00,-1.579210498604680657e+00
-4.178688336302449180e+00,-1.429904534900787283e+00
-3.757064876462148817e+00,-1.288122318197441052e+00
-3.359289900298896736e+00,-1.154125631564477228e+00
-2.985726465720071499e+00,-1.028069172985951685e+00
-2.636463418455579966e+00,-9.100137088213410275e-01
-2.311352648601378235e+00,-7.999383072826583563e-01
-2.010043377097033623e+00,-6.977516773234476721e-01
-1.732013561028131310e+00,-6.033026264256302618e-01
-1.476598520751424282e+00,-5.163896572611686997e-01
-1.243016917231269503e+00,-4.367697264357411902e-01
-1.030394188384450738e+00,-3.641661999170276998e-01
-8.377835698994952063e-01,-2.982760289712109159e-01
-6.641849442313157992e-01,-2.387761953965800432e-01
-5.085614435927819921e-01,-1.853294576042990860e-01
-3.698541552452585535e-01,-1.375894290615851390e-01
-2.469949645195416710e-01,-9.520504892105710604e-02
-1.389177212210828127e-01,-5.782447825828904153e-02
-4.456777688983967756e-02,-2.509846315480935772e-02
3.708980255286314920e-02,3.316794735278166990e-03
1.070634834268418822e-01,2.775720501011890232e-02
1.663295967901114170e-01,4.854878349068889737e-02
2.158277776289815042e-01,6.600600792578081855e-02
2.564573893795685233e-01,8.043050960770739555e-02
2.890747971909161107e-01,9.211006516813335931e-02
3.144914753894698101e-01,1.013178551485012929e-01
3.334726939715367822e-01,1.083119793847559659e-01
3.467368922672348086e-01,1.133351504256738668e-01
3.549555365391811601e-01,1.166145938046963676e-01
3.587534514579422962e-01,1.183620932484121119e-01
3.587095219726657014e-01,1.187741814924636735e-01
3.553577264083797038e-01,1.180324410950525232e-01
3.491884406300910237e-01,1.163039023838821212e-01
3.406499637596567820e-01,1.137415207859220762e-01
3.301502206269200101e-01,1.104847179957517966e-01
3.180586007007759064e-01,1.066599730802003099e-01
3.047078973537252766e-01,1.023814511657680226e-01
2.903963165013196401e-01,9.775165832757656825e-02
2.753895251937638067e-01,9.286211367412593176e-02
2.599227163425100184e-01,8.779402942398183141e-02
2.442026683089877359e-01,8.261899171587362700e-02
2.284097809428991543e-01,7.739963585239090227e-02
2.127000725240846546e-01,7.219031048223087388e-02
1.972071246040139059e-01,6.703772611186016583e-02
1.820439636628478630e-01,6.198158426649497121e-02
1.673048644895422099e-01,5.705518099663709625e-02
1.530671055077131582e-01,5.228599642754459126e-02
1.393925942531691053e-01,4.769624089200923817e-02
1.263294373110935009e-01,4.330338398809084610e-02
1.139134120408541867e-01,3.912065170107464906e-02
1.021693484506295962e-01,3.515749320344883216e-02
9.111242018283235988e-02,3.142001793950590510e-02
8.074934518945010853e-02,2.791140295016250605e-02
7.107949895453374856e-02,2.463227041676782983e-02
6.209593915376648843e-02,2.158103679867466596e-02
5.378634744689957808e-02,1.875423400325346157e-02
4.613388991880272572e-02,1.614680279790570508e-02
3.911799976699237291e-02,1.375236049304920730e-02
3.271508578323716054e-02,1.156344369127732148e-02
2.689916419672670755e-02,9.571726428614613438e-03
2.164244887435440648e-02,7.768218384830140322e-03
1.691584097616940022e-02,6.143440266855732836e-03
1.268938513786373699e-02,4.687577853112882484e-03
8.932666806741530047e-03,3.390619677407024669e-03
5.615155195195069456e-03,2.242476897073736233e-03
2.706500862603247650e-03,1.233087016307553296e-03
1.767924808387692163e-04,3.525032081186622738e-04
-2.003214071529061009e-03,-4.090288623489929149e-04
-3.861961463190741531e-03,-1.061007376466654604e-03
-5.426895825605037617e-03,-1.612627940383498226e-03
-6.724364318013941605e-03,-2.072734152986804336e-03
-7.779517876072054861e-03,-2.449785944610866854e-03
-8.616270903715391241e-03,-2.751833461184137290e-03
-9.257228819096661315e-03,-2.986505299499621260e-03
-9.723654426784866106e-03,-3.160993515871087130e-03
-1.003547810698461606e-02,-3.282043170483353242e-03
-1.021129007776443685e-02,-3.355957755913160749e-03
-1.026835533497939650e-02,-3.388600897214033830e-03
-1.022263826496446794e-02,-3.385403799817349874e-03
-1.008883633771938751e-02,-3.351372771176438711e-03
-9.880418199381388322e-03,-3.291105261356225189e-03
-9.609671488626722602e-03,-3.208802202488967616e-03
-9.287753369168243872e-03,-3.108284401071980969e-03
-8.924744199073186834e-03,-2.993010310769044120e-03
-8.529704007579805639e-03,-2.866094356146079662e-03
-8.110730485930440006e-03,-2.730325962329643516e-03
-7.675017820977188265e-03,-2.588188927064896151e-03
-7.228915747456470670e-03,-2.441880911679977176e-03
-6.777988138049354482e-03,-2.293332897071986495e-03
-6.327070758748974851e-03,-2.144228371248708617e-03
-5.880327714286631008e-03,-1.996022152835026393e-03
-5.441306257881435744e-03,-1.849958710500271102e-03
-5.012988276398600528e-03,-1.707089576749116090e-03
-4.597845061025919271e-03,-1.568291202592735209e-03
-4.197882304857986947e-03,-1.434280630007066931e-03
-3.814686811301380535e-03,-1.305631033670488078e-03
-3.449470087658741864e-03,-1.182786465887744089e-03
-3.103112657484288685e-03,-1.066076686702795324e-03
-2.776186620192853602e-03,-9.557257288106974901e-04
-2.469017747272266635e-03,-8.518707573561211908e-04
-2.181700034395006767e-03,-7.545692566782979385e-04
-1.914130993028623955e-03,-6.638100637019676668e-04
-1.666039534498541799e-03,-5.795229937296576556e-04
-1.437012316186985763e-03,-5.015879184435670293e-04
-1.226516511364914366e-03,-4.298425159213410717e-04
-1.033924646472077777e-03,-3.640900196917603400e-04
-8.585295725954798394e-04,-3.041058207972719904e-04
-6.995628768676801727e-04,-2.496430008891764498e-04
-5.562150059064081614e-04,-2.004390277229237116e-04
-4.276357101024084008e-04,-1.562161079155240746e-04
-3.129651965342465148e-04,-1.166923548783553127e-04
-2.113314657033563441e-04,-8.158040706321482939e-05
-1.218629163251061721e-04,-5.059196767405993152e-05
-4.369708254231726552e-05,-2.344069050471835441e-05
2.401475513069200611e-05,1.555811624099974843e-07
8.209910129195183745e-05,2.047278060593694522e-05
1.313566152921939387e-04,3.777869252081734661e-05
1.725583410943276521e-04,5.233170355653972569e-05
2.064427557811010191e-04,6.437977565899128882e-05
2.337132693521643283e-04,7.415958312342166617e-05
2.550366665597053693e-04,8.189585453053083695e-05
2.710420394465912143e-04,8.780097306578013951e-05
2.823203668280724961e-04,9.207476235374530333e-05
2.894240712903960438e-04,9.490435391993549789e-05
2.928673805050822899e-04,9.646420749188280971e-05
2.931269113879043258e-04,9.691627480715372261e-05
2.906424917094964431e-04,9.641024629800298222e-05
2.858182074107262554e-04,9.508386021014020404e-05
2.790233753146695761e-04,9.306325480305983628e-05
2.705945909367820160e-04,9.046359165579135383e-05
2.608366720100250137e-04,8.738928485176710576e-05
2.500243637552031543e-04,8.393465578498283529e-05
2.384039965709418860e-04,8.018443943372245925e-05
2.261951572965366884e-04,7.621433374427780496e-05
2.135923720709195089e-04,7.209155631649114926e-05
2.007668003747878306e-04,6.787539817800899359e-05
1.878678877941114555e-04,6.361778264855535027e-05
1.750250049292826889e-04,5.936380491936336744e-05
1.623514233799559629e-04,5.515292522644137693e-05
1.499383337287279073e-04,5.101753231652936656e-05
1.378642480788878292e-04,4.698524344452153172e-05
1.261936150184924082e-04,4.307897641047022118e-05
1.149782137844518342e-04,3.931731184061759482e-05
1.042584421062196928e-04,3.571491450637302392e-05
9.406450550530448497e-05,3.228294747491912620e-05
8.441757117147280466e-05,2.902945159286364517e-05
7.533076923135261849e-05,2.595968754918470344e-05
6.681029271035682671e-05,2.307650608308704215e-05
5.885622614722545133e-05,2.038063534795994048e-05
5.146344669134774108e-05,1.787099554421771162e-05
4.462231792111374527e-05,1.554491107407102982e-05
3.831944741976768841e-05,1.339837876538056032e-05
3.253834205645696995e-05,1.142630058119435983e-05
2.726000793852685332e-05,9.622683272005957701e-06
2.246347942890201266e-05,7.980823148426309567e-06
1.812638051233382609e-05,6.493510378470398812e-06
1.422592777052029949e-05,5.153384646740231481e-06
1.073600711836069202e-05,3.951783069828794107e-06
7.632819480091326608e-06,2.880979809640130700e-06
4.891397332451704396e-06,1.932723825563776305e-06
2.486800666215450176e-06,1.098751534808519968e-06
3.943815889397371614e-07,3.708674846326510427e-07
-1.410000584581167993e-06,-2.589603139556248024e-07
-2.949839646099750559e-06,-7.985930885301299542e-07
-4.247799484210679587e-06,-1.255630121504589799e-06
-5.325610756068013295e-06,-1.637366505264443823e-06
-6.204000055850803204e-06,-1.950771871631916385e-06
-6.902640575340906306e-06,-2.202472823597301665e-06
-7.440119572094020217e-06,-2.398740560130409792e-06
-7.833920042960417770e-06,-2.545483281189190993e-06
-8.100414690479143786e-06,-2.648242804359453846e-06
-8.254870565914932166e-06,-2.712194869471350935e-06
-8.311462935832523139e-06,-2.742152650219537975e-06
-8.283297035628407287e-06,-2.742573025345629771e-06
-8.182436474881683120e-06,-2.717565192548694368e-06
-8.019976307597357284e-06,-2.670910463036152707e-06
-7.806018495043998446e-06,-2.606063453320110066e-06
-7.549714499112862990e-06,-2.526159976425845102e-06
-7.259332452048505853e-06,-2.434036288293597539e-06
-6.937727324994122859e-06,-2.331073068468115445e-06
-6.597295056520323221e-06,-2.220701185987017143e-06
-6.243765282272218916e-06,-2.105278955328679260e-06
-5.882221000775484214e-06,-1.986618792216525070e-06
-5.517116771169802193e-06,-1.866273453318273663e-06
-5.152315950196834616e-06,-1.745588775436103495e-06
-4.791136808928409383e-06,-1.625724184457400133e-06
-4.436398349895049803e-06,-1.507668673658183091e-06
-4.090464438189176352e-06,-1.392255687883467089e-06
-3.755285949549178498e-06,-1.280177298582955244e-06
-3.432440809493994346e-06,-1.171997684569274567e-06
-3.123171849261187127e-06,-1.068165897518933313e-06
-2.828422437621893142e-06,-9.690278960149074953e-07
-2.548911794146228454e-06,-8.748502367902139618e-07
-2.285101725033435942e-06,-7.858137202833761048e-07
-2.037141743585992069e-06,-7.019973477172787469e-07
-1.805177937061270343e-06,-6.234602093839406751e-07
-1.589123122680521491e-06,-5.501927821634289840e-07
-1.388706726681743766e-06,-4.821287451993477122e-07
-1.203600320928539858e-06,-4.191656554410623131e-07
-1.033363850633918055e-06,-3.611701208278703713e-07
-8.774819256251790717e-07,-3.079805417341551523e-07
-7.353789958228304815e-07,-2.594134755863711813e-07
-6.064330686508824802e-07,-2.152685258328334632e-07
-4.900216304840993140e-07,-1.753427529201681650e-07
-3.854257290650339152e-07,-1.394038223300732133e-07
-2.919182980642514223e-07,-1.072115136570850819e-07
-2.088413386709331752e-07,-7.854715298464786629e-08
-1.354978990857949259e-07,-5.318112086244333208e-08
-7.119888078125054476e-08,-3.088476536290129656e-08
-1.526842756232265312e-08,-1.143308616934034865e-08
3.295171809933569522e-08,5.393613737871113860e-09
7.409861045096085272e-08,1.980843300389539217e-08
1.087851944643561341e-07,3.201682896440681844e-08
1.375980300122476087e-07,4.221579284565799987e-08
1.610955791202593392e-07,5.059321907173742603e-08
1.798069931118532329e-07,5.732744712809192347e-08
1.942313406787319507e-07,6.258695597348216690e-08
2.048372221102219434e-07,6.653019240623413863e-08
2.120627190366224729e-07,6.930551616553881525e-08
2.163156330524072602e-07,7.105124588795700738e-08
2.179739704638517994e-07,7.189579133710442916e-08
2.173866341346292782e-07,7.195785857473839325e-08
2.148742869688974840e-07,7.134671593942880532e-08
2.107303549642128570e-07,7.016250984067465142e-08
2.052221409792301879e-07,6.849662045940279045e-08
1.985920233894187519e-07,6.643204846823883151e-08
1.910587166454608830e-07,6.404382484593847258e-08
1.828185734040972940e-07,6.139943675973005491e-08
1.740469103710212505e-07,5.855926332716315682e-08
1.648993422837413694e-07,5.557701584662472050e-08
1.555131105730514845e-07,5.250017780389745075e-08
1.460083951805664302e-07,4.937044062298025817e-08
1.364895997828141132e-07,4.622413173463026193e-08
1.270466022865548442e-07,4.309263208804315487e-08
1.177559639227014814e-07,4.000278073209499705e-08
1.086820915852144339e-07,3.697726454517140097e-08
9.987834924463947166e-08,3.403499159940078110e-08
9.138811532163964322e-08,3.119144700881933159e-08
8.324578384210506516e-08,2.845903043420493413e-08
7.547770802040778534e-08,2.584737470288842050e-08
6.810308563896698171e-08,2.336364525221705932e-08
6.113478621853214701e-08,2.101282032341070514e-08
5.458012051182086432e-08,1.879795202050553795e-08
4.844155331107043224e-08,1.672040850974690377e-08
4.271736094443452340e-08,1.478009777026451340e-08
3.740223515396329795e-08,1.297567341956896410e-08
3.248783530537285729e-08,1.130472322944411471e-08
2.796329108320746807e-08,9.763941021230037100e-09
2.381565797993351467e-08,8.349282686285601841e-09
2.003032799936146292e-08,7.056107119295524538e-09
1.659139806856585855e-08,5.879302880848806590e-09
1.348199869293590318e-08,4.813401422902688503e-09
1.068458540033232932e-08,3.852677717797410094e-09
8.181195506467894005e-09,2.991239129799393558e-09
5.953672698554111253e-09,2.223103358977655202e-09
3.983861880790955512e-09,1.542266271594572425e-09
2.253776656956829055e-09,9.427604103539085280e-10
7.457417445627023555e-10,4.187049524994166293e-10
-5.574874755338179340e-10,-3.565214504326239104e-11
-1.672626168394633243e-09,-4.258991059250054130e-10
-2.615780011401423953e-09,-7.574317261767272573e-10
-3.402382023775427982e-09,-1.035430558895780288e-09
-4.047144475407892609e-09,-1.264843289336564879e-09
-4.564024202306639272e-09,-1.450371734528642504e-09
-4.966199767002190840e-09,-1.596462938330008321e-09
-5.266059012049233515e-09,-1.707303869219492186e-09
-5.475195662646305024e-09,-1.786819264072160577e-09
-5.604413739447252064e-09,-1.838672196195917233e-09
-5.663738644448965972e-09,-1.866266979965047273e-09
-5.662433880857685559e-09,-1.872754057231582891e-09
-5.609022461635008850e-09,-1.861036542185367865e-09
-5.511312150863792381e-09,-1.833778131426203092e-09
-5.376423766800113397e-09,-1.793412114551245548e-09
-5.210821855456840784e-09,-1.742151247573145153e-09
-5.020347118699700129e-09,-1.681998276861236667e-09
-4.810250051108602372e-09,-1.614756925111734903e-09
-4.585225305293678863e-09,-1.542043173033878084e-09
-4.349446366063554450e-09,-1.465296691062599561e-09
-4.106600169912951232e-09,-1.385792294471482063e-09
-3.859921357771438846e-09,-1.304651312815274144e-09
-3.612225896216394381e-09,-1.222852780742144737e-09
-3.365943845336170467e-09,-1.141244371904110325e-09
-3.123151090386567567e-09,-1.060553011059789995e-09
-2.885599889754677430e-09,-9.813951115540834375e-10
-2.654748123204627208e-09,-9.042863962116850311e-10
-2.431787152846090939e-09,-8.296512694404353688e-10
-2.217668234218477224e-09,-7.578317169973137675e-10
-2.013127437171910252e-09,-6.890957175349636096e-10
-1.818709055574352701e-09,-6.236451567846105717e-10
-1.634787501803399450e-09,-5.616232411106902837e-10
-1.461587696569925611e-09,-5.031214122626849337e-10
-1.297363896946423227e-09,-4.476156504359087352e-10
-1.144489062748347491e-09,-3.957860354607934742e-10
-1.002762656139706506e-09,-3.476554094479230037e-10
-8.719072067394564994e-10,-3.031501687541238930e-10
-7.515863831531320423e-10,-2.621670284042952272e-10
-6.414146432707892412e-10,-2.245841364252798139e-10
-5.409675588815519629e-10,-1.902654873858504603e-10
-4.497912297717873872e-10,-1.590642581618123544e-10
-3.674106546783790958e-10,-1.308257064555158700e-10
-2.933371106929119745e-10,-1.053897239251932424e-10
-2.270746117156891028e-10,-8.259307558270103047e-11
-1.681255168759122151e-10,-6.227134998067293712e-11
-1.159953578686334911e-10,-4.426064335788519837e-11
-7.019695155168143218e-11,-2.839899996503478597e-11
-3.025386133428325823e-11,-1.452762990727882175e-11
4.296732095355751244e-12,-2.491924860404585636e-12
3.390169334986593598e-11,7.857709024847429495e-12
5.905822409084665834e-11,1.665641369680612461e-11
8.013098009566625131e-11,2.408703954815023964e-11
9.750468325406726641e-11,3.025498404017804964e-11
1.115390121105805110e-10,3.527803064062824283e-11
1.225732418224661482e-10,3.927019887566156655e-11
1.309266315628671009e-10,4.233929789577494676e-11
1.368983687436555608e-10,4.458656107058917976e-11
1.407676340177171876e-10,4.610660422287798756e-11
1.427938329183806298e-10,4.698747714798250326e-11
1.432169764878639489e-10,4.731077179671672849e-11
1.420646676814905945e-10,4.710744629737153208e-11
1.397689253555209790e-10,4.648073678453958993e-11
1.365100478164958012e-10,4.551199334554681677e-11
1.324542510661397562e-10,4.426058817270626561e-11
1.277520510939497519e-10,4.277841114510019113e-11
1.225386189948573488e-10,4.111193037060067980e-11
1.169346568365218370e-10,3.930269657012510737e-11
1.110473322479034235e-10,3.738767570386280303e-11
1.049712106072438223e-10,3.539956078624651998e-11
9.878917175702617936e-11,3.336707713569760575e-11
9.257330445486776030e-11,3.131528070014486104e-11
8.638577340040916492e-11,2.926584786657358959e-11
8.027965473509067273e-11,2.723735530911736837e-11
7.429973677327125591e-11,2.524554869392053517e-11
6.848328351211032906e-11,2.330359936322335916e-11
6.286075917302632722e-11,2.142234832796734862e-11
5.745651259844798722e-11,1.961053711546162498e-11
5.228942091773725293e-11,1.787502521474345527e-11
4.737349228551774449e-11,1.622099401456389300e-11
4.271842800216979110e-11,1.465213727029698652e-11
3.833014451570355971e-11,1.317083824734249230e-11
3.421125627485346589e-11,1.177833381384221781e-11
3.036152045040976088e-11,1.047486580526682191e-11
2.677824491052087952e-11,9.259820082832023175e-12
2.345666084096099882e-11,8.131853742688882643e-12
2.039026163727963688e-11,7.089010989004332620e-12
1.757110970507920043e-11,6.128828208548938711e-12
1.499011289966680322e-11,5.248428813113508919e-12
1.263727237498018572e-11,4.444608424126353365e-12
1.050190359771161571e-11,3.713910987415230587e-12
8.572832312308020242e-12,3.052696402828028379e-12
6.838567194631429814e-12,2.457200247165724816e-12
5.287450923597303409e-12,1.923586168837308242e-12
3.907791322848051478e-12,1.447991501317980868e-12
2.687974207530980167e-12,1.026566644685457886e-12
1.616559490639245782e-12,6.555087355452170950e-13
6.823620331429603154e-13,3.310901045431913302e-13
-1.254813413755849984e-13,4.968199774203170763e-14
-8.174573131564842352e-13,-1.922259828431008189e-13
-1.403632756705555509e-12,-3.980102886755130649e-13
-1.893621449412143370e-12,-5.709012890713035441e-13
-2.296559695242237950e-12,-7.139742013003044335e-13
-2.621089803621135378e-12,-8.301427431077589823e-13
-2.875350489785652443e-12,-9.221551767829843996e-13
-3.066973275169244949e-12,-9.925924445533102232e-13
-3.203084076529488506e-12,-1.043868103718886690e-12
-3.290309245845125818e-12,-1.078229828052258535e-12
-3.334785350603781174e-12,-1.097762215365798155e-12
-3.342172097826643208e-12,-1.104390710787440389e-12
-3.317667812546277977e-12,-1.099886434706671893e-12
-3.266026978812536269e-12,-1.085871752094531067e-12
-3.191579396374767546e-12,-1.063826424353398285e-12
-3.098250514070478269e-12,-1.035094202519782367e-12
-2.989582632429210965e-12,-1.000889739382516499e-12
-2.868756613814748704e-12,-9.623057114050726907e-13
-2.738613852752802130e-12,-9.203200577267628541e-13
-2.601678258364885024e-12,-8.758032435234316947e-13
-2.460178044256491419e-12,-8.295254932518715971e-13
-2.316067146876420015e-12,-7.821639096920392914e-13
-2.171046153962421238e-12,-7.343094560552019116e-13
-2.026582572257077072e-12,-6.864737272141939049e-13
-1.883930387036149437e-12,-6.390955031669510446e-13
-1.744148812159848343e-12,-5.925470359045476669e-13
-1.608120162492804085e-12,-5.471400643551722080e-13
-1.476566840260070302e-12,-5.031315254954609615e-13
-1.350067370762413318e-12,-4.607289698241698643e-13
