1.200000011935215127e+01,-1.200000011512443621e+01
1.200000011969123292e+01,-1.200000011203398920e+01
1.200000011966311142e+01,-4.106073545450692919e+00
1.200000011986877979e+01,6.116984374343258146e+00
1.200000011961321178e+01,8.014792195365718186e+00
1.200000011958596602e+01,8.529396628442858841e+00
1.200000011955520840e+01,8.831842724416556933e+00
1.200000011952006673e+01,9.095114170642810691e+00
1.200000011947957468e+01,9.332124562339913609e+00
1.200000011943250833e+01,9.532296060491219691e+00
1.200000011937724409e+01,9.683297384130149510e+00
1.200000011931157395e+01,9.774539161540948484e+00
1.200000011923240706e+01,9.796605484974552525e+00
1.200000011913527587e+01,9.741224017483718356e+00
1.200000011964210778e+01,9.601251487085274761e+00
1.200000011885639850e+01,9.370581993652836061e+00
1.200000011864629101e+01,9.043692336860106096e+00
1.200000011835086511e+01,8.614219995823535925e+00
1.200000011790467624e+01,8.070735431917897884e+00
1.200000011715179937e+01,7.384775276844825598e+00
1.200000011560744717e+01,6.477321591429166858e+00
1.200000011659774835e+01,5.124762180301057235e+00
8.194484535964834393e+00,2.711315861483515111e+00
-1.200000009939239654e+01,-1.150871961286993761e+00
-1.200000011393571420e+01,-2.919489579891244802e+00
-1.200000011645936304e+01,-3.878545766163344677e+00
-1.200000011750891815e+01,-4.516001783625101851e+00
-1.200000011808422684e+01,-5.011997396168651697e+00
-1.200000011844802295e+01,-5.434104848825530354e+00
-1.200000011869935257e+01,-5.808494929910573035e+00
-1.200000011888382367e+01,-6.145800077816109486e+00
-1.200000011902535668e+01,-6.450474942217226726e+00
-1.200000011913769882e+01,-6.724206608729578427e+00
-1.200000011922931442e+01,-6.967225853793341805e+00
-1.200000011930569954e+01,-7.178904983649864846e+00
-1.200000011937058275e+01,-7.358125400262807148e+00
-1.200000011942658595e+01,-7.503571645478567476e+00
-1.200000011947560274e+01,-7.613992924610188950e+00
-1.200000011951904710e+01,-7.688434875539893909e+00
-1.200000011955799373e+01,-7.726432189147174334e+00
-1.200000011959327750e+01,-7.728152801035842678e+00
-1.200000011962556279e+01,-7.694486918522815522e+00
-1.200000011965538604e+01,-7.627079222423670757e+00
-1.200000011967208202e+01,-7.528306401941397219e+00
-1.200000011967480162e+01,-7.401208362095084148e+00
-1.200000011967635238e+01,-7.249382756716236997e+00
-1.200000011967677871e+01,-7.076854821731751066e+00
-1.200000011967610547e+01,-6.887933979525071138e+00
-1.200000011967433799e+01,-6.687068862257155466e+00
-1.200000011967146740e+01,-6.478708451980122796e+00
-1.200000011966746349e+01,-6.267176386650738174e+00
-1.200000011966228897e+01,-6.056562583442118175e+00
-1.200000011965588342e+01,-5.850634091602515241e+00
-1.200000011964817226e+01,-5.652766049086897837e+00
-1.200000011963906132e+01,-5.465892082116236672e+00
-1.200000011962843693e+01,-5.292472624901995992e+00
-1.200000011961616053e+01,-5.134479626146840836e+00
-1.200000011960206159e+01,-4.993395178061181383e+00
-1.200000011958594293e+01,-4.870221621806414269e+00
-1.200000011956756474e+01,-4.765500944948070305e+00
-1.200000011954663925e+01,-4.679341226769367701e+00
-1.200000011952282009e+01,-4.611448357324843705e+00
-1.200000011949569334e+01,-4.561160798725151011e+00
-1.200000011946474743e+01,-4.527487152143859106e+00
-1.200000011942936595e+01,-4.509144541017858110e+00
-1.200000011938878153e+01,-4.504598525095460104e+00
-1.200000011934204736e+01,-4.512103389459876546e+00
-1.200000011928796440e+01,-4.529743551254848732e+00
-1.200000011922501741e+01,-4.555475902070603489e+00
-1.200000011915125242e+01,-4.587173515710223803e+00
-1.200000011906411146e+01,-4.622670727816347025e+00
-1.200000011896019814e+01,-4.659809523138770615e+00
-1.200000011883489925e+01,-4.696487145789444817e+00
-1.200000011868181460e+01,-4.730704365999497618e+00
-1.200000011849180126e+01,-4.760613479991550712e+00
-1.200000011825137136e+01,-4.784565258894527773e+00
-1.200000011793980015e+01,-4.801153166150306184e+00
-1.200000011752358553e+01,-4.809253088920587338e+00
-1.200000011694492130e+01,-4.808052483531660037e+00
-1.200000011609500206e+01,-4.797041411905418329e+00
-1.200000011474227612e+01,-4.775797656019363124e+00
-1.200000011229264807e+01,-4.742508199052306139e+00
-1.200000010663176653e+01,-4.684522551290087655e+00
-1.200000008066978019e+01,-4.518614674810479848e+00
-9.906834669892720768e+00,-3.743512440897674765e+00
-5.527679081739675482e+00,-2.345860431906949373e+00
-1.704214264550057978e+00,-1.004560559166541189e+00
1.615128934590385423e+00,1.794845493082256882e-01
4.477274823481669053e+00,1.203038417923661729e+00
6.922698347154407017e+00,2.077073363921863702e+00
8.989530449359213193e+00,2.813327225275862986e+00
1.071497748996751120e+01,3.415523164524603139e+00
1.199999886582109632e+01,3.835755321663206541e+00
1.200000003081691879e+01,3.914459512244945039e+00
1.200000006732976665e+01,3.936273222926981674e+00
1.200000007944258940e+01,3.948611994478460563e+00
1.200000008477656621e+01,3.959001889848587918e+00
1.200000008707191235e+01,3.968747616709074943e+00
1.200000008750759228e+01,3.978170283061559509e+00
1.200000008643504401e+01,3.987414360985524375e+00
1.200000008376422045e+01,3.996570540897375956e+00
1.200000007895382659e+01,4.005691292902884726e+00
1.200000007064104501e+01,4.014772151307560044e+00
1.200000005528359459e+01,4.023605943949542407e+00
1.200000002099236873e+01,4.030810401957802824e+00
1.199999989077145202e+01,4.027429015021345649e+00
1.181666288537798337e+01,3.957675538771304069e+00
1.112437077327413526e+01,3.753237758418566994e+00
1.042682847210132380e+01,3.525743667365172307e+00
9.730640933793234026e+00,3.295138045941892191e+00
9.041370089556018286e+00,3.065998160272653372e+00
8.364314985000319780e+00,2.840475612499429481e+00
7.704014975798036069e+00,2.620149816720356295e+00
7.064239126805150093e+00,2.406306036851777463e+00
6.448047053795841421e+00,2.199993280394520134e+00
5.857856981182628431e+00,2.002050662002969439e+00
5.295511622426949394e+00,1.813128441868856688e+00
4.762340705932457396e+00,1.633707460811283374e+00
4.259219674206351947e+00,1.464117381306533128e+00
3.786624514193273061e+00,1.304553931080460361e+00
3.344682817184652546e+00,1.155095046064906539e+00
2.933220982086570672e+00,1.015715997986835983e+00
2.551807653057546421e+00,8.863034499127828703e-01
2.199793544911053722e+00,7.666684739433203832e-01
1.876347756311598447e+00,6.565585352788927409e-01
1.580490710063767956e+00,5.556684701889186284e-01
1.311123928090242474e+00,4.636504695998484027e-01
1.067056685273839012e+00,3.801231319409210663e-01
8.470298809845476784e-01,3.046795819001646421e-01
6.497371629346747612e-01,2.368947301193985444e-01
4.738436023088345994e-01,1.763317028373548312e-01
3.180019765640482166e-01,1.225475160733873609e-01
1.808669464794949167e-01,7.509800995391131828e-02
6.110721473986943653e-02,3.354212378951524492e-02
-4.258406412082724191e-02,-2.554451452350504827e-03
-1.314807174182663352e-01,-3.361618478286387823e-02
-2.068162879704173174e-01,-6.005515605006932212e-02
-2.697782658405986633e-01,-8.226895152654009613e-02
-3.215034795023123393e-01,-1.006390032917917898e-01
-3.630747424326248307e-01,-1.155292868193704414e-01
-3.955182033293285215e-01,-1.272854116623436116e-01
-4.198018929111943520e-01,-1.362339355151657161e-01
-4.368347139721804329e-01,-1.426820346494229175e-01
-4.474663333736664250e-01,-1.469173161493642910e-01
-4.524875123312057101e-01,-1.492078862641456061e-01
-4.526311469367607643e-01,-1.498026274983889905e-01
-4.485732196571715069e-01,-1.489314689191149621e-01
-4.409347715290826697e-01,-1.468059931047701883e-01
-4.302836385380168216e-01,-1.436199823427275757e-01
-4.171366261894041694e-01,-1.395501078766877012e-01
-4.019618250347903876e-01,-1.347566740292556187e-01
-3.851810410758629843e-01,-1.293844070463668894e-01
-3.671723428440522574e-01,-1.235632909098668408e-01
-3.482726376238361454e-01,-1.174094037596151996e-01
-3.287802699079281354e-01,-1.110257803680967936e-01
-3.089576338530183874e-01,-1.045032736002522722e-01
-2.890337121197728010e-01,-9.792139631591301185e-02
-2.692066416959309483e-01,-9.134918176174197657e-02
-2.496461409112136764e-01,-8.484598038056467839e-02
-2.304958945306869733e-01,-7.846226772000501615e-02
-2.118757542503398317e-01,-7.224037718364126337e-02
-1.938843723957944243e-01,-6.621538605496399277e-02
-1.766003863504426730e-01,-6.041551209322036653e-02
-1.600853113586936383e-01,-5.486308713584051727e-02
-1.443849321333852964e-01,-4.957502910129119728e-02
-1.295311490273188260e-01,-4.456346759612959951e-02
-1.155436110387638576e-01,-3.983629166223086326e-02
-1.024312339458369192e-01,-3.539766916589790618e-02
-9.019358448666509043e-02,-3.124851580657188668e-02
-7.882230632169207052e-02,-2.738697922169983784e-02
-6.830205624142657306e-02,-2.380875902043221026e-02
-5.861185301536951664e-02,-2.050756730812011361e-02
-4.972594667413737096e-02,-1.747542422148038940e-02
-4.161472675440207325e-02,-1.470297260213253125e-02
-3.424551292573378702e-02,-1.217974684457026786e-02
-2.758337574698293063e-02,-9.894459408666298264e-03
-2.159167326919370772e-02,-7.835173546798883046e-03
-1.623261051828064905e-02,-5.989512359596309982e-03
-1.146785294785203704e-02,-4.344863344112491130e-03
-7.258866287547077398e-03,-2.888496205227317291e-03
-3.567386352753117162e-03,-1.607727457609458123e-03
-3.556059124869100823e-04,-4.899871556180453560e-04
2.413389582251834579e-03,4.770368308662475661e-04
4.775535663942532053e-03,1.305336810984210165e-03
6.765527471482540856e-03,2.006537347294451521e-03
8.416650243081962024e-03,2.591813267142452793e-03
9.760711669855377803e-03,3.071855944127262553e-03
1.082794414853195837e-02,3.456845471379189644e-03
1.164693382668175077e-02,3.756428029580907626e-03
1.224460078192144211e-02,3.979696760213692792e-03
1.264615530814732283e-02,4.135191931153235981e-03
1.287512371350872653e-02,4.230888075430112166e-03
1.295335302285806345e-02,4.274208975755485786e-03
1.290105639874896543e-02,4.272024641963479905e-03
1.273684783082566774e-02,4.230676868393942747e-03
1.247778067754671052e-02,4.155985015405740980e-03
1.213943031759846282e-02,4.053273250389121361e-03
1.173592420449088430e-02,3.927378376080189158e-03
1.128004092734054796e-02,3.782685251006980866e-03
1.078326624272696148e-02,3.623141236160079635e-03
1.025586895720000113e-02,3.452282812505837444e-03
9.706974435135535401e-03,3.273259852950430489e-03
9.144640907714232658e-03,3.088860754778713618e-03
8.575926216955485903e-03,2.901534855060322344e-03
8.006969989765994056e-03,2.713419322125126820e-03
7.443061850021511459e-03,2.526361742734471554e-03
6.888710145489600548e-03,2.341943302052547013e-03
6.347706881927346091e-03,2.161500790656980218e-03
5.823197946896179963e-03,1.986149390572885653e-03
5.317737335169241651e-03,1.816801756788895056e-03
4.833353054067351592e-03,1.654189863044545038e-03
4.371588501844920691e-03,1.498879261884103215e-03
3.933568761933485189e-03,1.351290855043357948e-03
3.520045177786985512e-03,1.211716337519366891e-03
3.131434415110436690e-03,1.080332243591251590e-03
2.767864872272133084e-03,9.572141504699405038e-04
2.429216746960572056e-03,8.423511188347029008e-04
2.115156052953994902e-03,7.356577536406971787e-04
1.825172372246625790e-03,6.369851996173047422e-04
1.558600062818515193e-03,5.461312612092195573e-04
1.314650232612480383e-03,4.628493511667296873e-04
1.092433970152784572e-03,3.868570909988381843e-04
8.909849529161878445e-04,3.178441659297944421e-04
7.092930715209930671e-04,2.554828159136791400e-04
5.462868187437896648e-04,1.994235620272441934e-04
4.008732168039128171e-04,1.493075456116836261e-04
2.719578901319635519e-04,1.047744973583223565e-04
1.584379493500467505e-04,6.545982909773772804e-05
5.922397057492087406e-05,3.100159006537463044e-05
-2.675582063318637468e-05,1.043415322899800698e-06
-1.005455114592381552e-04,-2.476315510273072802e-05
-1.631567166355327029e-04,-4.675639943287410980e-05
-2.155639687924054790e-04,-6.526281169869638851e-05
-2.587005031065052951e-04,-8.059582670882709714e-05
-2.934555769708961106e-04,-9.305460953434199311e-05
-3.206721431812161057e-04,-1.029232392456261351e-04
-3.411459666956872042e-04,-1.104703527873150584e-04
-3.556243918190292301e-04,-1.159486489505555872e-04
-3.648064287558212284e-04,-1.195948736821134117e-04
-3.693430435878294221e-04,-1.216298349893982727e-04
-3.698375428596725550e-04,-1.222585399874138675e-04
-3.668468121332936569e-04,-1.216705043644787085e-04
-3.608826315991058931e-04,-1.200401291705766287e-04
-3.524130141577006621e-04,-1.175272539180791505e-04
-3.418639702814980810e-04,-1.142776310071230760e-04
-3.296218021253519192e-04,-1.104236572158993337e-04
-3.160347908499665996e-04,-1.060848489814255214e-04
-3.014152237887825626e-04,-1.013686151225131834e-04
-2.860415678687386939e-04,-9.637093608851963317e-05
-2.701605795331769020e-04,-9.117706926893750770e-05
-2.539894349704575850e-04,-8.586224369560082074e-05
-2.377178467021681500e-04,-8.049235596253372863e-05
-2.215101100403758306e-04,-7.512466579851989428e-05
-2.055070839528628731e-04,-6.980844869391201492e-05
-1.898284153006240898e-04,-6.458574624058747733e-05
-1.745764891203941608e-04,-5.949255046782256834e-05
-1.598301146034370303e-04,-5.455728176402372683e-05
-1.456554033688777015e-04,-4.980350875786839133e-05
-1.321036917678433177e-04,-4.524985126437007000e-05
-1.192138490401011903e-04,-4.091062891953245982e-05
-1.070135572789908304e-04,-3.679630843665312177e-05
-9.551849226551333471e-05,-3.291329862997051896e-05
-8.473757626257444125e-05,-2.926549916853630733e-05
-7.467128534974295671e-05,-2.585398784087873577e-05
-6.531327400363400764e-05,-2.267744459450887252e-05
-5.665148795756299726e-05,-1.973251762816865396e-05
-4.865676706835923951e-05,-1.701005179073548953e-05
-4.132496508482905455e-05,-1.450890851030133268e-05
-3.463282328748659516e-05,-1.222208339429726362e-05
-2.855284066755912884e-05,-1.014082326034855200e-05
-2.305617115621515101e-05,-8.255783581282760198e-06
-1.811577662532505616e-05,-6.558337660965910829e-06
-1.369460912848992492e-05,-5.036019040931532290e-06
-9.764713848384671670e-06,-3.679953309001651138e-06
-6.293402198071024870e-06,-2.479161665561135271e-06
-3.251602015787125407e-06,-1.424977169815528185e-06
-6.038078806930936468e-07,-5.041436874570969300e-07
1.680610767324049224e-06,2.930917005608638308e-07
3.631217619032479610e-06,9.765576023764936919e-07
5.276541212500903311e-06,1.555777611631832357e-06
6.643921185581341703e-06,2.039938555684823955e-06
7.759439667846182301e-06,2.437810619375333281e-06
8.647868400638960540e-06,2.757734835000108130e-06
9.332617073139571346e-06,3.007608732004722767e-06
9.835715403049007406e-06,3.194875602089122596e-06
1.017780102634230497e-05,3.326520104775244276e-06
1.037812664420282149e-05,3.409068188373511789e-06
1.045457174394988511e-05,3.448590492404933130e-06
1.042367270451686535e-05,3.450710130407699360e-06
1.030065857631963126e-05,3.420613734723283520e-06
1.009948681505266825e-05,3.363063677363348220e-06
9.832899884579791001e-06,3.282413410781582133e-06
9.512462631382980497e-06,3.182623024467213538e-06
9.148702061222116526e-06,3.067295859101576360e-06
8.751042004805146380e-06,2.939673770419836462e-06
8.327879184835695631e-06,2.802651989255365275e-06
7.881467031780954420e-06,2.657433563275689373e-06
7.425040676978438056e-06,2.507699280083528961e-06
6.964160192828455583e-06,2.355788107794639422e-06
6.503683272524929583e-06,2.203448190020252187e-06
6.047790634604027291e-06,2.052147621346622044e-06
5.600037618262045357e-06,1.903134380880131212e-06
5.163404628591434653e-06,1.757459459139438893e-06
4.740350545574536550e-06,1.615995195145899842e-06
4.332862016326464195e-06,1.479451998606824486e-06
3.942506246686725131e-06,1.348395908656666167e-06
3.570470816471384811e-06,1.223262516403924791e-06
3.217599473298655354e-06,1.104369180035345386e-06
2.884501395171289708e-06,9.919518192177128976e-07
2.571526167497446797e-06,8.861515209679644620e-07
2.278738549083073457e-06,7.870195081065175474e-07
2.006008351596932760e-06,6.945355397962299640e-07
1.753038368955638283e-06,6.086204605166716558e-07
1.519391067248651929e-06,5.291455846164642448e-07
1.304511484692407833e-06,4.559407653334371806e-07
1.107749009436730831e-06,3.888017353953035345e-07
9.283779935826325436e-07,3.274970992375349841e-07
7.656133296489468714e-07,2.717739566974916707e-07
6.186734402626346406e-07,2.213775962436893696e-07
4.866418551965922453e-07,1.760112357590629169e-07
3.686063080148481345e-07,1.353747299561265847e-07
2.637363400195287309e-07,9.919096452008907532e-08
1.711523262534179783e-07,6.717039917382839599e-08
8.998447284486556054e-08,3.902451080312859885e-08
1.937950321676954435e-08,1.446921503069911712e-08
-4.149287548524898548e-08,-6.772607464819489361e-09
-9.343718144740353029e-08,-2.497006701813637443e-08
-1.372270406678148060e-07,-4.038248086365329345e-08
-1.736026114644273853e-07,-5.325842269345203853e-08
-2.032686590494662997e-07,-6.383505583948944705e-08
-2.268932015110788554e-07,-7.233746944127374027e-08
-2.451062892256154716e-07,-7.897834666066402538e-08
-2.584992088348997074e-07,-8.395767826826234861e-08
-2.676250151266345928e-07,-8.746273850973509336e-08
-2.729983002464046870e-07,-8.966805698120516040e-08
-2.750961513270810668e-07,-9.073571331901320523e-08
-2.743593617099904688e-07,-9.081564059307144119e-08
-2.711924519125572775e-07,-9.004572267529689329e-08
-2.659656921851974361e-07,-8.855233841332570739e-08
-2.590162486222525262e-07,-8.645076135197150910e-08
-2.506509970180715022e-07,-8.384597470746196195e-08
-2.411451361519633720e-07,-8.083251488245586894e-08
-2.307469529658195039e-07,-7.749565895365192055e-08
-2.196773096479259928e-07,-7.391152590705305784e-08
-2.081332340457337740e-07,-7.014801139362600515e-08
-1.962874919565194172e-07,-6.626501984874912291e-08
-1.842920959018665985e-07,-6.231517808628407954e-08
-1.722785549141202600e-07,-5.834430118123908669e-08
-1.603608681911910196e-07,-5.439216024214241340e-08
-1.486350645252721838e-07,-5.049247112107285232e-08
-1.371826201638018150e-07,-4.667391315768447433e-08
-1.260709246821235006e-07,-4.296033353672662826e-08
-1.153553207151786361e-07,-3.937144781587664274e-08
-1.050781994134982876e-07,-3.592270126895143412e-08
-9.513959814863379579e-08,-3.258678874858659374e-08
-8.585576425435998606e-08,-2.945340146378598617e-08
-7.708210464239168809e-08,-2.649273989693059665e-08
-6.873065830160834063e-08,-2.367381920406736556e-08
-6.093114195648561833e-08,-2.103263315506052737e-08
-5.367695462589787379e-08,-1.857197203826019382e-08
-4.695733387168596540e-08,-1.628924424906111071e-08
-4.075852794378438501e-08,-1.418031411713571752e-08
-3.506411142805467217e-08,-1.224007321340167680e-08
-2.985454856978840937e-08,-1.046238529711460547e-08
-2.510924328872334434e-08,-8.840571288356081479e-09
-2.080585601892720755e-08,-7.367439035886820634e-09
-1.692162039015990809e-08,-6.035507096515194250e-09
-1.343271388019071678e-08,-4.836993380559631137e-09
-1.031526380560636857e-08,-3.764051403026544338e-09
-7.545331749976621993e-09,-2.808738969317232016e-09
-5.098700491558685889e-09,-1.963061072964290700e-09
-2.953104066773372953e-09,-1.219492302774374531e-09
-1.084525328505036745e-09,-5.702207825018912894e-10
5.285154785965750539e-10,-7.900543260641193941e-12
1.907931467281351989e-09,4.747021561928055161e-10
3.073912965913041196e-09,8.844254543225610338e-10
4.045832032237504555e-09,1.227772445717801098e-09
4.842324804272479436e-09,1.511007789947280280e-09
5.481092413560156327e-09,1.740084505281391502e-09
5.978537150360424758e-09,1.920565816297925570e-09
6.350266247394057929e-09,2.057714876153119784e-09
6.610784063464174593e-09,2.156446446202992874e-09
6.773001652576671112e-09,2.221202855858772441e-09
6.849885340926555748e-09,2.256303306706954913e-09
6.852564654554173139e-09,2.265565713153905447e-09
6.791831285663953830e-09,2.252668306958867952e-09
6.676525266667981375e-09,2.220697136957408924e-09
6.516329933514648107e-09,2.172809453390984215e-09
6.318674720796850788e-09,2.111690951721354239e-09
6.090903450958027755e-09,2.039776931634409975e-09
5.839150201187623019e-09,1.959233725494407935e-09
5.569244473551115269e-09,1.872039006439902340e-09
5.286203882082026962e-09,1.779927456027975201e-09
4.994926635080285571e-09,1.684548609495624089e-09
4.698548146090352654e-09,1.587108612364981464e-09
4.401520489094488513e-09,1.488990344275123256e-09
4.105263558771424706e-09,1.390902383969934731e-09
3.813582184163295738e-09,1.293964890060814333e-09
3.527997228963719382e-09,1.198820467008677532e-09
3.250660062114760731e-09,1.106196926059940156e-09
2.982302699251119024e-09,1.016432891921770132e-09
2.724763480161521284e-09,9.300666953617589994e-10
2.478613187107618985e-09,8.473660713537500483e-10
2.244764161852703351e-09,7.686615624393224687e-10
2.023209132245680941e-09,6.940013395941405809e-10
1.814451631902957224e-09,6.235261502654232640e-10
1.618668546448611821e-09,5.573328801644493845e-10
1.435729602762737379e-09,4.953787100651405165e-10
1.265375026667069505e-09,4.376217259062767769e-10
1.107755760578514033e-09,3.840715606566606579e-10
9.620678447640607753e-10,3.345413435997427234e-10
8.284837335380668436e-10,2.890030398806310465e-10
7.060621660213646397e-10,2.472610740706575294e-10
5.945743975369607469e-10,2.091590159195207342e-10
4.933056249519049033e-10,1.745206137275129941e-10
4.019244481984459818e-10,1.431862273419973833e-10
3.198870310773471954e-10,1.150045734885853443e-10
2.464102156088214810e-10,8.974778157768849532e-11
1.814368392460670649e-10,6.730172775566148922e-11
1.235461609631165105e-10,4.734383463988558775e-11
7.308911940328367957e-11,2.983246738554149492e-11
2.914490215747492420e-11,1.457408030203038368e-11
-9.077292569136959429e-12,1.268046655750382226e-12
-4.177952160667670322e-11,-1.015909089215458670e-11
-6.934878502859713439e-11,-1.985138181828294771e-11
-9.220238382521073491e-11,-2.794185401608982939e-11
-1.112862024519266793e-10,-3.467909343680588942e-11
-1.264535296356973239e-10,-4.012531383347928607e-11
-1.382211127552798871e-10,-4.442014901205583647e-11
-1.471936683500302218e-10,-4.770230359999499094e-11
-1.534023931390848752e-10,-5.004848067294563273e-11
-1.574215903552224885e-10,-5.162647769158299080e-11
-1.593167759678201399e-10,-5.250011628637677368e-11
-1.593147843526440387e-10,-5.272802803615951618e-11
-1.581141852733975029e-10,-5.245385421068589952e-11
-1.556792369387316025e-10,-5.179101827750360772e-11
-1.517003195786075266e-10,-5.062853375015528286e-11
-1.473467174386942284e-10,-4.926519135955177078e-11
-1.420034751649761295e-10,-4.758911344191607791e-11
-1.361583894812695443e-10,-4.570910371546447042e-11
-1.299603441992229361e-10,-4.370838774844038168e-11
-1.233969544244491661e-10,-4.157366264200933623e-11
-1.164502655935443148e-10,-3.931406490414318795e-11
-1.095775507509590652e-10,-3.704998857261671304e-11
-1.027211197285171601e-10,-3.475646859069332795e-11
-9.561134211726087074e-11,-3.244294353909438085e-11
-8.896093381641011149e-11,-3.018717000239805082e-11
-8.241896020633447052e-11,-2.802492445616393490e-11
-7.581482868283267422e-11,-2.583007969762605986e-11
-6.974932218101702684e-11,-2.379031030069558862e-11
-6.366936822231991981e-11,-2.176226772013384572e-11
-5.783123591264560270e-11,-1.980307118493882570e-11
-5.233447471772563067e-11,-1.794611656193868395e-11
-4.716265265124019567e-11,-1.620723624542050899e-11
-4.224354597673321820e-11,-1.455856127913662366e-11
-3.768311879954897654e-11,-1.300759641049326022e-11
-3.350285626500987716e-11,-1.156990702461666542e-11
-2.924642950171616665e-11,-1.017014953631775047e-11
-2.560348603050321254e-11,-8.911248355835586229e-12
-2.216055916878971998e-11,-7.738288629835094189e-12
-1.907993637756371697e-11,-6.684814058582020649e-12
-1.626491039191855673e-11,-5.719325677468663138e-12
-1.368450474461549609e-11,-4.844159529631480335e-12
-1.140694250404805884e-11,-4.048541437232227798e-12
-9.220725312475206948e-12,-3.324041042002418223e-12
-7.273075658655499444e-12,-2.648553873293704791e-12
-5.500930918807321024e-12,-2.051218407479444347e-12
-3.954518138854947018e-12,-1.508212990860548466e-12
-2.495788795852964658e-12,-1.016423550757583597e-12
-1.190479669049531877e-12,-5.625060255619285901e-13
-4.851020070874993372e-13,-2.772752731625836696e-13
5.069296029641412548e-13,3.494840500298989835e-14
1.260297434035774993e-12,2.983371679348491506e-13
1.862458191926046241e-12,5.108659213888541721e-13
2.611380914496414391e-12,7.563881507066166285e-13
3.051965895491328909e-12,9.314864146903415981e-13
3.446511063941164541e-12,1.066474256443922591e-12
3.763807308513855763e-12,1.175323438672538464e-12
3.853474616104907610e-12,1.231943879175722353e-12
4.117516231165873201e-12,1.315398090077162721e-12
4.242126378587784580e-12,1.360936095843684423e-12
4.202598315647357729e-12,1.362901138367818919e-12
4.257895526567207674e-12,1.376506890796905621e-12
4.274179989392889602e-12,1.385393600805529599e-12
4.029484272940484212e-12,1.339089029921393394e-12
4.031831142301430094e-12,1.310807460702399098e-12
3.820514437065859811e-12,1.255752442429763169e-12
3.805278735904168060e-12,1.239172646659596265e-12
3.732310477841758546e-12,1.222304393365396623e-12
3.640496132152967881e-12,1.188635912651102164e-12
3.357081906684049455e-12,1.120427300567663358e-12
3.195007061293296215e-12,1.056115282061071845e-12
3.008455917450881903e-12,9.934773529851964905e-13
2.844386020243045742e-12,9.340457500690183001e-13
2.590207847904484227e-12,8.604785234111400709e-13
2.758108441613094360e-12,8.839907938319837834e-13
2.565561027367883275e-12,8.327390062970100270e-13
2.161139654508609339e-12,7.282938314348658903e-13
2.158165019026960541e-12,7.053813967832344165e-13
1.911966048733657692e-12,6.258087562516604450e-13
