3.241592653589793205e+00,0.000000000000000000e+00,-1.000000000000000056e-01,0.000000000000000000e+00
3.250196794131551048e+00,8.599398502879757045e-01,-1.234483677276432823e-01,-2.343646035641985037e+00
3.275925732266391943e+00,1.709355639092210444e+00,-1.935798623637579041e-01,-4.660144814618129239e+00
3.314782205436921370e+00,2.171358778421522473e+00,-2.983293805630898299e-01,-5.801734911038752607e+00
3.358229796331388517e+00,2.175661583056867077e+00,-4.116642644011719310e-01,-5.536960977656659288e+00
3.401168793227679288e+00,2.122844612511961326e+00,-5.177133952559839214e-01,-5.078585437104710110e+00
3.443142299983457555e+00,2.079545469361041565e+00,-6.146333248589778142e-01,-4.624526450209700990e+00
3.484442915464910584e+00,2.055388180939742515e+00,-7.027831258045065255e-01,-4.200575866236867739e+00
3.525459126030344947e+00,2.050725915590718706e+00,-7.827559823705307895e-01,-3.805368754768962081e+00
3.566570145061993991e+00,2.064408972083483729e+00,-8.550775132974071102e-01,-3.433854520057449733e+00
3.608129750102908151e+00,2.095093830477741115e+00,-9.201729598418648681e-01,-3.081177791058319571e+00
3.650464896843316431e+00,2.141460740967724430e+00,-9.783780283319732929e-01,-2.743290710530450927e+00
3.693876350517207641e+00,2.202215683282756409e+00,-1.029955247556493481e+00,-2.416937920591672562e+00
3.738639066585839554e+00,2.276071003103183887e+00,-1.075109356718891407e+00,-2.099593838011267533e+00
3.785002055925529518e+00,2.361717627772346617e+00,-1.114001023786777678e+00,-1.789369138310936913e+00
3.833187734497875088e+00,2.457803121829191362e+00,-1.146758663241119747e+00,-1.484918303195543965e+00
3.883390961996556090e+00,2.562923855707108345e+00,-1.173488580529539860e+00,-1.185367931792205898e+00
3.935778163896359594e+00,2.675641603471572871e+00,-1.194284199607261288e+00,-8.902972247226921265e-01
3.990487237603147275e+00,2.794545940588183175e+00,-1.209236121209654957e+00,-5.998411975185118372e-01
4.047629759251437420e+00,2.918424061944704828e+00,-1.218447482067710474e+00,-3.151187930035449503e-01
4.107299353735545999e+00,3.046712891184128580e+00,-1.222066723588477233e+00,-3.954775702882238481e-02
4.169596757542143095e+00,3.180734176556437642e+00,-1.220371287405811467e+00,2.173697422015244407e-01
4.234701278033808691e+00,3.327150590898637628e+00,-1.213996531350492569e+00,4.292903679726050581e-01
4.302518324677891748e+00,3.452220521929268759e+00,-1.203823600923314086e+00,5.966434915586602550e-01
4.370567165810003374e+00,3.351234029676759096e+00,-1.188617876460028366e+00,9.266221535289507205e-01
4.436885438207655241e+00,3.279709882474906024e+00,-1.167951066368508872e+00,1.142774993863306054e+00
4.501926339201081539e+00,3.223718627897961930e+00,-1.143512654243355575e+00,1.303839160200157332e+00
4.565946732842212086e+00,3.177739579201554143e+00,-1.116168960859268200e+00,1.433374746543615963e+00
4.629122988126106009e+00,3.139326868773944401e+00,-1.086446623638096076e+00,1.541754659719322351e+00
4.691593732211867263e+00,3.107188119920155867e+00,-1.054716321017965974e+00,1.634181250661472795e+00
4.753476130126973231e+00,3.080486238642629271e+00,-1.021266685290231679e+00,1.713645512612419042e+00
4.814872532302981512e+00,3.058585904206994499e+00,-9.863374113121419207e-01,1.782043476728117692e+00
4.875873612104353327e+00,3.040960605137930983e+00,-9.501367067696649960e-01,1.840623112472458134e+00
4.936560188188938270e+00,3.027155519862561484e+00,-9.128522072831545264e-01,1.890190326534509024e+00
4.997004475561567460e+00,3.016767947000342343e+00,-8.746586337661776955e-01,1.931229001995563355e+00
5.057270985420137421e+00,3.009431758080773012e+00,-8.357233660389643548e-01,1.963989721380023257e+00
5.117417111551440634e+00,3.004801670858991081e+00,-7.962103760522071250e-01,1.988565362207583842e+00
5.177493395056049330e+00,3.002536662277752288e+00,-7.562827340016489153e-01,2.004958712322130854e+00
5.237543454231823326e+00,3.002283172321032367e+00,-7.161038375147306123e-01,2.013142777902199310e+00
5.297603586567550593e+00,3.003659227624783767e+00,-6.758375144866063389e-01,2.013112895449441719e+00
5.357702073651159580e+00,3.006240735715297596e+00,-6.356471773005889503e-01,2.004929575018034260e+00
5.417858241844952794e+00,3.009551081284687069e+00,-5.956942151689057496e-01,1.988751051513188539e+00
5.478081353736156345e+00,3.013054955698534876e+00,-5.561358358443316829e-01,1.964854965228808314e+00
5.538369421679533389e+00,3.016157045837053019e+00,-5.171225790028551872e-01,1.933648956221603266e+00
5.598708041527269863e+00,3.018205765028921128e+00,-4.787957114192742392e-01,1.895670719773833390e+00
5.659069346355692254e+00,3.018501895646402478e+00,-4.412847057972064668e-01,1.851578384363827379e+00
5.719411173459000963e+00,3.016311583918108941e+00,-4.047049856955550196e-01,1.802132659409940940e+00
5.779676524978031971e+00,3.010882859972022985e+00,-3.691560867972377702e-01,1.748172480887887126e+00
5.839793381462206057e+00,3.001464546046307635e+00,-3.347203424113383563e-01,1.690586299860436403e+00
5.899674905654337387e+00,2.987326379848065816e+00,-3.014621646191750770e-01,1.630280978336836384e+00
5.959220049621077209e+00,2.967779065911443137e+00,-2.694279527915903194e-01,1.568150459350439174e+00
6.018314551921962519e+00,2.942193076556516296e+00,-2.386466139650892382e-01,1.505046083815125613e+00
6.076832290314877483e+00,2.910015188532014907e+00,-2.091306493066708849e-01,1.441750117972926626e+00
6.134636937692730108e+00,2.870781930500017953e+00,-1.808777342798167098e-01,1.378953781380292121e+00
6.191583852303506497e+00,2.824129415772869578e+00,-1.538726861615480890e-01,1.317240547882752466e+00
6.247522129101402477e+00,2.769799282192329404e+00,-1.280897218252000369e-01,1.257075145904509972e+00
6.302296732444202298e+00,2.707640726794792840e+00,-1.034948828044734565e-01,1.198798290922854060e+00
6.355750633975952191e+00,2.637608878367740495e+00,-8.004851348359379171e-02,1.142626767168106072e+00
6.407726886592131521e+00,2.559759917679210961e+00,-5.770769670685810954e-02,1.088658272816662498e+00
6.458070574225288851e+00,2.474243483003567778e+00,-3.642855522835441312e-02,1.036880270848761665e+00
6.506630589062234016e+00,2.381292979701449042e+00,-1.616834745279781618e-02,9.871819781897029911e-01
6.553261199379592838e+00,2.281214433570554867e+00,3.112701538467186040e-03,9.393686239032801311e-01
6.597823387055338884e+00,2.174374528763122871e+00,2.144986237663241632e-02,8.931770781727168540e-01
6.640185941033554862e+00,2.061188368049684971e+00,3.887268980095776039e-02,8.482922135581694167e-01
6.680226310085108921e+00,1.942107486766802893e+00,5.540413087787193769e-02,8.043632273101719576e-01
6.717831219315677060e+00,1.817608501529629939e+00,7.105996444612944218e-02,7.610195196032070175e-01
6.752897070846056060e+00,1.688182732084017257e+00,8.584854194243803083e-02,7.178856199014692629e-01
6.785330147351948504e+00,1.554327012380398942e+00,9.977081791552319667e-02,6.745949147227058296e-01
6.815046645692473426e+00,1.416535847684241567e+00,1.128206412009216675e-01,6.308018982001127872e-01
6.841972567379461800e+00,1.275294981648522619e+00,1.249852742693971647e-01,5.861928280400197089e-01
6.866043494388935464e+00,1.131076391588678787e+00,1.362461102503194632e-01,5.404946494701337034e-01
6.887204279582650912e+00,9.843346635020643332e-01,1.465795483944914157e-01,4.934821369389605361e-01
6.905408677194004419e+00,8.355046623613593404e-01,1.559579964759243986e-01,4.449832316245471708e-01
6.920618938461685410e+00,6.850003823428498784e-01,1.643509611419742833e-01,3.948825776160507228e-01
6.932805395477727117e+00,5.332148456677285875e-01,1.717261913003139684e-01,3.431232571007821197e-01
6.941946050875422713e+00,3.805208940862444544e-01,1.780508402217956254e-01,2.897068161595311442e-01
6.948026192354637587e+00,2.272727198321906616e-01,1.832926105112034354e-01,2.346916206765978230e-01
6.951038042450582211e+00,7.380797077160076991e-02,1.874208528743228075e-01,1.781897026356915048e-01
6.950980454591668689e+00,-7.954973172906029677e-02,1.904075892945458759e-01,1.203622738204516845e-01
6.947858661210566389e+00,-2.324882465724085190e-01,1.922284416272185270e-01,6.141479679164970479e-02
6.941684053108692964e+00,-3.847058780461841132e-01,1.928635068990795509e-01,1.596124580705455924e-03
6.932473876066498342e+00,-5.359209689450573633e-01,1.922985331773676421e-01,-5.877056266035467214e-02
6.920250056392736937e+00,-6.859495770380369395e-01,1.905287858131645695e-01,-1.190495849916773652e-01
6.905032140810802410e+00,-8.352158034726354652e-01,1.875808993675525671e-01,-1.767342632012090797e-01
6.886792637503715397e+00,-9.880019109631614782e-01,1.836495695321367361e-01,-2.175273410675538643e-01
6.865646253400995214e+00,-1.125826287058038000e+00,1.789619242154317502e-01,-2.524159468007957097e-01
6.842111397933257066e+00,-1.226823665224825666e+00,1.734612658717792355e-01,-2.987340704457476792e-01
6.816829258327267382e+00,-1.300566752401247861e+00,1.671020159908825353e-01,-3.381146846340062906e-01
6.790305395149250245e+00,-1.351024182446452171e+00,1.600433937532516615e-01,-3.684938711581320914e-01
6.762977031640172498e+00,-1.381051775592641473e+00,1.524603281191155013e-01,-3.903866864386462132e-01
6.735227839873412670e+00,-1.393143599020364221e+00,1.445137048575514949e-01,-4.046948527683392194e-01
6.707394580024172548e+00,-1.389493807803747982e+00,1.363441530398261381e-01,-4.125487916772583308e-01
6.679776768263113951e+00,-1.371631321967933470e+00,1.280562107110130854e-01,-4.164284347759397709e-01
6.652643933060727655e+00,-1.341025346749675107e+00,1.196811891482045531e-01,-4.211750910651401170e-01
6.626123709640641124e+00,-1.310389933496420189e+00,1.113181503533535732e-01,-4.151935963295463883e-01
6.600242177277116262e+00,-1.277168896118312968e+00,1.031023265874826678e-01,-4.064382408494930377e-01
6.575054719710743178e+00,-1.240994618791626092e+00,9.507646134605593491e-02,-3.961895429005870550e-01
6.550620565276513041e+00,-1.201851492265927801e+00,8.726805229651433959e-02,-3.846889396599953437e-01
6.526998597435142102e+00,-1.159789637278592078e+00,7.970137663719965848e-02,-3.720161562873284256e-01
6.504246489998144476e+00,-1.114880361598784120e+00,7.239937024481515881e-02,-3.582248898825312056e-01
6.482420351845732398e+00,-1.067208914045228330e+00,6.538393798628081011e-02,-3.433638711326347792e-01
6.461574464586137267e+00,-1.016872891031682657e+00,5.867601756390256051e-02,-3.274803828008518436e-01
6.441761045438282984e+00,-9.639812798611030464e-01,5.229559538320577988e-02,-3.106215966349338831e-01
6.423030038510683326e+00,-9.086525215488838736e-01,4.626166739282240592e-02,-2.928387353318047670e-01
6.405429014665347864e+00,-8.510055975222707847e-01,4.059190509729698748e-02,-2.742123791367491181e-01
6.389003708507132728e+00,-7.911052897475167045e-01,3.530041656404777489e-02,-2.550175312965031194e-01
6.373802661777304479e+00,-7.286066914522374427e-01,3.038301395492117377e-02,-2.368067133274040503e-01
6.359866498711620686e+00,-6.646466443812940605e-01,2.581083429678707533e-02,-2.204932258972323034e-01
6.347172425620778213e+00,-6.044272222498664471e-01,2.159223387458755750e-02,-2.014470751911407176e-01
6.335653605295067159e+00,-5.471491782264024106e-01,1.775118515930792368e-02,-1.827379387277235645e-01
6.325251326128637608e+00,-4.928002497473977228e-01,1.427586583004857024e-02,-1.648724730947785100e-01
6.315906245433233757e+00,-4.414557386104666636e-01,1.114838581557142314e-02,-1.479507360556436557e-01
6.307557731827730052e+00,-3.931690212607783508e-01,8.349541414250954974e-03,-1.320043945524214390e-01
6.300144415301708989e+00,-3.479603938191788703e-01,5.859695098321618043e-03,-1.170455426212255595e-01
6.293604825474717224e+00,-3.058194656358563246e-01,3.659085216170536187e-03,-1.030748264511180678e-01
6.287877965996946372e+00,-2.667091623230069541e-01,1.728030845278348158e-03,-9.008378605010047835e-02
6.282903808117700883e+00,-2.305696632386301514e-01,4.709943758185882015e-05,-7.805628612768747421e-02
6.278623710689189785e+00,-1.973220670025404855e-01,-1.402752631230086595e-03,-6.696971541646719317e-02
6.274980767281025607e+00,-1.668717375632758626e-01,-2.640061280604259417e-03,-5.679605952064497448e-02
6.271920091502934724e+00,-1.391113452080975921e-01,-3.682757080808050400e-03,-4.750287897515718255e-02
6.269389043227682201e+00,-1.139236144885860669e-01,-4.548085715063873886e-03,-3.905418570250276250e-02
6.267337403269412022e+00,-9.118378599217710767e-02,-5.252545308412800464e-03,-3.141124034264842352e-02
6.265717501027650904e+00,-7.076180703684249729e-02,-5.811838664596724602e-03,-2.453326749783750482e-02
6.264484301159209068e+00,-5.252427090436716933e-02,-6.240839122593115976e-03,-1.837809464874773716e-02
6.263595453625403486e+00,-3.633611806464454724e-02,-6.553568376513920803e-03,-1.290271990418734131e-02
6.263011312328521818e+00,-2.206211698843688063e-02,-6.763185082699474555e-03,-8.063813106066441624e-03
6.262694925079528296e+00,-9.568140497021078092e-03,-6.881982473151658508e-03,-3.818152728283940537e-03
6.262612001196130151e+00,1.277748018852898834e-03,-6.921394580064762700e-03,-1.230080482536552206e-04
6.262730858101249076e+00,1.060437725426088482e-02,-6.892009231674588524e-03,3.063538823407338171e-03
6.263022352231702783e+00,1.853670840904808256e-02,-6.803587198580085364e-03,5.782318833800394881e-03
6.263459794884949972e+00,2.519521708367142288e-02,-6.665085874908461064e-03,8.072849710124193820e-03
6.264018857786829209e+00,3.069540484833788857e-02,-6.484687566683779159e-03,9.973149561216773304e-03
6.264677470026572159e+00,3.514742149853716108e-02,-6.269830938358632658e-03,1.151959375162489065e-02
6.265415708027043173e+00,3.865579268881787212e-02,-6.027244939252646323e-03,1.274680314789612343e-02
6.266215680883457928e+00,4.131923348777302718e-02,-5.762984521211871047e-03,1.368756689548586945e-02
6.267061413783883594e+00,4.323054914029762080e-02,-5.482468078893044765e-03,1.437278731957005069e-02
6.267938728840503515e+00,4.447659505173025968e-02,-5.190515159516509956e-03,1.483145867809595488e-02
6.268835126532420254e+00,4.513830331983663402e-02,-4.891384769041958944e-03,1.509065933942549398e-02
6.269739667377432824e+00,4.529075767141770015e-02,-4.588813308734215023e-03,1.517556689410879886e-02
6.270642857907516188e+00,4.500331527678749083e-02,-4.286052967613250206e-03,1.510948393699505093e-02
6.271536534866871904e+00,4.433975888866122789e-02,-3.985907702785547978e-03,1.491388778874091874e-02
6.272413759235771380e+00,4.335848371279896196e-02,-3.690770585533415058e-03,1.460847811021401960e-02
6.273268707051220971e+00,4.211270536168043588e-02,-3.402657386227058486e-03,1.421124693293146848e-02
6.274096569581738336e+00,4.065069055007036053e-02,-3.123240627736336653e-03,1.373854150587760191e-02
6.274893456595836305e+00,3.901599740092402679e-02,-2.853881621686795746e-03,1.320514437834642563e-02
6.275656304491703530e+00,3.724772854076967982e-02,-2.595660897252572655e-03,1.262435203804806311e-02
6.276382790144731771e+00,3.538078704409320513e-02,-2.349407224400698081e-03,1.200805852255863726e-02
6.277071249304063905e+00,3.344613911456548877e-02,-2.115724738613720349e-03,1.136683943243889730e-02
6.277720600429152142e+00,3.147107399363630043e-02,-1.895018449230834222e-03,1.071003710316477571e-02
6.278330273716246523e+00,2.947946302754243450e-02,-1.687518054720560379e-03,1.004584472433908172e-02
6.278900145250355891e+00,2.749201414364639204e-02,-1.493300080428150173e-03,9.381389673678247262e-03
6.279430476625399216e+00,2.552651835752318271e-02,-1.312308513262500087e-03,8.722816052609345255e-03
6.279921858070674823e+00,2.359809358753943431e-02,-1.144373343680501771e-03,8.075363271339520629e-03
6.280375157884458659e+00,2.171941492923866804e-02,-9.892281146754596487e-04,7.443442705091531802e-03
6.280791475880694641e+00,1.990093616519629863e-02,-8.465257346167519683e-04,6.830712598305937848e-03
6.281172100666234215e+00,1.815110349099017389e-02,-7.158527187801082443e-04,6.240147733314508650e-03
6.281518472420619226e+00,1.647655258142436546e-02,-5.967424885612678713e-04,5.674107889511373695e-03
6.281832147063011185e+00,1.488230432271785836e-02,-4.886865182464999709e-04,5.134400056782384252e-03
6.282114766983356802e+00,1.337193882387910544e-02,-3.911452260849422407e-04,4.622338319997192080e-03
6.282368033386354078e+00,1.194776363702096215e-02,-3.035570865997083419e-04,4.138800777106285342e-03
6.282593682564868942e+00,1.061096876658003223e-02,-2.253468868482862348e-04,3.684281468896365500e-03
6.282793464674629291e+00,9.361772723550336808e-03,-1.559328185236665541e-04,3.258938919907107806e-03
6.282969125928751453e+00,8.199552074544935037e-03,-9.473284266671661100e-05,2.862640842528083821e-03
6.283122392894347819e+00,7.122967949012300182e-03,-4.117004565677028258e-05,2.495006208312397413e-03
6.283254959391944006e+00,6.130075087259268841e-03,5.322727044559822010e-06,2.155443066689099931e-03
6.283368475140544973e+00,5.218425345352989755e-03,4.529908405519574759e-05,1.843183232233042883e-03
6.283464536875573714e+00,4.385159676713104408e-03,7.929579101970673247e-05,1.557313411092334059e-03
6.283544680863296428e+00,3.627091627177943950e-03,1.078301931450825041e-04,1.296804188771296046e-03
6.283610377087380350e+00,2.940782358480591423e-03,1.313981515615163665e-04,1.060535408380609964e-03
6.283663024878982206e+00,2.322607746019480970e-03,1.504724514295393580e-04,8.473189983786234879e-04
6.283703949773191688e+00,1.768817082644994149e-03,1.655016532151697801e-04,6.559192207868277643e-04
6.283734401561973826e+00,1.275585876338830582e-03,1.769093106002004494e-04,4.850710182367641001e-04
6.283755553182526654e+00,8.390616771046523984e-04,1.850935593085209095e-04,3.334952669674344375e-04
6.283768500650615429e+00,4.554026353334034421e-04,1.904269461465481488e-04,1.999130425279027981e-04
6.283774263569299023e+00,1.208120402139221120e-04,1.932565577121370191e-04,8.305702885703785418e-05
6.283773786403370032e+00,-1.684336381522663596e-04,1.939043949323264037e-04,-1.831797877428786338e-05
6.283767940120920770e+00,-4.159584324794050078e-04,1.926678678958979615e-04,-1.054280988348827770e-04
6.283757524367189262e+00,-6.252694426907020415e-04,1.898204494219372961e-04,-1.794512843926872835e-04
6.283743269875264659e+00,-7.997397207444660030e-04,1.856124521610004929e-04,-2.415226500738339654e-04
6.283725841343718699e+00,-9.425957468076584219e-04,1.802719624436282348e-04,-2.927301346908907625e-04
6.283705840508130080e+00,-1.056907857638531532e-03,1.740058264011927827e-04,-3.341107573092248631e-04
6.283683809294380751e+00,-1.145583994158256083e-03,1.670006867810016368e-04,-3.666481858666261980e-04
6.283660233400322426e+00,-1.211364115489463192e-03,1.594239631174098617e-04,-3.912711635053065721e-04
6.283635544868338307e+00,-1.256821437106264358e-03,1.514252963944645895e-04,-4.088509621508145233e-04
6.283610126149394404e+00,-1.284357900113595281e-03,1.431373692773543500e-04,-4.202051924819976726e-04
6.283584313573071789e+00,-1.296207349441685398e-03,1.346769897494689021e-04,-4.260946654716444410e-04
6.283558400335807370e+00,-1.294438967618331783e-03,1.261463526285827954e-04,-4.272240793462180465e-04
6.283532639742597681e+00,-1.280960353637038964e-03,1.176341429559258028e-04,-4.242444310836738022e-04
6.283507248621170049e+00,-1.257522303212081811e-03,1.092165081155816120e-04,-4.177544859211812208e-04
6.283482409841860239e+00,-1.225724037169610790e-03,1.009582955176945891e-04,-4.083023178511475102e-04
6.283458276195381664e+00,-1.187019915901882860e-03,9.291370405326384620e-05,-3.963877537251875673e-04
6.283434972475817837e+00,-1.142725983486204836e-03,8.512751628275469344e-05,-3.824632940365454243e-04
6.283412599068372018e+00,-1.094028207237289106e-03,7.763568881986567319e-05,-3.669369106360999993e-04
6.283391233351281357e+00,-1.041988021243255187e-03,7.046663547091829027e-05,-3.501742863238696958e-04
6.283370932741312309e+00,-9.875502816788365220e-04,6.364180754441452659e-05,-3.325022977733765764e-04
6.283351736810688593e+00,-9.315506735717020599e-04,5.717650319921288474e-05,-3.142107892007034203e-04
6.283333669527626952e+00,-8.747235827613627059e-04,5.108053591208393479e-05,-2.955549408656495060e-04
6.283316740860359850e+00,-8.177082300498942800e-04,4.535902627664046085e-05,-2.767580869299193129e-04
6.283300949119971612e+00,-7.610575627488020811e-04,4.001283039360656752e-05,-2.580136915737388389e-04
6.283286282326077554e+00,-7.052443515056989500e-04,3.503922924263809096e-05,-2.394876713427195676e-04
6.283272719769751546e+00,-6.506679924946092396e-04,3.043243930185143280e-05,-2.213208876671089547e-04
6.283260233366343428e+00,-5.976608427860970619e-04,2.618410076303273959e-05,-2.036313950849534299e-04
6.283248789044244553e+00,-5.464948220201210419e-04,2.228368552451552394e-05,-1.865163661641156445e-04
6.283238347710794258e+00,-4.973864823638140913e-04,1.871895547917984184e-05,-1.700543909833908949e-04
6.283228866527463374e+00,-4.505036772537900970e-04,1.547623782031795555e-05,-1.543069606280640703e-04
6.283220299740984949e+00,-4.059704324003435218e-04,1.254078034726589405e-05,-1.393203788990795254e-04
6.283212599502606466e+00,-3.638718377256820497e-04,9.897040914447345457e-06,-1.251274854414283710e-04
6.283205716567442423e+00,-3.242584831745356578e-04,7.528950099703028635e-06,-1.117492944517703700e-04
6.283199601049135552e+00,-2.871513525188036198e-04,5.420101808828370895e-06,-9.919621870472654672e-05
6.283194202869332834e+00,-2.525452028653145148e-04,3.553982604225756073e-06,-8.746967784202206722e-05
6.283189472276915488e+00,-2.204124289877822443e-04,1.914129616476025196e-06,-7.656325291031407536e-05
6.283185360248330298e+00,-1.907062751399613107e-04,4.842802677108503336e-07,-6.646387884019811529e-05
6.283181818870086310e+00,-1.633642038566240895e-04,-7.515151720933852816e-07,-5.715278856054474067e-05
6.283178801617374631e+00,-1.383105814801979176e-04,-1.808786390885332303e-06,-4.860653123537149033e-05
6.283176263556179642e+00,-1.154588291491470377e-04,-2.702544087064992316e-06,-4.079796663319808215e-05
6.283174161574242689e+00,-9.471422517710138605e-05,-3.447236242541769654e-06,-3.369678399384965503e-05
6.283172454534107665e+00,-7.597578488989738309e-05,-4.056679960847502832e-06,-2.727035073206063765e-05
6.283171103346914421e+00,-5.913786540906046656e-05,-4.544021149547735960e-06,-2.148439858928988299e-05
6.283170071111689126e+00,-4.409233201586080597e-05,-4.921711482941957990e-06,-1.630332130933871359e-05
6.283169323075584067e+00,-3.072921212021870516e-05,-5.201480562172671571e-06,-1.169107279023481484e-05
6.283168826693227516e+00,-1.893832546179470192e-05,-5.394334603040426783e-06,-7.611287420465574176e-06
6.283168551614361164e+00,-8.610237831779576798e-06,-5.510553563431049583e-06,-4.027743951667159862e-06
6.283168469640708409e+00,3.628541272892193853e-07,-5.559706297300149275e-06,-9.046756588845783154e-07
6.283168554521465943e+00,8.086077932828434180e-06,-5.550717586603186681e-06,1.793071164587760439e-06
6.283168782373786954e+00,1.466178591683890917e-05,-5.491716917587532265e-06,4.099610312185622851e-06
6.283169131305816002e+00,2.018859742782614365e-05,-5.390169292475425687e-06,6.047983473650555213e-06
6.283169581170763074e+00,2.476113964630126252e-05,-5.252954645490803129e-06,7.669889938717412090e-06
6.283170113807992507e+00,2.846979354708096294e-05,-5.086291232672790086e-06,8.995679997082021883e-06
6.283170712799304169e+00,3.140026690667134296e-05,-4.895803827015845661e-06,1.005427616024018757e-05
6.283171363404931320e+00,3.363361818894829538e-05,-4.686558900171346016e-06,1.087297957785003044e-05
6.283172052447588918e+00,3.524604294533003240e-05,-4.463092888003480589e-06,1.147756045841909533e-05
6.283172768224042137e+00,3.630889403535091754e-05,-4.229444312157498495e-06,1.189217125834734107e-05
6.283173500407328582e+00,3.688870586945107525e-05,-3.989186294438083222e-06,1.213935880887092420e-05
6.283174239955752860e+00,3.704721342414996841e-05,-3.745455510191240287e-06,1.224010217255187560e-05
6.283174979014718886e+00,3.684147097310212001e-05,-3.500985153650264075e-06,1.221381022566604571e-05
6.283175710824530746e+00,3.632397277032805921e-05,-3.258135745602776757e-06,1.207836821672231090e-05
6.283176429630862536e+00,3.554280365810414180e-05,-3.018925070389182527e-06,1.185018454006927447e-05
6.283177130598265769e+00,3.454180537656458580e-05,-2.785057093159496220e-06,1.154424476319048099e-05
6.283177809727565233e+00,3.336076402333039328e-05,-2.557949659066819821e-06,1.117417136254815290e-05
6.283178463777445266e+00,3.203560676946075358e-05,-2.338761022652115645e-06,1.075228578953522865e-05
6.283179090186822968e+00,3.059859766207084222e-05,-2.128415593122205200e-06,1.028968024930877544e-05
6.283179687004456504e+00,2.907855827010357875e-05,-1.927627427193050714e-06,9.796278068685345558e-06
6.283180252831924051e+00,2.750105537236832159e-05,-1.736925791278300412e-06,9.280917058357360860e-06
6.283180786750179436e+00,2.588863026416924425e-05,-1.556672813225553454e-06,8.751420007955288015e-06
6.283181288264342079e+00,2.426099691327626617e-05,-1.387085442415254883e-06,8.214658884057868260e-06
6.283181757234673093e+00,2.263532924063749575e-05,-1.228245805905400273e-06,7.676592309428035670e-06
6.283182193847896002e+00,2.102637570440916089e-05,-1.080128410304734265e-06,7.142365612901187776e-06
6.283182598563587185e+00,1.944668067421019257e-05,-9.426123327566628270e-07,6.616378726408336791e-06
6.283182972072117067e+00,1.790677677376748781e-05,-8.154955761192402253e-07,6.102344494475954422e-06
6.283183315256074764e+00,1.641536624758154281e-05,-6.985081395239454098e-07,5.603350880387863283e-06
6.283183629155441707e+00,1.497949539166457296e-05,-5.913239567060663699e-07,5.121917865018810000e-06
6.283183914936242509e+00,1.360472000469128359e-05,-4.935717563846951098e-07,4.660052463196007344e-06
6.283184173862138344e+00,1.229526021728954619e-05,-4.048447309945360288e-07,4.219303156886372125e-06
6.283184407269202687e+00,1.105414759871052749e-05,-3.247092380475582423e-07,3.800808219850283387e-06
6.283184616548287416e+00,9.883353818964332692e-06,-2.527123379942957114e-07,3.405345834421510553e-06
6.283184803149354458e+00,8.783979983043728085e-06,-1.883774673693931527e-07,3.033354906991908771e-06
6.283184968473197074e+00,7.756180951383873209e-06,-1.312449826552624340e-07,2.685051248013901610e-06
6.283185113946458067e+00,6.799520071175440364e-06,-8.084219212144362530e-08,2.360341677400194659e-06
6.283185240979564767e+00,5.912956359261178960e-06,-3.670067811057441606e-08,2.058945843402822882e-06
6.283185350960458493e+00,5.094952405126127826e-06,1.641796029884930029e-09,1.780407368387257932e-06
6.283185445247365664e+00,4.343553544840788036e-06,3.463864152382419781e-08,1.524123588290230927e-06
6.283185525131446347e+00,3.656433321391179623e-06,6.272161674469831177e-08,1.289378973487841587e-06
6.283185591879392184e+00,3.031032681608220202e-06,8.631547935777322344e-08,1.075342333658515004e-06
6.283185646700987448e+00,2.464556880207700895e-06,1.058259438307838270e-07,8.811208171223964101e-07
6.283185690744167218e+00,1.954054515949146922e-06,1.216390233883633082e-07,7.057593796357547782e-07
6.283185725094095453e+00,1.496473912591547278e-06,1.341205747732304142e-07,5.482577993909251046e-07
6.283185750565431604e+00,1.088630108290674175e-06,1.435452718859617440e-07,4.076081805125480511e-07
6.283185768352681499e+00,7.275984685797200215e-07,1.503172054265492597e-07,2.827487864764288260e-07
6.283185779378070102e+00,4.101996331757537242e-07,1.547481758210527824e-07,1.726818789671088588e-07
6.283185784475626257e+00,1.332892550471071502e-07,1.571211467958532791e-07,7.637433277159373737e-08
6.283185784423095832e+00,-1.061999586919899897e-07,1.577004876864354565e-07,-7.199946417227415403e-09
6.283185780002063403e+00,-3.112673579705082770e-07,1.567527575682021346e-07,-7.903106085077755486e-08
6.283185771765785965e+00,-4.848144881934099542e-07,1.544658531127383889e-07,-1.401181990403881902e-07
6.283185760385816110e+00,-6.296278952967088069e-07,1.510696503412609616e-07,-1.913587605367154285e-07
6.283185746391766635e+00,-7.483612131479557102e-07,1.467451056807494661e-07,-2.336715722341041691e-07
6.283185730389309498e+00,-8.437230341112897349e-07,1.417037059248274423e-07,-2.678337276494283170e-07
6.283185712708337256e+00,-9.179798883321311833e-07,1.360569058754757691e-07,-2.948354229141036381e-07
6.283185693746252021e+00,-9.734102907448294479e-07,1.299404531313500473e-07,-3.153609754288617042e-07
6.283185673855721909e+00,-1.012126319233261954e-06,1.234758008397021442e-07,-3.301156550665277233e-07
6.283185653350099820e+00,-1.036102439084657105e-06,1.167713174098075289e-07,-3.397638002478830141e-07
6.283185632504072693e+00,-1.047169515033486561e-06,1.099222222686185737e-07,-3.449294195428938717e-07
6.283185611557454031e+00,-1.047022884588639506e-06,1.030118670302638422e-07,-3.461893618132461428e-07
6.283185590717756064e+00,-1.037225663107121314e-06,9.611261965677743863e-08,-3.440757791521140238e-07
6.283185570162720168e+00,-1.019212215833437506e-06,8.928670691381772616e-08,-3.390780645952885162e-07
6.283185550042793110e+00,-9.942932195012165218e-07,8.258704215431778651e-08,-3.316440017228626076e-07
6.283185530483521575e+00,-9.636606671267044016e-07,7.605802832556573003e-08,-3.221816034974482441e-07
6.283185511587825900e+00,-9.283935239801015967e-07,6.973632211539238363e-08,-3.110607974579811987e-07
6.283185493438216973e+00,-8.894633443206188375e-07,6.365157792377451010e-08,-2.986154160367525522e-07
6.283185476098851474e+00,-8.477403896255284593e-07,5.782714037910947821e-08,-2.851450328146765669e-07
6.283185459617454782e+00,-8.039997290685110118e-07,5.228069761420866632e-08,-2.709169973420370977e-07
6.283185444027256317e+00,-7.589270334611666291e-07,4.702493025202860849e-08,-2.561685784403242810e-07
6.283185429348542961e+00,-7.131252046169221008e-07,4.206804206701820306e-08,-2.411086548818578143e-07
6.283185415590477163e+00,-6.671196377823186913e-07,3.741437270505464073e-08,-2.259201653196007416e-07
6.283185402751626292e+00,-6.213662059255985447e-07,3.306462666713113503e-08,-2.107610891116388587e-07
6.283185390822485950e+00,-5.762534719115294039e-07,2.901666702181162192e-08,-1.957683007144252140e-07
6.283185379786784708e+00,-5.321092595286551564e-07,2.526594611543074372e-08,-1.810578938344087034e-07
6.283185369683230270e+00,-4.891017947832572443e-07,2.182467240039103145e-08,-1.667626922847109778e-07
6.283185360420019627e+00,-4.476362077430429328e-07,1.866406588438517962e-08,-1.528688827385753937e-07
6.283185351964544196e+00,-4.078594253736428885e-07,1.577450603288966267e-08,-1.395052548019285742e-07
6.283185344281501550e+00,-3.698986858017169935e-07,1.314470223098657017e-08,-1.267284380041935234e-07
6.283185337333505593e+00,-3.338489380250342711e-07,1.076250205117966816e-08,-1.145748827467954528e-07
6.283185331081646119e+00,-2.997745663443760512e-07,8.615169840903994516e-09,-1.030692871267714675e-07
6.283185325486075001e+00,-2.677127635436055461e-07,6.689599996268239743e-09,-9.222684649355190374e-08
6.283185320506532001e+00,-2.376770053067462152e-07,4.972494875136123285e-09,-8.205450576090252800e-08
6.283185316102765761e+00,-2.096602237072478686e-07,3.450518271299484342e-09,-7.255208356399227896e-08
6.283185312234881970e+00,-1.836378615518974905e-07,2.110410931094822098e-09,-6.371324821357548890e-08
6.283185308863691532e+00,-1.595704594354144704e-07,9.391157529210936720e-10,-5.552649510108479877e-08
6.283185305951070276e+00,-1.374060591835495336e-07,-7.609838495839836551e-11,-4.797598045346410351e-08
6.283185303458680870e+00,-1.170819535770453816e-07,-9.479302469237148162e-10,-4.104249341941229410e-08
6.283185301350523666e+00,-9.852986647919832828e-08,-1.688618727216562711e-09,-3.470272930478445686e-08
6.283185299592126682e+00,-8.167218535963093375e-08,-2.309728834462689867e-09,-2.893242922113952875e-08
6.283185298150629983e+00,-6.642670572926718234e-08,-2.822311212690627206e-09,-2.370500624010453662e-08
6.283185296994862057e+00,-5.270789541772370877e-08,-3.236868014092533401e-09,-1.899253132787621615e-08
6.283185296095384231e+00,-4.042813563076010734e-08,-3.563332317031409186e-09,-1.476622920953866130e-08
6.283185295424526196e+00,-2.949881432219406020e-08,-3.811056277772498815e-09,-1.099688054419307624e-08
6.283185294956391331e+00,-1.983129036324957700e-08,-3.988806290254237909e-09,-7.655142427401006751e-09
6.283185294666845166e+00,-1.133771769576128470e-08,-4.104764177710779938e-09,-4.711839141289370706e-09
6.283185294533491394e+00,-3.931732595039453318e-09,-4.166533835971617831e-09,-2.138223709759254324e-09
6.283185294534977317e+00,2.470346713396642940e-09,-4.181373382000412822e-09,9.399569304754882339e-11
6.283185294652958497e+00,7.951386801698863950e-09,-4.155519157832252973e-09,2.011779416856018589e-09
6.283185294870574644e+00,1.259041515848091050e-08,-4.094752763463631087e-09,3.641683677553292430e-09
6.283185295171310969e+00,1.646188506057870964e-08,-4.004702948211230760e-09,5.009406647852544976e-09
6.283185295540720361e+00,1.963786747318967279e-08,-3.890309888115252541e-09,6.138894524495803927e-09
6.283185295965751926e+00,2.218667584477575107e-08,-3.756047174411404332e-09,7.053126623933328869e-09
6.283185296434672829e+00,2.417281380772602012e-08,-3.605944136508861783e-09,7.773877686549814661e-09
6.283185296936991904e+00,2.565692432280763273e-08,-3.443610744683528734e-09,8.321652965393699897e-09
6.283185297463382391e+00,2.669577672144718152e-08,-3.272263140754373372e-09,8.715676435105597646e-09
6.283185298005603769e+00,2.734228009930104152e-08,-3.094749210741641334e-09,8.973894255141135984e-09
6.283185298556427156e+00,2.764553927257889180e-08,-2.913573980603809016e-09,9.112987215421734813e-09
6.283185299109558919e+00,2.765093647980110162e-08,-2.730924600464084030e-09,9.148395235098331031e-09
6.283185299659566070e+00,2.740023675127112088e-08,-2.548694847674094377e-09,9.094342330540072516e-09
6.283185300201809653e+00,2.693170418979821696e-08,-2.368508775730236436e-09,8.963888438699247143e-09
6.283185300732371026e+00,2.628024151779187110e-08,-2.191743505486201795e-09,8.768968124527748512e-09
6.283185301247990573e+00,2.547754525891154400e-08,-2.019551257540983892e-09,8.520427842358948301e-09
6.283185301746005536e+00,2.455225704465419356e-08,-1.852880303385224051e-09,8.228089340429636601e-09
6.283185302224286062e+00,2.353013096897565311e-08,-1.692494807055531844e-09,7.900801223093908514e-09
6.283185302681188134e+00,2.243420085894867768e-08,-1.538993624244133931e-09,7.546491279079443909e-09
6.283185303115491394e+00,2.128494441112349854e-08,-1.392827918813366477e-09,7.172228806469634121e-09
6.283185303526359178e+00,2.010046033242628484e-08,-1.254317767239855522e-09,6.784269862311272892e-09
6.283185303913286113e+00,1.889663293635150834e-08,-1.123667646069644065e-09,6.388118010530691875e-09
6.283185304276061700e+00,1.768729750921580982e-08,-1.000980793862585832e-09,5.988578932872966189e-09
6.283185304614725020e+00,1.648438771521006483e-08,-8.862723121484860770e-10,5.589827487269704796e-09
6.283185304929533643e+00,1.529811328875935046e-08,-7.794815020732820313e-10,5.195430134358309262e-09
6.283185305220928107e+00,1.413709235876964804e-08,-6.804830908750594022e-10,4.808419024175375299e-09
6.283185305489506156e+00,1.300850496658372330e-08,-5.890974888055198130e-10,4.431326051425262617e-09
6.283185305735988102e+00,1.191821558183570484e-08,-5.050999455915642185e-10,4.066249526608626769e-09
6.283185305961201728e+00,1.087092009310769080e-08,-4.282290756369001655e-10,3.714866180689997626e-09
6.283185306166051198e+00,9.870252017304362947e-09,-3.581943623163154725e-10,3.378503886485326148e-09
6.283185306351505517e+00,8.918907700952892892e-09,-2.946829098333533989e-10,3.058159862667447693e-09
6.283185306518573654e+00,8.018745632101068552e-09,-2.373654897687718422e-10,2.754545205478213592e-09
6.283185306668293002e+00,7.170896048161559762e-09,-1.859019158049282387e-10,2.468112281486997248e-09
6.283185306801717829e+00,6.375846176906199342e-09,-1.399457453197898454e-10,2.199092505723147756e-09
6.283185306919902402e+00,5.633525979493872135e-09,-9.914829234795237209e-11,1.947527974012943956e-09
6.283185307023893884e+00,4.943383035190638579e-09,-6.316208333681892269e-11,1.713297775919538411e-09
6.283185307112849394e+00,4.302629980174494963e-09,-3.225596002171289111e-11,1.496715068322946458e-09
6.283185307191510915e+00,3.715103151186853936e-09,-4.867578119505399743e-12,1.295460606063912981e-09
6.283185307259023133e+00,3.175472481326450163e-09,1.871260342660034772e-11,1.111315028861758772e-09
6.283185307314882451e+00,2.681114792392809031e-09,3.833201393029903230e-11,9.432155643001323774e-10
6.283185307361561556e+00,2.232433989680762571e-09,5.481449641230781449e-11,7.896111892646914975e-10
6.283185307399934416e+00,1.826884846852377279e-09,6.844931552869555705e-11,6.504641404569239018e-10
6.283185307430824373e+00,1.462062847363539945e-09,7.951468918998952270e-11,5.250720809702264951e-10
6.283185307455011248e+00,1.135550672055201948e-09,8.827342970779119647e-11,4.126447210952665083e-10
6.283185307473222458e+00,8.449205001997633614e-10,9.497239238908082248e-11,3.123819213404038751e-10
6.283185307486139237e+00,5.877560419340260108e-10,9.984245125655089488e-11,2.234846345071168649e-10
6.283185307494393967e+00,3.616816407051056614e-10,1.030984841802192766e-10,1.451526632318696375e-10
6.283185307498571071e+00,1.643681157139688750e-10,1.049397515054264764e-10,7.661060232583709917e-11
6.283185307499212335e+00,-6.445135408783429361e-12,1.055502213102932757e-10,1.709676197777048018e-11
6.283185307496813365e+00,-1.529464561903777072e-10,1.050991293862896356e-10,-3.411836695633790633e-11
6.283185307491828020e+00,-2.772355251998165265e-10,1.037414843602253168e-10,-7.774099317048698350e-11
6.283185307484669302e+00,-3.813184942834488992e-10,1.016186002754279054e-10,-1.144496892903629335e-10
6.283185307475712911e+00,-4.671048569914694677e-10,9.885879157893043872e-11,-1.448863366058765900e-10
6.283185307465296354e+00,-5.363970020570824853e-10,9.557797085719500216e-11,-1.696648641003216558e-10
6.283185307453721613e+00,-5.909060755296900367e-10,9.188056240641876504e-11,-1.893481874124257049e-10
6.283185307441261358e+00,-6.322210399894967658e-10,8.785984854104712601e-11,-2.044919145965041245e-10
6.283185307428156285e+00,-6.618381237367051429e-10,8.359890362574064696e-11,-2.155934371400022983e-10
6.283185307414617782e+00,-6.811410101916172559e-10,7.917116665339082929e-11,-2.231299958055727289e-10
6.283185307400833253e+00,-6.914168707745368654e-10,7.464120410538182508e-11,-2.275355705712787567e-10
6.283185307386964347e+00,-6.938538131606893313e-10,7.006538234664054995e-11,-2.292132784634750049e-10
6.283185307373151396e+00,-6.895430678812710619e-10,6.549249512416982398e-11,-2.285346968984378357e-10
6.283185307359514304e+00,-6.794815870253404009e-10,6.096434902161655450e-11,-2.258427931344350432e-10
6.283185307346152548e+00,-6.645791348830407640e-10,5.651639935675073065e-11,-2.214478795070028745e-10
6.283185307333151393e+00,-6.456597338291489833e-10,5.217830782007387045e-11,-2.156335670158099874e-10
6.283185307320580115e+00,-6.234667241481777898e-10,4.797448452866793205e-11,-2.086563935608400473e-10
6.283185307308492007e+00,-5.986737409240272026e-10,4.392472159137513031e-11,-2.007399496180112307e-10
6.283185307296931477e+00,-5.718761833077118799e-10,4.004454614792847524e-11,-1.920944116140750271e-10
6.283185307285930499e+00,-5.436061420875141641e-10,3.634568174402820115e-11,-1.829042057591457832e-10
6.283185307275511278e+00,-5.143323631280395163e-10,3.283650494096267711e-11,-1.733316988799420649e-10
6.283185307265686248e+00,-4.844735558407767724e-10,2.952257241553267845e-11,-1.635117982810844799e-10
6.283185307256462515e+00,-4.543823742320369049e-10,2.640671011182087940e-11,-1.535814792511143355e-10
6.283185307247839191e+00,-4.243721956689692514e-10,2.348956875958133899e-11,-1.436413279965461836e-10
6.283185307239810058e+00,-3.947061647634831643e-10,2.076983399764869796e-11,-1.337889272985570565e-10
6.283185307232365346e+00,-3.656109819356386820e-10,1.824458605406103923e-11,-1.240995071265694610e-10
6.283185307225491734e+00,-3.372740714606328884e-10,1.590953237673624455e-11,-1.146399048926306328e-10
6.283185307219170568e+00,-3.098498800202039931e-10,1.375923487767440388e-11,-1.054644617168196358e-10
6.283185307213381421e+00,-2.834576859064998379e-10,1.178723991285238673e-11,-9.662301830814873617e-11
6.283185307208102088e+00,-2.581997570305030924e-10,9.986474431354765464e-12,-8.814107358432493207e-11
6.283185307203309478e+00,-2.341404245727666017e-10,8.349167171185545908e-12,-8.005620722616131941e-11
6.283185307198979608e+00,-2.113415365842305826e-10,6.867307814426654802e-12,-7.237296127799529426e-11
6.283185307195084945e+00,-1.898287022782141783e-10,5.532503218601699747e-12,-6.511481591420462969e-11
6.283185307191601510e+00,-1.696191283554538222e-10,4.336169606932844932e-12,-5.828704344068900701e-11
6.283185307188501767e+00,-1.507122344193267774e-10,3.269653526584740247e-12,-5.189278968251705236e-11
6.283185307185759960e+00,-1.331026938688039612e-10,2.324439532329533375e-12,-4.592212987615616975e-11
6.283185307183351220e+00,-1.167649814088204392e-10,1.492030124254865492e-12,-4.037683015851247793e-11
6.283185307181249790e+00,-1.016695586870796360e-10,7.640562732587553747e-13,-3.524808586516921888e-11
6.283185307179431689e+00,-8.777767033484831353e-11,1.323729391216441465e-13,-3.052393872879145318e-11
6.283185307177872936e+00,-7.504941054256392994e-11,-4.108339913084506693e-13,-2.618659267454635013e-11
6.283185307176552215e+00,-6.343616634975377948e-11,-8.731065085892182089e-13,-2.222360013450667208e-11
6.283185307175447321e+00,-5.288657759610072839e-11,-1.261659831562157285e-12,-1.861750722998924399e-11
6.283185307174536938e+00,-4.334651674625983653e-11,-1.583387951017830001e-12,-1.535259876860940204e-11
6.283185307173803302e+00,-3.476265670364861951e-11,-1.844783916277409910e-12,-1.240759123838944368e-11
6.283185307173226875e+00,-2.707551573298778316e-11,-2.052028421304022113e-12,-9.768597060490929872e-12
6.283185307172791667e+00,-2.023198303710170176e-11,-2.210866392497977716e-12,-7.411428622135993828e-12
6.283185307172480805e+00,-1.417110049952548586e-11,-2.326760505755852241e-12,-5.324923606275507046e-12
6.283185307172279188e+00,-8.840866986852178992e-12,-2.404722241934183620e-12,-3.483191092797237224e-12
6.283185307172174383e+00,-4.185220707541770982e-12,-2.449427938583416383e-12,-1.872108945955174841e-12
6.283185307172153955e+00,-1.535050529012735604e-13,-2.465153671115293224e-12,-4.699750839438516669e-13
6.283185307172204581e+00,3.307253053045492630e-12,-2.455871519968668863e-12,7.364816761476540964e-13
6.283185307172316492e+00,6.246554391444117101e-12,-2.425236082250768416e-12,1.763988644894764516e-12
6.283185307172479916e+00,8.709203780184380183e-12,-2.376517764601724548e-12,2.632353322591241663e-12
6.283185307172685086e+00,1.074532371500132291e-11,-2.312806249602894714e-12,3.347607811409019514e-12
6.283185307172924894e+00,1.238986545885597193e-11,-2.236759270727911665e-12,3.935804050613626011e-12
6.283185307173193124e+00,1.368874452013233439e-11,-2.150869313168246935e-12,4.400076953493681958e-12
6.283185307173482670e+00,1.467729211820589506e-11,-2.057325566278929334e-12,4.759106095614459720e-12
6.283185307173787315e+00,1.538891295409109535e-11,-1.958054214785229553e-12,5.024353337451026304e-12
6.283185307174101730e+00,1.585635266649768787e-11,-1.854763428155711024e-12,5.206637091107821803e-12
6.283185307174423251e+00,1.611140323989400856e-11,-1.748991785278897901e-12,5.313753638639439407e-12
6.283185307174747436e+00,1.618338604467294465e-11,-1.642113142096256691e-12,5.354027847270031680e-12
6.283185307175069845e+00,1.609279552465353420e-11,-1.535203815230024128e-12,5.344278829178043282e-12
6.283185307175387813e+00,1.586696203322890828e-11,-1.429249753674803237e-12,5.285430943635065886e-12
6.283185307175700451e+00,1.552845960774117261e-11,-1.325158818646408255e-12,5.182250890147045980e-12
6.283185307176005097e+00,1.509323954845191266e-11,-1.223607444216343883e-12,5.048287098985742911e-12
6.283185307176299972e+00,1.458039836491319908e-11,-1.125150087732268072e-12,4.887496049441276722e-12
6.283185307176583301e+00,1.400455106929901099e-11,-1.030224251196773691e-12,4.706294048679316132e-12
6.283185307176853307e+00,1.338219640609211858e-11,-9.392316455913235995e-13,4.505064554866766402e-12
6.283185307177110879e+00,1.272746349258354263e-11,-8.525359742976265422e-13,4.286206749431504687e-12
6.283185307177354240e+00,1.204561291038622726e-11,-7.702572847664312555e-13,4.064707314671919024e-12
6.283185307177584278e+00,1.134821226126534717e-11,-6.924950403454987734e-13,3.837600624760301075e-12
6.283185307177800105e+00,1.064859025215278814e-11,-6.193926172229466840e-13,3.602811583098716335e-12
6.283185307178001722e+00,9.948007943165163881e-12,-5.509401106155534564e-13,3.370914415522428237e-12
6.283185307178190016e+00,9.256072447935586564e-12,-4.871204318572072110e-13,3.139322802428918931e-12
6.283185307178364098e+00,8.576608829230255646e-12,-4.278470793517642520e-13,2.913205794645585035e-12
6.283185307178525747e+00,7.914221175461519575e-12,-3.730179971729695152e-13,2.692080868811951175e-12
6.283185307178674073e+00,7.272720475216750810e-12,-3.225095690895902152e-13,2.477463425400242513e-12
6.283185307178809076e+00,6.656994365413924638e-12,-2.762056270389642028e-13,2.268451846299155923e-12
6.283185307178931645e+00,6.067385604924872963e-12,-2.339475210623077316e-13,2.068068509509295014e-12
6.283185307179044443e+00,5.503753536556431149e-12,-1.954884457225275017e-13,1.881143236128637993e-12
6.283185307179147472e+00,4.972477266202710704e-12,-1.607051300220034987e-13,1.698200568355292372e-12
6.283185307179238954e+00,4.467841195867165301e-12,-1.293245342272279909e-13,1.531761845220773357e-12
6.283185307179321555e+00,3.993365240415432859e-12,-1.011546121429204604e-13,1.372897095038583892e-12
6.283185307179395274e+00,3.550527681822883858e-12,-7.602653170158773890e-14,1.222768405853261618e-12
6.283185307179459222e+00,3.136089447236042934e-12,-5.372570181064256604e-14,1.083906241108100058e-12
6.283185307179515178e+00,2.752316380891691310e-12,-3.407224875978261443e-14,9.533968069594082797e-13
6.283185307179564916e+00,2.398263873241120927e-12,-1.688189994959551321e-14,8.323705117726753036e-13
6.283185307179608436e+00,2.071978955358016396e-12,-1.945812181676029223e-15,7.220228242354004699e-13
6.283185307179644852e+00,1.772953179080130418e-12,1.091628077816495316e-14,6.202463638718902824e-13
6.283185307179675938e+00,1.500814806519766591e-12,2.184930156941657502e-14,5.253081461192761509e-13
6.283185307179702583e+00,1.252978306516635299e-12,3.103262389796619575e-14,4.399995947632704121e-13
6.283185307179723900e+00,1.026961160374785763e-12,3.868474878018266148e-14,3.659502415062058042e-13
6.283185307179740775e+00,8.271185740000753574e-13,4.488110150515879144e-14,2.935155559197886360e-13
6.283185307179754098e+00,6.470880366221724477e-13,4.978081021492395103e-14,2.308992131012639814e-13
6.283185307179764756e+00,4.867875319986143855e-13,5.353879916435518739e-14,1.754267477439945631e-13
6.283185307179772749e+00,3.443228861027389107e-13,5.629194779485013492e-14,1.266914220504507193e-13
6.283185307179778079e+00,2.181964171892195107e-13,5.817484665887979351e-14,8.466055243577254867e-14
6.283185307179781631e+00,1.077850520229773047e-13,5.928787133759938946e-14,4.721983165214249264e-14
6.283185307179782519e+00,1.052906656889058029e-14,5.976173933438078127e-14,1.681877146732398806e-14
6.283185307179781631e+00,-7.201145965049674387e-14,5.964836436436731186e-14,-1.221671523478015030e-14
6.283185307179778967e+00,-1.424120801439440680e-13,5.903022536730119088e-14,-3.636885927962497948e-14
6.283185307179775414e+00,-2.009048190800110231e-13,5.796613394612576679e-14,-5.810311985582316746e-14
6.283185307179770973e+00,-2.495290454302406099e-13,5.653843020320753677e-14,-7.526881110422774563e-14
6.283185307179765644e+00,-2.879386390693953308e-13,5.479494382611958119e-14,-9.067579867786846371e-14
6.283185307179760315e+00,-3.177096666792821058e-13,5.279705457393760066e-14,-1.026137487358075337e-13
6.283185307179754098e+00,-3.442336283237036996e-13,5.067796928079953688e-14,-1.069417944466745918e-13
6.283185307179746992e+00,-3.621092185001636490e-13,4.843596610230299772e-14,-1.136569683769426640e-13
6.283185307179739887e+00,-3.743939650934055941e-13,4.608930425873032338e-14,-1.184162242290579565e-13
6.283185307179731893e+00,-3.819834908311148391e-13,4.367535296937361157e-14,-1.213940150426664103e-13
6.283185307179723900e+00,-3.830945191189316103e-13,4.119486272121119900e-14,-1.248215687153449382e-13
6.283185307179715906e+00,-3.812182967599159140e-13,3.870322373680877239e-14,-1.245863665968792600e-13
6.283185307179707912e+00,-3.755284331321766506e-13,3.621872338166012499e-14,-1.241514740282171691e-13
6.283185307179699919e+00,-3.665548865147167000e-13,3.374638566554624011e-14,-1.234925352651098375e-13
6.283185307179692813e+00,-3.570364961232783720e-13,3.134203959157204443e-14,-1.192768327105973333e-13
6.283185307179685708e+00,-3.443402863377375174e-13,2.900715771534700946e-14,-1.160610698082685903e-13
6.283185307179678603e+00,-3.298250656283108411e-13,2.673971897111099379e-14,-1.126011490161598812e-13
6.283185307179671497e+00,-3.150672605964782060e-13,2.456654230647275894e-14,-1.075657916330342034e-13
6.283185307179665280e+00,-2.987175210921820437e-13,2.247966729428969385e-14,-1.034178036347919155e-13
6.283185307179659951e+00,-2.814734747668337674e-13,2.047732463574656333e-14,-9.914881501584583425e-14
6.283185307179654622e+00,-2.666578498588008829e-13,1.863355465596311079e-14,-9.019877968905878836e-14
6.283185307179649293e+00,-2.495737622120598291e-13,1.689914570793888638e-14,-8.574255922393763946e-14
6.283185307179643964e+00,-2.337253553302601790e-13,1.528036276873238095e-14,-7.957625423014444447e-14
6.283185307179639523e+00,-2.166341813457067227e-13,1.375289525654827201e-14,-7.541410816092449073e-14
6.283185307179635082e+00,-1.996032571121992859e-13,1.231869771135184174e-14,-7.064693980907081116e-14
6.283185307179630641e+00,-1.823332934259832209e-13,1.096984683879438263e-14,-6.652486100617022292e-14
6.283185307179627088e+00,-1.675471475741981133e-13,9.752707901717947605e-15,-5.922351212240262204e-14
6.283185307179624424e+00,-1.528435116767889265e-13,8.652776310437723172e-15,-5.376262349335799361e-14
6.283185307179621759e+00,-1.389469738747526482e-13,7.659035332080230112e-15,-4.853925048309507676e-14
6.283185307179619095e+00,-1.254700527033713651e-13,6.754591126084731637e-15,-4.429495982380795136e-14
6.283185307179616430e+00,-1.137567779152146677e-13,5.954078322094631019e-15,-3.882182299017195951e-14
6.283185307179613766e+00,-9.896314991165260485e-14,5.190482718754488213e-15,-3.802991663830649777e-14
6.283185307179611989e+00,-8.569208516163652247e-14,4.465286822515633457e-15,-3.572078311355880796e-14
6.283185307179610213e+00,-7.626553454135023854e-14,3.849113202890288694e-15,-2.935688604966687782e-14
6.283185307179608436e+00,-6.549764308211792123e-14,3.308283954897545375e-15,-2.638633998332900992e-14
6.283185307179606660e+00,-5.617959746412572999e-14,2.826844955537418487e-15,-2.337527189892937035e-14
