-2.000000000000000111e-01,-5.000000000000000000e-01,2.500000000000000000e-01,8.000000000000000444e-01
-2.024800400138137557e-01,2.524444846855525282e-01,2.460595379046403575e-01,-1.194708167256091969e+00
-1.960142610904063720e-01,3.935611391549032612e-01,2.203131774602884729e-01,-1.378260576123792935e+00
-1.878386944366349787e-01,4.230225674051499296e-01,1.938511080733374969e-01,-1.265282996364107237e+00
-1.792721865898414257e-01,4.327112794791584394e-01,1.699445132263896763e-01,-1.122897455015002599e+00
-1.705682873936666955e-01,4.368579281312987006e-01,1.487929470725692649e-01,-9.900758714386107551e-01
-1.618145001607404210e-01,4.377827531089605873e-01,1.301617622786307715e-01,-8.711214385364871582e-01
-1.530696746579732481e-01,4.360294983563484661e-01,1.137800846876391714e-01,-7.653465724003745141e-01
-1.443844403390122377e-01,4.318800705465507539e-01,9.939674506050540093e-02,-6.714758486931767800e-01
-1.358042150611316057e-01,4.255767846158566847e-01,8.678576082769584588e-02,-5.882729742215954127e-01
-1.273696754608434345e-01,4.173536408332686465e-01,7.574478256184072333e-02,-5.146162046825293324e-01
-1.191168850782023669e-01,4.074394871636005111e-01,6.609280890476106063e-02,-4.494964299296550503e-01
-1.110774021826830965e-01,3.960570157748475872e-01,5.766803207190934755e-02,-3.920062017353751482e-01
-1.032784157039773193e-01,3.834211969693798183e-01,5.032590588361326306e-02,-3.413290300771315566e-01
-9.574291223421819985e-02,3.697377872006849531e-01,4.393741501698579521e-02,-2.967300015484947151e-01
-8.848987165467968319e-02,3.552020397869889989e-01,3.838752189222083971e-02,-2.575475734908719838e-01
-8.153448659983657254e-02,3.399976658812378649e-01,3.357376901626651228e-02,-2.231863547235007350e-01
-7.488840053432443966e-02,3.242960557416922907e-01,2.940501841752300380e-02,-1.931107067639368513e-01
-6.855995870045369922e-02,3.082557537420911875e-01,2.580031156558416222e-02,-1.668390391082088253e-01
-6.255446809568400435e-02,2.920221581310250558e-01,2.268783969869132139e-02,-1.439386691206825386e-01
-5.687446076037083048e-02,2.757274385415326989e-01,2.000401025682274625e-02,-1.240212130388365919e-01
-5.151995737961783534e-02,2.594906274900469212e-01,1.769260233938249605e-02,-1.067383965447219474e-01
-4.648872743804492724e-02,2.434178700699341502e-01,1.570400186728892686e-02,-9.177826407235395445e-02
-4.177654322264356956e-02,2.276028018367053929e-01,1.399450938487550172e-02,-7.886173279434106898e-02
-3.737742482518330300e-02,2.121270343665025149e-01,1.252571287735165274e-02,-6.773946504626254805e-02
-3.328387524983898033e-02,1.970607175310482573e-01,1.126392170585479267e-02,-5.818900621463442974e-02
-2.948710321356915603e-02,1.824631706397953079e-01,1.017965432573183539e-02,-5.001219411352618438e-02
-2.597723300812005906e-02,1.683835558649637298e-01,9.247175813885472745e-03,-4.303279229861384225e-02
-2.274350059535355795e-02,1.548615813886917714e-01,8.444080636329249351e-03,-3.709433537464013053e-02
-1.977443550140043152e-02,1.419282207174492050e-01,7.750916636198327582e-03,-3.205816750819340949e-02
-1.705802818854878014e-02,1.296064368876405637e-01,7.150846362572523852e-03,-2.780165812623005758e-02
-1.458188310770261974e-02,1.179119004130938925e-01,6.629342690676947800e-03,-2.421657627530119511e-02
-1.233335760765911539e-02,1.068536956332446358e-01,6.173915572472881037e-03,-2.120761624933704959e-02
-1.029968662028606444e-02,9.643500557695025566e-02,5.773866545173676930e-03,-1.869105559961505361e-02
-8.468094148805770452e-03,8.665377203863189326e-02,5.420069205190508263e-03,-1.659353716487980274e-02
-6.825891638159894449e-03,7.750332537005645561e-02,5.104772630851675194e-03,-1.485096357899804917e-02
-5.360564758692347616e-03,6.897298525750653053e-02,4.821426813865683364e-03,-1.340750019685259080e-02
-4.059847193315146985e-03,6.104862004447084156e-02,4.564525301193375628e-03,-1.221466428469525876e-02
-2.911784756427122488e-03,5.371317417678270895e-02,4.329466764480420504e-03,-1.123050595117431466e-02
-1.904789448260895248e-03,4.694715863211864487e-02,4.112432294516821588e-03,-1.041886905382120865e-02
-1.027682846945258749e-03,4.072910136556840560e-02,3.910275115755271202e-03,-9.748723895444759077e-03
-2.697319867063919900e-04,3.503596133040780269e-02,3.720424526454593848e-03,-9.193562728471552786e-03
3.793232082653556314e-04,2.984350511892480337e-02,3.540800581961833955e-03,-8.730857689678244923e-03
9.292492945738249068e-04,2.512664972695606569e-02,3.369739596379137548e-03,-8.341575484416987804e-03
1.389305495160454056e-03,2.085976917159117899e-02,3.205928434646013441e-03,-8.009740495444504435e-03
1.768235591523657259e-03,1.701696824610770750e-02,3.048347222093880041e-03,-7.722043552306048601e-03
2.074264959945977451e-03,1.357232476082555032e-02,2.896219485671048741e-03,-7.467492336149355800e-03
2.315102155426797172e-03,1.050010204698076897e-02,2.748968910550699148e-03,-7.237099770107405239e-03
2.497944590781879786e-03,7.774933376843559327e-03,2.606181819849176344e-03,-7.023606902145433824e-03
2.629487214816237945e-03,5.371980306786094082e-03,2.467575480058006431e-03,-6.821235533713463327e-03
2.715934786419600157e-03,3.267067268004490797e-03,2.332970151996274690e-03,-6.625472848903412280e-03
2.763016089548739600e-03,1.436792144207292479e-03,2.202265912126989949e-03,-6.432875705688845258e-03
2.776000342901212888e-03,-1.413824706919178246e-04,2.075422882313969659e-03,-6.240902002562233840e-03
2.759715220183631135e-03,-1.489056257241733660e-03,1.952444750413728563e-03,-6.047762927082112397e-03
2.718566174147272075e-03,-2.626837002186570725e-03,1.833364916763293839e-03,-5.852291036285164894e-03
2.656556684044918820e-03,-3.574300263897905137e-03,1.718235201510689243e-03,-5.653827729952293213e-03
2.577309171023080530e-03,-4.349963342182963481e-03,1.607116636970903120e-03,-5.452124582951127507e-03
2.484086299397686697e-03,-4.971271417013548889e-03,1.500072117816765539e-03,-5.247258208688436627e-03
2.379812475386665176e-03,-5.454594374949751044e-03,1.397160593132758992e-03,-5.039557372604151590e-03
2.267095287185241087e-03,-5.815233168565961917e-03,1.298432652256706300e-03,-4.829540378943815784e-03
2.148246743377307116e-03,-6.067434218591082756e-03,1.203927261894431741e-03,-4.617862201868327965e-03
2.025304168590496504e-03,-6.224410810256572439e-03,1.113669443591646996e-03,-4.405270000063265558e-03
1.900050592166634437e-03,-6.298370431803194079e-03,1.027668809499521912e-03,-4.192565754841016609e-03
1.774034549937688341e-03,-6.300546927261684721e-03,9.459187649452149372e-04,-3.980575635097802559e-03
1.648589204183374202e-03,-6.241236639706579208e-03,8.683962744076133972e-04,-3.770124981039438185e-03
1.524850707228356944e-03,-6.129837729069541677e-03,7.950620573022219124e-04,-3.562018223772724004e-03
1.403775754709700669e-03,-5.974891889207748635e-03,7.258611618326981296e-04,-3.357023056345746857e-03
1.286158284103658487e-03,-5.784127764769068404e-03,6.607238203395272066e-04,-3.155858348033687907e-03
1.172645297529241633e-03,-5.564505497125941079e-03,5.995665084796549188e-04,-2.959185281841923525e-03
1.063751785367027854e-03,-5.322261877598447911e-03,5.422931559452893492e-04,-2.767601158472982742e-03
9.598750276675853529e-04,-5.062956189495331286e-03,4.887965109439241064e-04,-2.581636091915570207e-03
8.613065657447786577e-04,-4.791513154277391925e-03,4.389592956208587349e-04,-2.401748175026622960e-03
7.682461570985478104e-04,-4.512269918532048341e-03,3.926559410561395358e-04,-2.228328593674013935e-03
6.808119550065684254e-04,-4.229018303194350022e-03,3.497537316950235370e-04,-2.061697422443536671e-03
5.990512869297250640e-04,-3.945047021503560354e-03,3.101142411549166257e-04,-1.902107863348790348e-03
5.229503067313727221e-04,-3.663182654733965031e-03,2.735946408368395907e-04,-1.749748774450962316e-03
4.524428445117121373e-04,-3.385828987062066645e-03,2.400489502514601499e-04,-1.604748085365034728e-03
3.874184913685034450e-04,-3.115004639131844014e-03,2.093292150853351364e-04,-1.467176733770788862e-03
3.277299464000392481e-04,-2.852378921568374595e-03,1.812866024618587063e-04,-1.337052919086176772e-03
2.731996651283361000e-04,-2.599305827803835133e-03,1.557724094678589373e-04,-1.214346571328648499e-03
2.236258468475325022e-04,-2.356856125231779862e-03,1.326389813132249063e-04,-1.098983925540992796e-03
1.787877994724437801e-04,-2.125847520828310754e-03,1.117405379963775204e-04,-9.908521166806100178e-04
1.384507191723097349e-04,-1.906872902508385294e-03,9.293390968089311249e-05,-8.898037193305385938e-04
1.023699255816035711e-04,-1.700326663011049325e-03,7.607918251813020874e-05,-7.956611838018898568e-04
7.029458898279462571e-05,-1.506429146157575076e-03,6.104025745524703397e-05,-7.082211095127613617e-04
4.197098691965756929e-05,-1.325249251161219992e-03,4.768532559338587243e-05,-6.272583266681347122e-04
1.714532125168067916e-05,-1.156725238500582505e-03,3.588726432791305000e-05,-5.525297533479374803e-04
-4.433855850976673623e-06,-1.000683818991567530e-03,2.552395865748516795e-05,-4.837780254628438852e-04
-2.301358451581942817e-05,-8.568575830554535670e-04,1.647855266527639088e-05,-4.207348573301599630e-04
-3.883477264242614829e-05,-7.249008428455316509e-04,8.639636443150471590e-06,-3.631241438427903145e-04
-5.213077361397015655e-05,-6.044039659487629185e-04,1.901373720743801528e-06,-3.106647977874526828e-04
-6.312623468090608817e-05,-4.949062786306482114e-04,-3.836424723857874358e-06,-2.630733244782227265e-04
-7.203623856722199349e-05,-3.959072103176208791e-04,-8.668288175705748345e-06,-2.200661651724547779e-04
-7.906546421742796909e-05,-3.068779238184835673e-04,-1.268306986719286244e-05,-1.813615341114394031e-04
-8.440786466131682333e-05,-2.272689830192410468e-04,-1.596403770873686102e-05,-1.466816728646403757e-04
-8.824628602652080905e-05,-1.565189172384686312e-04,-1.858895875330295744e-05,-1.157541072116977749e-04
-9.075228758890695419e-05,-9.406122134830198489e-05,-2.063021608867997707e-05,-8.831306342412052193e-05
-9.208610737996055374e-05,-3.933038254230143612e-05,-2.215495656612114165e-05,-6.410064367552009701e-05
-9.239673336565366023e-05,8.232910228043210354e-06,-2.322525796169701883e-05,-4.286777731025336264e-05
-9.182207102568556631e-05,4.917736258639669169e-05,-2.389831340971344505e-05,-2.437499990161412763e-05
-9.048919205952169538e-05,8.403739122681669858e-05,-2.422662954028868181e-05,-8.393065743697779055e-06
-8.851464957165946839e-05,1.133300921458661335e-04,-2.425823522163689409e-05,5.296591979283538405e-06
-8.600484810864505189e-05,1.375527962462808106e-04,-2.403689803708108791e-05,1.690153825583533907e-05
-8.305645916754008924e-05,1.571811556576357320e-04,-2.360234700128437425e-05,2.661813613237436012e-05
-7.975686756067531776e-05,1.726676983182496531e-04,-2.299049626252964095e-05,3.463146233864637246e-05
-7.618464350572497169e-05,1.844408028025485758e-04,-2.223366982920384099e-05,4.111531585710611063e-05
-7.241007824818125626e-05,1.929039784620094605e-04,-2.136080017797534130e-05,4.623226507277568720e-05
-6.849555995229946750e-05,1.984358658380816042e-04,-2.039773351859327225e-05,5.013379566033511936e-05
-6.449619635524831839e-05,2.013897060395937661e-04,-1.936736376993967001e-05,5.296087993895097620e-05
-6.046027856698217183e-05,2.020938270968173636e-04,-1.828987206101464878e-05,5.484387265594705291e-05
-5.642977656252297000e-05,2.008520056816271869e-04,-1.718293392638478746e-05,5.590297312737201301e-05
-5.244081683219099695e-05,1.979440343520885574e-04,-1.606192234574136597e-05,5.624862497683306327e-05
-4.852415963488043341e-05,1.936264316492301591e-04,-1.494009596819323373e-05,5.598193547011176541e-05
-4.470564738934986447e-05,1.881332707040622438e-04,-1.382878569272704886e-05,5.519510245763031386e-05
-4.100666879697028536e-05,1.816771411123915630e-04,-1.273755667770316959e-05,5.397183899335713787e-05
-3.744456433408876669e-05,1.744501583652297960e-04,-1.167438082314926074e-05,5.238780184678208608e-05
-3.403302610114239027e-05,1.666250104998407138e-04,-1.064579264255767293e-05,5.051107946157048671e-05
-3.078247557395860905e-05,1.583560471226356950e-04,-9.657035956566496082e-06,4.840265685582065952e-05
-2.770041918136090969e-05,1.497803880534485791e-04,-8.712201412459936171e-06,4.611687589183190031e-05
-2.479178171324499455e-05,1.410190383773411401e-04,-7.814354827464510986e-06,4.370188906604993419e-05
-2.205918210768531240e-05,1.321778827624621737e-04,-6.965670509433333298e-06,4.120016527088541568e-05
-1.950333770755898900e-05,1.233491360220441608e-04,-6.167495700125902021e-06,3.864874983443683092e-05
-1.712320664181218058e-05,1.146120747992788243e-04,-5.420502738678585627e-06,3.607980523782752574e-05
-1.491628011049167878e-05,1.060341659295392007e-04,-4.724765624233374395e-06,3.352104196744843030e-05
-1.287880744939029633e-05,9.767208929688726328e-05,-4.079845309614575156e-06,3.099606998787980303e-05
-1.100599871166488724e-05,8.957269205590456947e-05,-3.484869399750508818e-06,2.852477130579891685e-05
-9.292217352044443817e-06,8.177393531043121455e-05,-2.938601070937165703e-06,2.612364056392768650e-05
-7.731150523816690504e-06,7.430578450675796452e-05,-2.439503032303325980e-06,2.380610854451351826e-05
-6.315957436070230401e-06,6.719102414364388576e-05,-1.985796946528173582e-06,2.158286493105112904e-05
-5.039405072135349257e-06,6.044604009124644777e-05,-1.575515347993556384e-06,1.946215160621596183e-05
-3.893983715077873471e-06,5.408152428042201348e-05,-1.206549770098428961e-06,1.745004858654919294e-05
-2.872024690978676456e-06,4.810321734294543624e-05,-8.766874138757689469e-07,1.555070220568439276e-05
-1.965793291140349338e-06,4.251252485480715349e-05,-5.836500208431085194e-07,1.376656965565567145e-05
-1.167555093997137662e-06,3.730709922327376957e-05,-3.251231033163637043e-07,1.209864324814812134e-05
-4.696586112014432570e-07,3.248136979323596601e-05,-9.878608645725792809e-08,1.054665645303215810e-05
1.354457009027711605e-07,2.802707336096705546e-05,9.767586619831068640e-08,9.109249243605909745e-06
6.550508706727806530e-07,2.393357702008722145e-05,2.665199278919583904e-07,7.784193445086560613e-06
1.096218420633533308e-06,2.018841367693966168e-05,4.099489043893961166e-07,6.568464531689652599e-06
1.465804191588169374e-06,1.677783189710816493e-05,5.301253265532612568e-07,5.458340132624842866e-06
1.770352410585044572e-06,1.368676293512447392e-05,6.291188525999642653e-07,4.449709988612524420e-06
2.016094948488039154e-06,1.089931857093043881e-05,7.089134436003454627e-07,3.538033496841597755e-06
2.208940324694715555e-06,8.399018966046183570e-06,7.713992666840460435e-07,2.718482072101898143e-06
2.354466165586035465e-06,6.169007736531171650e-06,8.183676442905256490e-07,1.986032584297087654e-06
2.457909372782545698e-06,4.192297175374399675e-06,8.515085221795144635e-07,1.335522577988380738e-06
2.524219728950989618e-06,2.451947313178290459e-06,8.724254009989094755e-07,7.617255553855173065e-07
2.557908449849036337e-06,9.311168953172262814e-07,8.825838179617654475e-07,2.594419295806981098e-07
2.563203877331632309e-06,-3.866632330256954039e-07,8.833623057494012170e-07,-1.765088124880993101e-07
2.544012560460596132e-06,-1.517475425932087742e-06,8.760383169289857480e-07,-5.511930822318377988e-07
2.503920447052006153e-06,-2.476846993508214102e-06,8.617874999609524430e-07,-8.695790674735180847e-07
2.446212551611472107e-06,-3.279763353949100704e-06,8.416894231927081346e-07,-1.136445006281562253e-06
2.373879523283599537e-06,-3.940573351668681280e-06,8.167296762351261001e-07,-1.356400513345251798e-06
2.289629657319075586e-06,-4.472940786867719525e-06,7.878027657491365566e-07,-1.533862361183872628e-06
2.195903156081515516e-06,-4.889817754023002867e-06,7.557164148494395351e-07,-1.673032689570541283e-06
2.094888107619204168e-06,-5.203424338256107191e-06,7.211965097268015056e-07,-1.777889856479711817e-06
1.988533095027512884e-06,-5.425228718912674133e-06,6.848907747233199628e-07,-1.852185943033493342e-06
1.878566088184576860e-06,-5.565953812259094996e-06,6.473747152487338820e-07,-1.899435807737342131e-06
1.766508845471091296e-06,-5.635586861493884129e-06,6.091561655222220121e-07,-1.922918254869446480e-06
1.653689500479196998e-06,-5.643380180542558204e-06,5.706793216809321660e-07,-1.925684322918935169e-06
1.541258021273612017e-06,-5.597866080238171264e-06,5.323295896123827393e-07,-1.910557418157318457e-06
1.430200971623814894e-06,-5.506882895280562778e-06,4.944382936488151418e-07,-1.880135185008698873e-06
1.321355094134282581e-06,-5.377598741438987071e-06,4.572870801575137534e-07,-1.836798243901841924e-06
1.215419908492402326e-06,-5.216541176265363797e-06,4.211119963820320602e-07,-1.782717448784872877e-06
1.112971930560008427e-06,-5.029619538881732102e-06,3.861077658032135507e-07,-1.719865864384306140e-06
1.014473381517657502e-06,-4.822164109604917373e-06,3.524317014210915932e-07,-1.650022183357145704e-06
9.202867293429846410e-07,-4.598949597358228390e-06,3.202073981200775257e-07,-1.574788598606699291e-06
8.306842187315621060e-07,-4.364233158013553240e-06,2.895281840424744169e-07,-1.495594242170115552e-06
7.458578759631078053e-07,-4.121786441012957399e-06,2.604604468039438725e-07,-1.413707602456657651e-06
6.659288761705190419e-07,-3.874928160338637452e-06,2.330467323222610330e-07,-1.330247222898684353e-06
5.909562670247362244e-07,-3.626556394469158565e-06,2.073086349576026325e-07,-1.246192086086329718e-06
5.209450556698183268e-07,-3.379180287988374308e-06,1.832494830149128691e-07,-1.162391829401506520e-06
4.558530773089438727e-07,-3.134950645817490193e-06,1.608567959381110581e-07,-1.079576890643916595e-06
3.955986798705485881e-07,-2.895689715808687484e-06,1.401045859384354517e-07,-9.983685055270775166e-07
3.400671346912237050e-07,-2.662920450384759438e-06,1.209554739346797431e-07,-9.192873344101369915e-07
2.891160101529413438e-07,-2.437894461404224567e-06,1.033625958441180261e-07,-8.427622014243664720e-07
2.425803187298288737e-07,-2.221617605501588193e-06,8.727134931991748502e-08,-7.691396381165012036e-07
2.002771864653500813e-07,-2.014875080336054175e-06,7.262095743825541777e-08,-6.986917329421622129e-07
1.620100294244425773e-07,-1.818254819544854714e-06,5.934587834257509209e-08,-6.316239805963996821e-07
1.275722763153851949e-07,-1.632169448706424571e-06,4.737706345532063336e-08,-5.680826163665730447e-07
9.675066874043327246e-08,-1.456876951583899102e-06,3.664307400444169823e-08,-5.081613670380997549e-07
6.932815976879761419e-08,-1.292499657897903668e-06,2.707106652189371491e-08,-4.519079736168379072e-07
4.508644906487742820e-08,-1.139042022698444935e-06,1.858765385653149794e-08,-3.993300218143216331e-07
2.380760696471332306e-08,-9.964071239863419210e-07,1.111950195280293182e-08,-3.504003938732205695e-07
5.276096370752048800e-09,-8.644111382106619592e-07,4.593998826802400597e-09,-3.050625206284722311e-07
-1.071822338859909915e-08,-7.427967190151143142e-07,-1.059831386649450374e-09,-2.632348311562734065e-07
-2.437936675832590679e-08,-6.312464487123004163e-07,-5.910996935262562898e-09,-2.248144579860764569e-07
-3.590449635689755836e-08,-5.293942445537242251e-07,-1.002626379693057722e-08,-1.896815441758129686e-07
-4.548340267465371566e-08,-4.368358554420138583e-07,-1.346997391334977771e-08,-1.577026744423216123e-07
-5.320373018892920776e-08,-3.530809465753746841e-07,-1.627194114915328005e-08,-1.287496727730293854e-07
-5.933820400989144284e-08,-2.778016152408246436e-07,-1.852483232071053451e-08,-1.026393856759998862e-07
-6.405119047232062934e-08,-2.105052983258012576e-07,-2.028419082013844932e-08,-7.924443309954758728e-08
-6.751321814959736123e-08,-1.507064371808425633e-07,-2.160812547547781645e-08,-5.840535138546903934e-08
-6.986741116173584075e-08,-9.790334349873792280e-08,-2.254551989406500525e-08,-3.995882825316448831e-08
-7.124689325195237045e-08,-5.160168078894867372e-08,-2.314193590405234867e-08,-2.373888420507865189e-08
-7.177509360459366734e-08,-1.131705805949094379e-08,-2.343966726750722548e-08,-9.581989092304607279e-09
-7.156324176891605272e-08,2.341938317682105179e-08,-2.347677854240688608e-08,2.672353970553736502e-09
-7.072072595321516793e-08,5.306643396104697263e-08,-2.329089432062371798e-08,1.317511675765019695e-08
-6.934409934900762132e-08,7.806614549119063642e-08,-2.291536860758076497e-08,2.207630229372154433e-08
-6.752019200773298077e-08,9.883871634479756391e-08,-2.238016566494083724e-08,2.952095567734108868e-08
-6.532902763244265003e-08,1.157833362878053311e-07,-2.171275029318505953e-08,3.564569171365681447e-08
-6.284237568222099366e-08,1.292811990189036432e-07,-2.093790205067507334e-08,4.057830896686462401e-08
-6.012465794419619316e-08,1.396914454414897480e-07,-2.007791884405908723e-08,4.444077134097626662e-08
-5.723338833509397466e-08,1.473512728868602919e-07,-1.915274976028311066e-08,4.734792454129789763e-08
-5.421961174345646495e-08,1.525759470318056857e-07,-1.818013983337706816e-08,4.940730202737534778e-08
-5.112834061155178141e-08,1.556589740075353269e-07,-1.717577599814497714e-08,5.071914464104047561e-08
-4.799898118246247978e-08,1.568725439523999163e-07,-1.615343761978409195e-08,5.137646436219474117e-08
-4.486575831665833914e-08,1.564677142494993416e-07,-1.512511945534991698e-08,5.146537397892554702e-08
-4.175814422152620291e-08,1.546752861115671619e-07,-1.410118654688792559e-08,5.106500818889506086e-08
-3.870124910363796209e-08,1.517065102348556002e-07,-1.309050926880237893e-08,5.024786641513013077e-08
-3.571616076230809128e-08,1.477539986878654576e-07,-1.210058882072166835e-08,4.908006570458700388e-08
-3.282035680498039490e-08,1.429922780852179898e-07,-1.113767745609818802e-08,4.762181003391382958e-08
-3.002803792556611435e-08,1.375788717844831897e-07,-1.020689730201031891e-08,4.592746507665257503e-08
-2.735045651058675875e-08,1.316552153084280250e-07,-9.312352463962942701e-09,4.404592522272691186e-08
-2.479622650150676596e-08,1.253476058748337217e-07,-8.457234327829569702e-09,4.202093810907608177e-08
-2.237161415308565368e-08,1.187681604975343748e-07,-7.643920424486296374e-09,3.989142507387143357e-08
-2.008080966550219119e-08,1.120157708330613387e-07,-6.874066903344530135e-09,3.769180033704642705e-08
-1.792617986372970901e-08,1.051770461852444090e-07,-6.148694666793702477e-09,3.545228680174250313e-08
-1.590850225038044157e-08,9.832723759067748979e-08,-5.468269262745478824e-09,3.319922612622703118e-08
-1.402718088476482393e-08,9.153113710076114169e-08,-4.832774675546403141e-09,3.095538102668690518e-08
-1.228044464527302849e-08,8.484394743443799227e-08,-4.241781191915043819e-09,2.874022811957681360e-08
-1.066566941784559108e-08,7.831272453241231235e-08,-3.694458230734401816e-09,2.656999975635177246e-08
-9.178967476101031800e-09,7.197474385625106298e-08,-3.189833453106435224e-09,2.445888560812343385e-08
-7.816218945519771218e-09,6.586190044644788456e-08,-2.726532585559240610e-09,2.241799470250146293e-08
-6.572606221539716708e-09,5.999904478491904938e-08,-2.303038495324863560e-09,2.045630196695510232e-08
-5.442887872249309053e-09,5.440521758171281642e-08,-1.917679240561966516e-09,1.858082778154829792e-08
-4.421506641982378756e-09,4.909430143807809768e-08,-1.568664938021028827e-09,1.679681341000565431e-08
-3.502685102335659973e-09,4.407561828124577684e-08,-1.254120853890495811e-09,1.510791780643774384e-08
-2.680509896265503959e-09,3.935448360728102724e-08,-9.721166707848266933e-10,1.351640561134289810e-08
-1.949005411408705229e-09,3.493271974608128317e-08,-7.206921599498863234e-10,1.202332213739356446e-08
-1.302197687631694803e-09,3.080912931968107323e-08,-4.978795219947923416e-10,1.062865509221335978e-08
-7.341693395795318064e-10,2.697993012858312675e-08,-3.017226573836071757e-10,9.331483351176428211e-09
-2.391062482050877693e-10,2.343915286642265750e-08,-1.302936200719934246e-10,8.130113219384051572e-09
1.886632545801116144e-10,2.017900320788859247e-08,1.829350186204801750e-11,7.022202681917455484e-09
5.546360163114462551e-10,1.719018992675439232e-08,1.458710452453940485e-10,6.004874182894820064e-09
8.641078517814440476e-10,1.446222078201481374e-08,2.542083483319289648e-10,5.074816503820843387e-09
1.122152866050518903e-09,1.198366796385124607e-08,3.450042343202039923e-10,4.228376332134962488e-09
1.333607726672352205e-09,9.742404920784205457e-09,4.198812033343532326e-10,3.461640122970168766e-09
1.503060335694479668e-09,7.725816398024133723e-09,4.803811464536586528e-10,2.770506861982030474e-09
1.634842388485473046e-09,5.920983507563601628e-09,5.279624075116691682e-10,2.150752335682277596e-09
1.733025342546113298e-09,4.314845625601473728e-09,5.639980304247907754e-10,1.598085508890675179e-09
1.801419354903632725e-09,2.894340874852480636e-09,5.897750416554044396e-10,1.108197597537121031e-09
1.843574781231381248e-09,1.646526900365707658e-09,6.064946289838836726e-10,6.768044098350028821e-10
1.862785863288182004e-09,5.586835896320427096e-10,6.152730889894463691e-10,2.996825104926590090e-10
1.862096263476421427e-09,-3.816006772098922231e-10,6.171434264663582267e-10,-2.730025826379492746e-11
1.844306136153206677e-09,-1.186357731755419376e-09,6.130574993857596445e-10,-3.081593879670511030e-10
1.811980454702150090e-09,-1.867181835586753292e-09,6.038886129207749307e-10,-5.467729609723533097e-10
1.767458341218436281e-09,-2.435184049110503643e-09,5.904344754590586427e-10,-7.468650922449075635e-10
1.712863171934200846e-09,-2.900957466846058738e-09,5.734204384160916776e-10,-9.119931209314603907e-10
1.650113256192632032e-09,-3.274552114932490937e-09,5.535029500250260505e-10,-1.045538143246292934e-09
1.580932909863350359e-09,-3.565458386428582228e-09,5.312731611114630272e-10,-1.150698504724167139e-09
1.506863765589497115e-09,-3.782597968969165454e-09,5.072606281663787873e-10,-1.230485896214996149e-09
1.429276182192698012e-09,-3.934321296897673709e-09,4.819370658141969247e-10,-1.287723723901202560e-09
1.349380633970862810e-09,-4.028410635601494500e-09,4.557201070462857132e-10,-1.325047448933585626e-09
1.268238977549924694e-09,-4.072087979013218450e-09,4.289770353667572810e-10,-1.344906616845479835e-09
1.186775509445961215e-09,-4.072027011758121280e-09,4.020284582937520838e-10,-1.349568320609205995e-09
1.105787741616377533e-09,-4.034368454962125717e-09,3.751518964940056524e-10,-1.341121863931814683e-09
1.025956835090326578e-09,-3.964738179075567618e-09,3.485852672215996405e-10,-1.321484413087379951e-09
9.478576433349627955e-10,-3.868267528072885770e-09,3.225302447048375322e-10,-1.292407446188578075e-09
8.719683274033945929e-10,-3.749615356962275291e-09,2.971554837005068921e-10,-1.255483828273426312e-09
7.986795141916811600e-10,-3.612991338628267079e-09,2.725996956351822787e-10,-1.212155358913197471e-09
7.283029773756237123e-10,-3.462180146630643326e-09,2.489745696018501142e-10,-1.163720656208936161e-09
6.610798278730769261e-10,-3.300566167709161765e-09,2.263675330000396079e-10,-1.111343257063410655e-09
5.971882070527785048e-10,-3.131158441455950219e-09,2.048443488217662143e-10,-1.056059828483618952e-09
5.367504814536845205e-10,-2.956615564985159619e-09,1.844515485164177054e-10,-9.987883984281317686e-10
4.798399425551606133e-10,-2.779270337552715355e-09,1.652187010371727137e-10,-9.403365273835871200e-10
4.264870192115994281e-10,-2.601153954069790524e-09,1.471605201009623070e-10,-8.814093534703163797e-10
3.766850137962076136e-10,-2.424019587436785351e-09,1.302788129038520876e-10,-8.226174544863302840e-10
3.303953759462718636e-10,-2.249365227737615641e-09,1.145642745437068264e-10,-7.644844799372998460e-10
2.875525301217895804e-10,-2.078455671718534953e-09,9.999813323083452611e-11,-7.074545148213013022e-10
2.480682750336385101e-10,-1.912343578782162104e-09,8.655365203278968747e-11,-6.518991447844508040e-10
2.118357744161369810e-10,-1.751889530105451891e-09,7.419749341844119716e-11,-5.981241992901148321e-10
1.787331596585618682e-10,-1.597781045593320771e-09,6.289095325455469049e-11,-5.463761557010909528e-10
1.486267655145363731e-10,-1.450550529359790748e-09,5.259107118028840947e-11,-4.968481927086904911e-10
1.213740205177418425e-10,-1.310592128436797694e-09,4.325162445495402183e-11,-4.496858864060862177e-10
9.682601388475087972e-11,-1.178177501592749492e-09,3.482401245489708711e-11,-4.049925465486532080e-10
7.482976061561590250e-11,-1.053470505645252534e-09,2.725803899825222257e-11,-3.628341942120118258e-10
5.523018624206750798e-11,-9.365408156104710437e-10,2.050259961247210172e-11,-3.232441852042815505e-10
3.787185225092769166e-11,-8.273765025838396897e-10,1.450628073891868976e-11,-2.862274862476427401e-10
2.260044265320544775e-11,-7.258955995155290928e-10,9.217877700487123131e-12,-2.517646131705841962e-10
9.264031501392102678e-12,-6.319566901562712684e-10,4.586838050471156864e-12,-2.198152421764138204e-10
-2.285849599578298810e-12,-5.453685605176536036e-10,5.636366811622072909e-13,-1.903215067193820719e-10
-1.219332576887710903e-11,-4.658989553240829656e-10,-2.899911194341422821e-12,-1.632109936675695177e-10
-2.059745757384767155e-11,-3.932824842361252947e-10,-5.850393357924086124e-12,-1.383994532876048789e-10
-2.763166777719200587e-11,-3.272277241899190871e-10,-8.332594668861054459e-12,-1.157932381893021475e-10
-3.342330062159939015e-11,-2.674235651141764141e-10,-1.038933668934191266e-11,-9.529148674985817897e-11
-3.809329911609355728e-11,-2.135448466399770635e-10,-1.206135794213679388e-11,-7.678806671460121051e-11
-4.175598673919620514e-11,-1.652573332802020412e-10,-1.338723020348235991e-11,-6.017329468772400908e-11
-4.451894091680276318e-11,-1.222220750006954340e-10,-1.440330654667802244e-11,-4.533544708702359182e-11
-4.648294655985542441e-11,-8.409919919306751772e-11,-1.514369716002481728e-11,-3.216207787949212084e-11
-4.774201885211134813e-11,-5.055117885146517883e-11,-1.564026926435520813e-11,-2.054115804760761492e-11
-4.838348535626719450e-11,-2.124562030314043590e-11,-1.592266774861546319e-11,-1.036205128469462725e-11
-4.841525098979374587e-11,4.131876783117998713e-12,-1.599280201165946275e-11,-1.509247834879276764e-12
-4.799577943056663932e-11,2.586951569403836570e-11,-1.590522530005393778e-11,6.096282597849633973e-12
-4.719300102944879416e-11,4.428218649378356317e-11,-1.568317635071534092e-11,1.256446664076001266e-11
-4.606874621486101278e-11,5.967193978916715321e-11,-1.534781429950306061e-11,1.799757667814968429e-11
-4.471479349882545962e-11,7.236483197214287724e-11,-1.493152135896300736e-11,2.247663294910318375e-11
-4.313792258352483888e-11,8.260053099549741743e-11,-1.443595729230396961e-11,2.613990461878326147e-11
-4.138405182356955167e-11,9.063570284704301272e-11,-1.387664124915295862e-11,2.905018089919902444e-11
-3.949423135374838732e-11,9.670589153375817590e-11,-1.326766590830728584e-11,3.128383015698390215e-11
-3.750499678015997163e-11,1.010309788048027482e-10,-1.262162611184232556e-11,3.291491613393313001e-11
-3.544867218473137711e-11,1.038160028603718573e-10,-1.194969338867976239e-11,3.401294043951516597e-11
-3.335366364867497294e-11,1.052514301501744302e-10,-1.126171018775578197e-11,3.464260296002627672e-11
-3.124474702312090699e-11,1.055134521170685926e-10,-1.056628528860819292e-11,3.486384898671989491e-11
-2.914334873727626732e-11,1.047643632319769740e-10,-9.870887472966885288e-12,3.473197956424426961e-11
-2.706781810780118618e-11,1.031530131960460847e-10,-9.181936604348839878e-12,3.429779244179513493e-11
-2.503368983755927028e-11,1.008153196884459703e-10,-8.504891609889281313e-12,3.360774520846751644e-11
-2.305393565800487168e-11,9.787482854499976192e-11,-7.844334983488575513e-12,3.270413564404717083e-11
-2.113920431545903336e-11,9.444330955065271490e-11,-7.204053518053711830e-12,3.162529516115137510e-11
-1.929804932130208399e-11,9.062137734644723485e-11,-6.587115050825040239e-12,3.040579171006802762e-11
-1.753714408051184860e-11,8.649912819126965730e-11,-5.995941072943783094e-12,2.907663894492896096e-11
-1.586148418366078980e-11,8.215678447246781576e-11,-5.432375113487181019e-12,2.766550884147318987e-11
-1.427457679619519872e-11,7.766533992544628887e-11,-4.897746859803328209e-12,2.619694531941152648e-11
-1.277861720726565393e-11,7.308719950417855975e-11,-4.392932020690717680e-12,2.469257675654765833e-11
-1.137465271021671873e-11,6.847680874440401349e-11,-3.918407977349796870e-12,2.317132558817636945e-11
-1.006273407967464261e-11,6.388126828238314869e-11,-3.474305299607313047e-12,2.164961346652573320e-11
-8.842054987522989324e-12,5.934092993815419286e-11,-3.060455232211569533e-12,2.014156070872362815e-11
-7.711079763390057002e-12,5.488997144631872179e-11,-2.676433278484308104e-12,1.865917899462175354e-11
-6.667659955968703722e-12,5.055694752426782152e-11,-2.321599026774839158e-12,1.721255648264096570e-11
-5.709140190851802640e-12,4.636531551070103930e-11,-1.995132379439104298e-12,1.581003469860905594e-11
-4.832453849830514281e-12,4.233393428975544929e-11,-1.696066354852412094e-12,1.445837672000348191e-11
-4.034209116908234433e-12,3.847753564357050923e-11,-1.423316640669745722e-12,1.316292632428525116e-11
-3.321638228040304115e-12,3.479175902898613189e-11,-1.179151707978743316e-12,1.193294711333475197e-11
-2.679613271120066525e-12,3.131134838078777642e-11,-9.587243161554008361e-13,1.075834626453534248e-11
-2.104022430132196007e-12,2.803654870861736949e-11,-7.607554861646521074e-13,9.650206682403734228e-12
-1.590742159970782571e-12,2.496804594726687581e-11,-5.838886706934491240e-13,8.610308907431237610e-12
-1.135661500597025369e-12,2.210482831743877542e-11,-4.267591390026451209e-13,7.638662658869894062e-12
-7.347163407253086058e-13,1.944416670301827952e-11,-2.880132508566014232e-13,6.734548843830214461e-12
-3.839200656871600496e-13,1.698185374183428113e-11,-1.663199698127755999e-13,5.896717186333287527e-12
-7.938932370682687340e-14,1.471244930578493808e-11,-6.037999139925940374e-14,5.123482681808790017e-12
1.826347995536937457e-13,1.262950541270198651e-11,3.106677572858458030e-14,4.412803859077005604e-12
4.057697596022971145e-13,1.072576881796090703e-11,1.092351581697455981e-13,3.762352297338663644e-12
5.934782541592677961e-13,8.993362303119860391e-12,1.752899429192191738e-13,3.169574824624905250e-12
7.490582409754727856e-13,7.423945982838988096e-12,2.303422415076544089e-13,2.631748951897012890e-12
8.756358935748485900e-13,6.008859975745288814e-12,2.754468649769134420e-13,2.146032001300635125e-12
9.761611427315122689e-13,4.739249768377757914e-12,3.116005904555424213e-13,1.709504371433784502e-12
1.053405477643880743e-12,3.606175573264167703e-12,3.397412087944302470e-13,1.319207372205403106e-12
1.109961706209351246e-12,2.600706944473059440e-12,3.607472512078619951e-13,9.721760512069162352e-13
1.148245398411192687e-12,1.714003871191768282e-12,3.754383010858786145e-13,6.654674195600194573e-13
1.170497760488425019e-12,9.373855210890593161e-13,3.845758050582112754e-13,3.961844694870252857e-13
1.178789710185273698e-12,2.623877527298108487e-13,3.888643049799971857e-13,1.614963594776029219e-13
1.175026944913296796e-12,-3.191895387182930648e-13,3.889530197439248552e-13,-4.134487526192665697e-14
1.160955815054965364e-12,-8.152442358604694511e-13,3.854377126829301177e-13,-2.149907483067726503e-13
1.138169833872365186e-12,-1.233342025058921302e-12,3.788627868124042042e-13,-3.619855633725944827e-13
1.108116673541582056e-12,-1.580693744654676635e-12,3.697235562543798536e-13,-4.847581712767721174e-13
1.072105513714908597e-12,-1.864139224712916354e-12,3.584686478949167878e-13,-5.856159613144309415e-13
1.031314624732874602e-12,-2.090136845482742862e-12,3.455024926400691396e-13,-6.667408257869720981e-13
9.867990821808090874e-13,-2.264758098949477238e-12,3.311878705803465328e-13,-7.301868544878180685e-13
9.394985229406504019e-13,-2.393686493286372807e-12,3.158484789443129981e-13,-7.778795348250729368e-13
8.902448652664786300e-13,-2.482220193472107108e-12,2.997714959217326564e-13,-8.116162517182220374e-13
8.397699267448149421e-13,-2.535277843239566801e-12,2.832101173003110766e-13,-8.330678977362854562e-13
7.887128843339946090e-13,-2.557407062912420647e-12,2.663860463835045462e-13,-8.437814211572256135e-13
7.375934209407915328e-13,-2.554015442568144345e-12,2.495036663124509479e-13,-8.447345191100328452e-13
6.869372898057809506e-13,-2.526080888956838112e-12,2.327028425558931282e-13,-8.388790634540037179e-13
6.371365251686470643e-13,-2.479005662499193293e-12,2.161353857834161671e-13,-8.255135818558779219e-13
5.885279163882975970e-13,-2.415764231313813689e-12,1.999249348724152379e-13,-8.063516735872821929e-13
5.413905807455501948e-13,-2.339213146018002904e-12,1.841708931713840291e-13,-7.824592105417607996e-13
4.959505666296355376e-13,-2.251946173325166989e-12,1.689539238979632298e-13,-7.547358768251713103e-13
4.523861783222349859e-13,-2.156289891854861799e-12,1.543382312844191403e-13,-7.239824573036045588e-13
4.108330961002379681e-13,-2.054318184898244180e-12,1.403733457489329909e-13,-6.909132655150795897e-13
3.713891749174991081e-13,-1.947868767365965029e-12,1.270957551614977975e-13,-6.561624622587861876e-13
3.341189121055227684e-13,-1.838559737671829448e-12,1.145304208998219719e-13,-6.202896549277295552e-13
2.990575886715517048e-13,-1.727805826859004718e-12,1.026921845427713916e-13,-5.837853287314826340e-13
2.662150921939499235e-13,-1.616834219523516160e-12,9.158706813099761264e-14,-5.470761376956894246e-13
2.355794312309780940e-13,-1.506699859370383310e-12,8.121347115879661642e-14,-5.105300321799816987e-13
2.071199526145099613e-13,-1.398300170833691496e-12,7.156326791510752742e-14,-4.744612003797926938e-13
1.807902741263839925e-13,-1.292389144033633305e-12,6.262280920117436913e-14,-4.391348039264479585e-13
1.565309459067548328e-13,-1.189590743447574012e-12,5.437383276392807663e-14,-4.047714932604956321e-13
1.342718545523220854e-13,-1.090411612552589095e-12,4.679428700667619286e-14,-3.715516925811314786e-13
1.139343842567879506e-13,-9.952530570533044282e-13,3.985907268749515339e-14,-3.396196477328427589e-13
9.543334954538730448e-14,-9.044222988791751292e-13,3.354070741543350228e-14,-3.090872325253903417e-13
7.867871420385409366e-14,-8.181430000942197296e-13,2.780991776585897022e-14,-2.800375140728052397e-13
6.357711089417379366e-14,-7.365650639393200526e-13,2.263616383908712217e-14,-2.525280768021929861e-13
5.003317573684069589e-14,-6.597737246292132151e-13,1.798810101151159040e-14,-2.265941100704175629e-13
3.795071181773001153e-14,-5.877979432782404830e-13,1.383398353566873255e-14,-2.022512639432452026e-13
2.723369517220701513e-14,-5.206181310687262654e-13,1.014201452634355878e-14,-1.794982795162359589e-13
1.778713633166269359e-14,-4.581732236855341743e-13,6.880646715107189724e-15,-1.583194019099070561e-13
9.517809991534201871e-15,-4.003671339818828695e-13,4.018838187489791718e-15,-1.386865844315012069e-13
2.334864791039454568e-15,-3.470746117411850687e-13,1.526267140055712287e-15,-1.205614928561431191e-13
-3.849675397285895568e-15,-2.981465403515908260e-13,-6.264905100174571533e-16,-1.038973204352948050e-13
-9.120507890161296767e-15,-2.534147017306710747e-13,-2.467817022786835030e-15,-8.864042297672122690e-14
-1.355873517843943906e-14,-2.126960409299441202e-13,-4.024938812635327608e-15,-7.473178495628034527e-14
-1.724162695591818581e-14,-1.757964620253099763e-13,-5.323839289741010926e-15,-6.210832724430925497e-14
-2.024245130841082981e-14,-1.425141870585708399e-13,-6.389195547744227569e-15,-5.070406606608430537e-14
-2.263036679939417765e-14,-1.126427088004680201e-13,-7.244336100680469451e-15,-4.045113468047445703e-14
-2.447036780081358901e-14,-8.597336789559054656e-14,-7.911217070004478886e-15,-3.128067720296325010e-14
-2.582327601375590496e-14,-6.229758396990535065e-14,-8.410414419854715606e-15,-2.312362456957631780e-14
-2.674577169890672756e-14,-4.140876921617335044e-14,-8.761130032891787797e-15,-1.591136226951344425e-14
-2.729045868958900106e-14,-2.310395184171588520e-14,-8.981209605943699239e-15,-9.576299111229776553e-15
-2.750595779115170041e-14,-7.185135678075620194e-15,-9.087170520356186879e-15,-4.052345667275498922e-15
-2.743702367302392040e-14,6.539579266637487284e-15,-9.094238016405056331e-15,7.246888549031030880e-16
-2.712468083951558444e-14,1.825509156033965777e-14,-9.016388156400729923e-15,4.816773836635264157e-15
-2.660637471624543468e-14,2.813858622221831734e-14,-8.866396214882400323e-15,8.283400815487824791e-15
-2.591613431104294210e-14,3.635899494232039676e-14,-8.655889281037206601e-15,1.118138617857416935e-14
-2.508474330422830396e-14,4.307660913083113855e-14,-8.395401988909747235e-15,1.356472666124957346e-14
-2.413991679383814849e-14,4.844282755350094928e-14,-8.094434414953813044e-15,1.548450148571577175e-14
-2.310648126010571179e-14,5.260002199995644262e-14,-7.761511305332233440e-15,1.698881500252673798e-14
-2.200655563391237379e-14,5.568150512320576933e-14,-7.404241890492161093e-15,1.812277547901450589e-14
-2.085973163828812761e-14,5.781158671344576508e-14,-7.029379660138474188e-15,1.892850384036415626e-14
-1.968325184503697408e-14,5.910570478481368634e-14,-6.642881544041520685e-15,1.944516949606155876e-14
-1.849218412556397787e-14,5.967062014280089015e-14,-6.249966043230558949e-15,1.970904768828735918e-14
-1.729959139977295053e-14,5.960466322233258864e-14,-5.855169920923174788e-15,1.975359579696036799e-14
-1.611669578264424295e-14,5.899802382556069341e-14,-5.462403135647670582e-15,1.960954462860765054e-14
-1.495303641040060207e-14,5.793307472101445069e-14,-5.075001758431050627e-15,1.930500200900531656e-14
-1.381662038677313370e-14,5.648472149802723070e-14,-4.695778673222684740e-15,1.886556576055542057e-14
-1.271406643331636038e-14,5.472077163256983828e-14,-4.327071906016449618e-15,1.831444392498743220e-14
-1.165074095530236515e-14,5.270231658027058704e-14,-3.970790471271709939e-15,1.767258006899186387e-14
-1.063088634157987790e-14,5.048412179971539721e-14,-3.628457673791968605e-15,1.695878110315754794e-14
-9.657741420881292886e-15,4.811501947117680684e-14,-3.301251815521858921e-15,1.618984763105011173e-14
-8.733654074126041796e-15,4.563830046002532717e-14,-2.990044308732554915e-15,1.538070346726322478e-14
-7.860186077783757161e-15,4.309210165554520104e-14,-2.695435210786644944e-15,1.454452441585068622e-14
-7.038210315344928226e-15,4.050978581065939450e-14,-2.417786214374722498e-15,1.369286507525578389e-14
-6.268000541334092366e-15,3.792031166058580966e-14,-2.157251156113856894e-15,1.283578215727175542e-14
-5.549313929144998159e-15,3.534859194389297178e-14,-1.913804109190191788e-15,1.198195457917297691e-14
-4.881466663330561107e-15,3.281583812291016224e-14,-1.687265147833273210e-15,1.113879882721145449e-14
-4.263402869021108115e-15,3.033989008584799711e-14,-1.477323872818431993e-15,1.031257993695078759e-14
-3.693757186348183804e-15,2.793553034909019459e-14,-1.283560801494380775e-15,9.508517067219373257e-15
-3.170911315441094185e-15,2.561478175816313871e-14,-1.105466728596689806e-15,8.730883786747893796e-15
-2.693044867051107759e-15,2.338718836650740196e-14,-9.424601637747934099e-16,7.983103060249037997e-15
-2.258180857813108150e-15,2.126007933010517000e-14,-7.939029596388019914e-16,7.267836429471649397e-15
-1.864226188783313614e-15,1.923881588902709671e-14,-6.591142481363373114e-16,6.587067277683811752e-15
-1.509007450032924595e-15,1.732702114813932509e-14,-5.373827862236025040e-16,5.942179296734090589e-15
-1.190302380363245795e-15,1.552679362548215824e-14,-4.279778343467940811e-16,5.334028376540735985e-15
-9.058673117429283713e-16,1.383890425229874160e-14,-3.301586669745901079e-16,4.763010000805982404e-15
-6.534609143738595096e-16,1.226297780022322548e-14,-2.431828250186106325e-16,4.229120859508744979e-15
-4.308645483476868879e-16,1.079765909367895438e-14,-1.663132130888588533e-16,3.732015497841499335e-15
-2.358995151358352273e-16,9.440764724135358684e-15,-9.882414090402297701e-17,3.271057997368581209e-15
-6.644149191180960910e-17,8.189420718880842569e-15,-4.000640014626463869e-17,2.845369208819541511e-15
7.956758539224305980e-17,7.040187135933001021e-15,1.082853274293735567e-17,2.453869436871583421e-15
2.041099387482281333e-16,5.989170228816211867e-15,5.434507842011480280e-17,2.095316676461843373e-15
3.090844241315506492e-16,5.032122720982712936e-15,9.118084802203778066e-17,1.768341421939325588e-15
3.963008464655122101e-16,4.164533303411410886e-15,1.219445649265690620e-16,1.471477106006065402e-15
4.674759033848634074e-16,3.381705713463692857e-15,1.472145484298880340e-16,1.203187519201077752e-15
5.242305634819898695e-16,2.678828303288559260e-15,1.675376961373158567e-16,9.618910275581445206e-16
5.680887008763151738e-16,2.051034877442552417e-15,1.834288976284627996e-16,7.459813683998454454e-16
6.004768195188599563e-16,1.493457319800669151e-15,1.953708285690049926e-16,5.538461600841581642e-16
6.227247146603918588e-16,1.001270762909830061e-15,2.038140720435789188e-16,3.838826408420008002e-16
6.360669341347743608e-16,5.697320630982573331e-16,2.091775147553134000e-16,2.345108341552772272e-16
6.416449100407714998e-16,1.942118712867324331e-16,2.118489844693054532e-16,1.041852917666932139e-16
6.405096471677230039e-16,-1.297787678514306412e-16,2.121860804969769157e-16,-8.595860863868069717e-18
6.336248640823180508e-16,-4.065669417953265042e-16,2.105171673926590895e-16,-1.052830202419871680e-16
6.218704946642756838e-16,-6.403008560805921354e-16,2.071424936814417199e-16,-1.872693330332967743e-16
6.060464642612020837e-16,-8.349370616039964515e-16,2.023354148983256038e-16,-2.558856418747760606e-16
5.868766687167633093e-16,-9.942310781938345125e-16,1.963436903576715093e-16,-3.123971962914948428e-16
5.650130899709413427e-16,-1.121731308872480465e-15,1.893908301238052409e-16,-3.580013690567011322e-16
5.410399909188182585e-16,-1.220775695468056690e-15,1.816774757888532009e-16,-3.938261384955347089e-16
5.154781394494241810e-16,-1.294490808536694289e-15,1.733827965965563416e-16,-4.209295396792531026e-16
4.887890185977129462e-16,-1.345793008408256358e-15,1.646658851220696163e-16,-4.402998530413569327e-16
4.613789855213102493e-16,-1.377391410084361206e-15,1.556671405445622894e-16,-4.528563507900672639e-16
4.336033501179172750e-16,-1.391792206777811920e-15,1.465096254997989062e-16,-4.594507854668267401e-16
4.057703439227136719e-16,-1.391304492913567357e-15,1.373003934893047034e-16,-4.608688581076725135e-16
3.781449606858947978e-16,-1.378046851293581561e-15,1.281317744132752841e-16,-4.578324946363069514e-16
3.509526505503090020e-16,-1.353954884727031200e-15,1.190826127519083356e-16,-4.510022406581717222e-16
3.243828543594602155e-16,-1.320789342140309237e-15,1.102194552988733092e-16,-4.409798217351612418e-16
2.985923688385582686e-16,-1.280144669180059827e-15,1.015976828083002153e-16,-4.283110194109288828e-16
2.737085348906840752e-16,-1.233457935958812810e-15,9.326258410713863258e-17,-4.134885489229593852e-16
2.498322450705013856e-16,-1.182017909182372106e-15,8.525037160968997931e-17,-3.969550050554515055e-16
2.270407679371425840e-16,-1.126974230609468686e-15,7.758913617003537865e-17,-3.791059213744681559e-16
2.053903892822348874e-16,-1.069346564824262635e-15,7.029974138946311456e-17,-3.602927889187165651e-16
1.849188723963044422e-16,-1.010033616341897075e-15,6.339665665180473941e-17,-3.408261335531232092e-16
1.656477399085014804e-16,-9.498220211135494975e-16,5.688873136531040435e-17,-3.209784163186564682e-16
1.475843807707889886e-16,-8.893950441037038529e-16,5.077991215312408550e-17,-3.009868728280791715e-16
1.307239893403781311e-16,-8.293408845452289071e-16,4.506990184905249485e-17,-2.810564440372996163e-16
1.150513412831817537e-16,-7.701607905163743769e-16,3.975476479430998924e-17,-2.613623903528028883e-16
1.005424132624166481e-16,-7.122767795627869556e-16,3.482748033136698389e-17,-2.420528754127524214e-16
8.716585383063813974e-17,-6.560389951923788091e-16,3.027844639971154329e-17,-2.232514356998923015e-16
7.488431378161538391e-17,-6.017326365002793715e-16,2.609593304343608430e-17,-2.050594955042182860e-16
6.365564220616347892e-17,-5.495846089535203025e-16,2.226649383819663569e-17,-1.875583520237974936e-16
5.343395760011087008e-17,-4.997696530721374417e-16,1.877533289681914740e-17,-1.708114654494695159e-16
4.417060078660268125e-17,-4.524161885533340765e-16,1.560663363743818770e-17,-1.548662613130351117e-16
3.581497806065627079e-17,-4.076116986028297356e-16,1.274384998848474024e-17,-1.397560310746088342e-16
2.831530321958962261e-17,-3.654076889243855695e-16,1.016996173274109350e-17,-1.255016941966103069e-16
2.161924443588833471e-17,-3.258243860099063243e-16,7.867700086369599598e-18,-1.121132071690251003e-16
1.567448495492121887e-17,-2.888549316455520644e-16,5.819741036022547404e-18,-9.959123487669938305e-17
1.042920335436106413e-17,-2.544693536855171679e-16,4.008874348459153381e-18,-8.792823500910708187e-17
5.832481762081562327e-18,-2.226180600936182264e-16,2.418145466586819908e-18,-7.710989280644679097e-17
1.834647561376674237e-18,-1.932351148320808266e-16,1.030975182388754705e-18,-6.711613833862861061e-17
-1.612445490468021619e-18,-1.662411947725003762e-16,-1.687393965663030632e-19,-5.792205825369974695e-17
-4.555189448074092152e-18,-1.415461694868408307e-16,-1.196544284404280310e-18,-4.949894761710507794e-17
-7.038042957094150832e-18,-1.190514866908924474e-16,-2.067365180960005115e-18,-4.181510953276879766e-17
-9.103395823412943313e-18,-9.865230423459837821e-17,-2.795457013545171295e-18,-3.483646039407085428e-17
-1.079147159110147297e-17,-8.023932275907730106e-17,-3.394367247069092099e-18,-2.852724259125214649e-17
-1.214026363087989596e-17,-6.370041514448939430e-17,-3.876912148090879489e-18,-2.285065336257348621e-17
-1.318550151703913026e-17,-4.892210711651575478e-17,-4.255162229751807013e-18,-1.776925458435856783e-17
-1.396064274869069101e-17,-3.579078209001240832e-17,-4.540435811680916315e-18,-1.324537743778875715e-17
-1.449688656305717729e-17,-2.419375638551538277e-17,-4.743302482597407527e-18,-9.241643859928499013e-18
-1.482320652173524467e-17,-1.402017791089929194e-17,-4.873591544807649477e-18,-5.721136518291160101e-18
-1.496639946616977424e-17,-5.161821104504247792e-18,-4.940405879758943944e-18,-2.647699325218674015e-18
-1.495114690937597728e-17,2.486341744852200772e-18,-4.952142484535351923e-18,1.371944994365565553e-20
-1.480008808314919501e-17,9.025554557395370721e-18,-4.916513722189298720e-18,2.297120765679897177e-18
-1.453390083692305335e-17,1.455294119473187582e-17,-4.840573759721307409e-18,4.235104454424862379e-18
-1.417138921768153448e-17,1.916117213466863680e-17,-4.730747339405862148e-18,5.858820507204259877e-18
-1.372957607514768089e-17,2.293823714390835645e-17,-4.592859766063310801e-18,7.197904734418613182e-18
-1.322379908333177257e-17,2.596729094327373209e-17,-4.432167816782538476e-18,8.280437926550485573e-18
-1.266780815520038400e-17,2.832660819344448416e-17,-4.253392511113892897e-18,9.132837696250716579e-18
-1.207386414695717921e-17,3.008951337740633336e-17,-4.060751409031214131e-18,9.779920384305551656e-18
-1.145283714064378757e-17,3.132442841010759448e-17,-3.857991287928486093e-18,1.024485861339649748e-17
-1.081430370553946236e-17,3.209492469624605341e-17,-3.648420275308567890e-18,1.054922876479503880e-17
-1.016664243208625703e-17,3.245981947868542761e-17,-3.434938528424970877e-18,1.071309093627769597e-17
-9.517126051771298405e-18,3.247336809743954003e-17,-3.220071706003226498e-18,1.075478561394837789e-17
-8.872011615873949530e-18,3.218533337384756025e-17,-3.005999916633437639e-18,1.069128464974987560e-17
-8.236627519825588531e-18,3.164116899105882760e-17,-2.794585098644059592e-18,1.053819041104335037e-17
-7.615455451081849531e-18,3.088229371648531427e-17,-2.587401409088868825e-18,1.030954198019280586e-17
