1.200000007306599770e+01,-9.483613439286450841e+00
8.831782567452478361e+00,2.656213645284672076e+00
6.743022296960035966e+00,4.015932706027656174e+00
5.369117561998397292e+00,3.667038287397927476e+00
4.211369376179248114e+00,3.121712762340840719e+00
3.185078012017911853e+00,2.601456886042476935e+00
2.271824030112782111e+00,2.133778793289756504e+00
1.463002242091227645e+00,1.718226944765732789e+00
7.514680639043881394e-01,1.350783156379857575e+00
1.303589741317454920e-01,1.027302886471120669e+00
-4.070382950827000634e-01,7.439323306696333793e-01
-8.672734734480389562e-01,4.971143519243845232e-01
-1.256701773072744110e+00,2.835527696923046403e-01
-1.581454922569903276e+00,1.001820025048335561e-01
-1.847416995167310061e+00,-5.585467955809141766e-02
-2.060205130086216752e+00,-1.872208394879235904e-01
-2.225154929050114028e+00,-2.963985741704676102e-01
-2.347310179399569208e+00,-3.856977423795386883e-01
-2.431416539785338671e+00,-4.572636827471115994e-01
-2.481918677958568686e+00,-5.130843000344458282e-01
-2.502960597423481204e+00,-5.549965932168995364e-01
-2.498388616979390520e+00,-5.846931916084400216e-01
-2.471756700958084974e+00,-6.037288329433162515e-01
-2.426333752407161537e+00,-6.135269116522206190e-01
-2.365112581625287813e+00,-6.153860336346027582e-01
-2.290820149571282993e+00,-6.104867306730055176e-01
-2.205928922489714061e+00,-5.998980798223259026e-01
-2.112669015692024477e+00,-5.845843461703443822e-01
-2.013040921869603928e+00,-5.654115581312207928e-01
-1.908828623402904601e+00,-5.431539801178291160e-01
-1.801612918642379046e+00,-5.185004407946555149e-01
-1.692784790123831096e+00,-4.920605121450725150e-01
-1.583558706340538524e+00,-4.643704788893666113e-01
-1.474985724573367962e+00,-4.358990961146551602e-01
-1.367966303830285613e+00,-4.070531222749346201e-01
-1.263262743475859429e+00,-3.781826017968511477e-01
-1.161511211967531043e+00,-3.495858949953361550e-01
-1.063233248846968459e+00,-3.215144366548486898e-01
-9.688467624029420966e-01,-2.941772498909550060e-01
-8.786764687727853795e-01,-2.677451920712161093e-01
-7.929637531009436913e-01,-2.423548928711393435e-01
-7.118759346541894129e-01,-2.181124913554799150e-01
-6.355149330123709417e-01,-1.950970827356328374e-01
-5.639253577844060006e-01,-1.733639226300369429e-01
-4.971020005259432772e-01,-1.529473834471482274e-01
-4.349967536964738923e-01,-1.338636803215898230e-01
-3.775249694602337280e-01,-1.161133714931698868e-01
-3.245712778519999064e-01,-9.968364176030003465e-02
-2.759948868958633783e-01,-8.455037504660276038e-02
-2.316343783004379264e-01,-7.068005487715484092e-02
-1.913120466063354952e-01,-5.803143628690594219e-02
-1.548377683096393564e-01,-4.655709297968161492e-02
-1.220124608299155144e-01,-3.620477392080462958e-02
-9.263115655783787927e-02,-2.691861263946629390e-02
-6.648568481177995204e-02,-1.864020270727263437e-02
-4.336702852894741556e-02,-1.130953384577979871e-02
-2.306735831496080705e-02,-4.865812140950055188e-03
-5.381774291949820849e-03,7.518307964644182790e-04
9.890218510258350429e-03,5.603732771397383627e-03
2.294348054215570795e-02,9.749185603142723755e-03
3.396622903911850067e-02,1.324600555069187745e-02
4.313922988628773186e-02,1.615018096310591803e-02
5.063517014839256924e-02,1.851558593936354288e-02
5.661819110164739710e-02,2.039375707387773920e-02
6.124356421395388272e-02,2.183372436776530312e-02
6.465749417636193486e-02,2.288189124362742868e-02
6.699703219356618888e-02,2.358195636110490406e-02
6.839008516825985373e-02,2.397487279046708539e-02
6.895550773922991261e-02,2.409883996130274958e-02
6.880326486910030848e-02,2.398932311039054729e-02
6.803465401180711081e-02,2.367909967262206775e-02
6.674257655383453169e-02,2.319830658145401875e-02
6.501184267072790401e-02,2.257454881641261096e-02
6.291952115935803280e-02,2.183296496492786315e-02
6.053530069538824027e-02,2.099634208571648022e-02
5.792187331455474208e-02,2.008522534936083709e-02
5.513532864603414713e-02,1.911803476460402842e-02
5.222555393647220628e-02,1.811118598048551409e-02
4.923663584802239618e-02,1.707921324942706168e-02
4.620725986887681130e-02,1.603489309871913154e-02
4.317110404461477202e-02,1.498936741705705379e-02
4.015722415657360655e-02,1.395226485895287825e-02
3.719042810426060469e-02,1.293181964899180365e-02
3.429163732433892359e-02,1.193498702713126705e-02
3.147823392599360254e-02,1.096755468912615807e-02
2.876439223767471992e-02,1.003424974325355969e-02
2.616139391765533173e-02,9.138840758096043043e-03
2.367792587271950674e-02,8.284234737979529611e-03
2.132036079258554581e-02,7.472568661607637344e-03
1.909302005693677001e-02,6.705295569640801548e-03
1.699841906117426776e-02,5.983265136877857771e-03
1.503749499375801012e-02,5.306798722058173393e-03
1.320981153477514790e-02,4.675757788121932303e-03
1.151377179864489057e-02,4.089611117306215030e-03
9.946777197718387198e-03,3.547492079106903066e-03
8.505396442887206213e-03,3.048252303257725348e-03
7.185512972824482231e-03,2.590511096520705693e-03
5.982458074011138757e-03,2.172700090196374740e-03
4.891131013880798371e-03,1.793103392283001756e-03
3.906106237231754541e-03,1.449893551648281584e-03
3.021728658613080740e-03,1.141163586834941261e-03
2.232197811510752260e-03,8.649553268461117415e-04
1.531641684269962776e-03,6.192843299690221600e-04
9.141810321307726733e-04,4.021616601145867995e-04
3.739847442208132336e-04,2.116126234032368483e-04
-9.468285990450819401e-05,4.569284262636136128e-05
-4.974184788846710810e-04,-9.749771793179008597e-05
-8.396588626585130537e-04,-2.198038086146705523e-04
-1.126640434221887763e-03,-3.230068139655966155e-04
-1.363383447139289700e-03,-4.088155032284421339e-04
-1.554675402699450763e-03,-4.788610073044765984e-04
-1.705059366590517796e-03,-5.346926971264153198e-04
-1.818825570085965673e-03,-5.777753852601147074e-04
-1.900007004058197569e-03,-6.094875300608515760e-04
-1.952377264369463536e-03,-6.311206675359802565e-04
-1.979452243773830149e-03,-6.438793833611732974e-04
-1.984493373684719387e-03,-6.488824458077303977e-04
-1.970512824409695243e-03,-6.471644535476439803e-04
-1.940280289595311229e-03,-6.396780165788385321e-04
-1.896331065699529382e-03,-6.272963862385609428e-04
-1.840974698471467509e-03,-6.108162389070358926e-04
-1.776306151069063140e-03,-5.909617384008057596e-04
-1.704215606056458951e-03,-5.683869251980985153e-04
-1.626399232347257697e-03,-5.436800653960938666e-04
-1.544370593837227860e-03,-5.173672397826993606e-04
-1.459471900125116533e-03,-4.899160926711593374e-04
-1.372885519180988903e-03,-4.617396921295497639e-04
-1.285645379408738341e-03,-4.332003121117252581e-04
-1.198647911459426764e-03,-4.046131397645546493e-04
-1.112662848620951878e-03,-3.762499158869292816e-04
-1.028343398073459100e-03,-3.483424039020784155e-04
-9.462368926315465169e-04,-3.210859215855090573e-04
-8.667940972665207338e-04,-2.946425008683868207e-04
-7.903790848383187868e-04,-2.691442250899113062e-04
-7.172771206631723762e-04,-2.446959830856375957e-04
-6.477056451565865128e-04,-2.213790122439274525e-04
-5.818141705996997823e-04,-1.992514412722045476e-04
-5.196971311641478564e-04,-1.783519649772829358e-04
-4.614074167344368307e-04,-1.587041348108183690e-04
-4.069516923936003679e-04,-1.403161026638155757e-04
-3.563005846791406474e-04,-1.231831012128380674e-04
-3.093936592583713474e-04,-1.072894064237264831e-04
-2.661440328325604060e-04,-9.260997122259790378e-05
-2.264433218184986349e-04,-7.911197914113986675e-05
-1.901686153367309771e-04,-6.675727156084416286e-05
-1.571761059895390863e-04,-5.550048680001465996e-05
-1.273148917473004675e-04,-4.529327305928178445e-05
-1.004258399621354921e-04,-3.608436433018044051e-05
-7.634506865865832317e-05,-2.782033477454111471e-05
-5.490520558257826775e-05,-2.044656448319910616e-05
-3.593761411915309158e-05,-1.390770154849274443e-05
-1.927417361677526898e-05,-8.148294953182440086e-06
-4.748711778523279280e-06,-3.113353733016414550e-06
7.801673937722262446e-06,1.251188796324320017e-06
1.853551772626022034e-05,4.998129482656942299e-06
2.760606814747249745e-05,8.178605934628751351e-06
3.516073223576793240e-05,1.084189360217346027e-05
4.134046950593245096e-05,1.303524176873543301e-05
4.627929007884147626e-05,1.480367398985935793e-05
5.010403073095191545e-05,1.618987032399249118e-05
5.293418280261760533e-05,1.723410906112248650e-05
5.488188816254239131e-05,1.797424676748729099e-05
5.605172593726782699e-05,1.844567509447645596e-05
5.654108110323794210e-05,1.868136262637343749e-05
5.643997832940814672e-05,1.871187583313118618e-05
5.583139079775633945e-05,1.856542048483736780e-05
5.479145229274063185e-05,1.826791888392792802e-05
5.338970426295241252e-05,1.784308907549182012e-05
5.168936961901458014e-05,1.731253210089067190e-05
4.974764675647605554e-05,1.669582648376514257e-05
4.761604265195077768e-05,1.601063403725341890e-05
4.534064948823911316e-05,1.527279714726247734e-05
4.296246757182217517e-05,1.449643988001877073e-05
4.051775514456321863e-05,1.369407857915114393e-05
3.803834571713780996e-05,1.287673260878244289e-05
3.555197138255807531e-05,1.205402928953277606e-05
3.308257638713104346e-05,1.123430872211592010e-05
3.065062168194135204e-05,1.042472557358131344e-05
2.827338157248091637e-05,9.631347533852217596e-06
2.596522507541160934e-05,8.859250568166661646e-06
2.373788738225837591e-05,8.112609418741995054e-06
2.160075997160811173e-05,7.394794261132426140e-06
1.956111715652321287e-05,6.708449609898137699e-06
1.762426408594335248e-05,6.055545412248564218e-06
1.579379966481076462e-05,5.437459921588232000e-06
1.407184150103311749e-05,4.855058244671693787e-06
1.245923795269287941e-05,4.308763944944355985e-06
1.094967913362072689e-05,3.796681962958148851e-06
9.549645673669161102e-06,3.320793557086820306e-06
8.256866289228245406e-06,2.880636064056286565e-06
7.069304395046535329e-06,2.475647898174677637e-06
5.983126037322132399e-06,2.104645140237791783e-06
4.994096389282073508e-06,1.766272831697851968e-06
4.097688140669303760e-06,1.459065123911888293e-06
3.289069600717832717e-06,1.181429566222072688e-06
2.563571677752938142e-06,9.318676113562789539e-07
1.916207459643072944e-06,7.087394167301655133e-07
1.341957999303445346e-06,5.103721838857152623e-07
8.359278279624416633e-07,3.351341613350915975e-07
3.932118615764830927e-07,1.814036270946629707e-07
9.010371976729153229e-09,4.758161827226966126e-08
-3.213426827790925194e-07,-6.789102816652153360e-08
-6.023555838907840718e-07,-1.665241209343479105e-07
-8.383593965221540727e-07,-2.497710106229006743e-07
-1.033494936684349030e-06,-3.190232265582256917e-07
-1.191696054079119908e-06,-3.756065249986144200e-07
-1.316684779717152919e-06,-4.207766052190284327e-07
-1.411967257938750005e-06,-4.557180042134397753e-07
-1.480836153280599184e-06,-4.815441493843375190e-07
-1.526363183611034397e-06,-4.992966313654112697e-07
-1.551404507296135026e-06,-5.099450577464245439e-07
-1.558604540684148880e-06,-5.143884715395156254e-07
-1.550401248804500340e-06,-5.134569931569376202e-07
-1.529032610762878125e-06,-5.079138357650108706e-07
-1.496544025759093479e-06,-4.984576513712838497e-07
-1.454796458072654774e-06,-4.857251431356764729e-07
-1.405475141911619910e-06,-4.702938828670734403e-07
-1.350098687125450239e-06,-4.526852789506539645e-07
-1.290028445417549645e-06,-4.333676461988865714e-07
-1.226482909319698582e-06,-4.127607865711014733e-07
-1.160527941422274272e-06,-3.912330570521634802e-07
-1.093114565255289128e-06,-3.691143534747029549e-07
-1.025070147042897729e-06,-3.466916921221893065e-07
-9.571116273793367684e-07,-3.242148048190000466e-07
-8.898545027022641804e-07,-3.018988942437466825e-07
-8.238213911359188684e-07,-2.799274677194960062e-07
-7.594502453044089536e-07,-2.584550888967632794e-07
-6.971021931169190046e-07,-2.376100133250055516e-07
-6.370689872182088735e-07,-2.174966973263076024e-07
-5.795800493539776874e-07,-1.981981744743015598e-07
-5.248091014766570116e-07,-1.797782962812463832e-07
-4.728803803692499697e-07,-1.622838354612295133e-07
-4.238744368617806852e-07,-1.457464516395962809e-07
-3.778335244001257787e-07,-1.301845206675305753e-07
-3.347665848509293739e-07,-1.156048297973630249e-07
-2.946538420390755574e-07,-1.020041418961396162e-07
-2.574510156631582361e-07,-8.937063263807303119e-08
-2.230931699649684701e-07,-7.768520523621927742e-08
-1.914982128838429213e-07,-6.692268776422523213e-08
-1.625700624461773239e-07,-5.705291849412704105e-08
-1.362014978619519431e-07,-4.804172494845866986e-08
-1.122767132591882152e-07,-3.985180254647208216e-08
-9.067359221609836496e-08,-3.244349882597412132e-08
-7.126572127989746288e-08,-2.577550925449409069e-08
-5.392416051826198422e-08,-1.980549061570638822e-08
-3.851898885991374270e-08,-1.449059787781192535e-08
-2.492064156793797671e-08,-9.787950327974575393e-09
-1.300105667440690773e-08,-5.655032598112527350e-09
-2.634646606675046809e-09,-2.050036018872615007e-09
6.300889428295220760e-09,1.067854473576621277e-09
1.392389744992802772e-08,3.738222883962743089e-09
2.034823100002355692e-08,5.999229407962366945e-09
2.568283040468740882e-08,7.887457890238721311e-09
3.003140646832769598e-08,9.437799254646918276e-09
3.349221686095727135e-08,1.068336693321445143e-08
3.615792425188277070e-08,1.165544058281026602e-08
3.811552602462990800e-08,1.238343463817244504e-08
3.944634617395131074e-08,1.289488850508993168e-08
4.022608073084369555e-08,1.321547544641667648e-08
4.052488878212742436e-08,1.336902745468433882e-08
4.040752184368505922e-08,1.337757363740263947e-08
3.993348500876833624e-08,1.326138986360814327e-08
3.915722392277847097e-08,1.303905763228322347e-08
3.812833223256222194e-08,1.272753032444754374e-08
3.689177472036847858e-08,1.234220519052146789e-08
3.548812186021212684e-08,1.189699960304701123e-08
3.395379202723961414e-08,1.140443027179604842e-08
3.232129804909604570e-08,1.087569427384747501e-08
3.061949521304392700e-08,1.032075089554623152e-08
2.887382823424063109e-08,9.748403416546333893e-09
2.710657505041600915e-08,9.166380088808049000e-09
2.533708563710751219e-08,8.581413675722072402e-09
2.358201433713532922e-08,7.999319018942292234e-09
2.185554446929690790e-08,7.425068193475571278e-09
2.016960422600489832e-08,6.862862895537288746e-09
1.853407308892055845e-08,6.316203783135488549e-09
1.695697818754994635e-08,5.787956556801823949e-09
1.544468019926607338e-08,5.280414627830655270e-09
1.400204854222081633e-08,4.795358274347211126e-09
1.263262574634612520e-08,4.334110231918888652e-09
1.133878100369113251e-08,3.897587705859618079e-09
1.012185299913126253e-08,3.486350827228788029e-09
8.982282207227677135e-09,3.100647604237156690e-09
7.919732912266499535e-09,2.740455445945506464e-09
6.933205267294865979e-09,2.405519355929807157e-09
6.021137755644687799e-09,2.095386910692950526e-09
5.181500456019466196e-09,1.809440151131503415e-09
4.411879540848387753e-09,1.546924525894110758e-09
3.709553458251941527e-09,1.306975033190534633e-09
3.071561261544479709e-09,1.088639712908653059e-09
2.491104729858222058e-09,8.895209183361872116e-10
1.970028134828448257e-09,7.104711466192549160e-10
1.504760297396574107e-09,5.502922971915588433e-10
1.091671477810820798e-09,4.077808340841615072e-10
7.283256850487324320e-10,2.823535975947530854e-10
4.093162747569467191e-10,1.718203097432697294e-10
1.313137692905249157e-10,7.520139367302424056e-11
-1.088758222590669142e-10,-8.550689158021360336e-12
-3.143430765853622337e-10,-8.046704830179468461e-11
-4.880648598819462371e-10,-1.415448347962424504e-10
-6.328932483667537752e-10,-1.927414954116801283e-10
-7.515467637308793451e-10,-2.349713426115195081e-10
-8.466040236260015038e-10,-2.691031464048013315e-10
-9.204995693931242851e-10,-2.959585024386887814e-10
-9.755216091891203197e-10,-3.163108669650592001e-10
-1.013811429187415401e-09,-3.308851720848404117e-10
-1.037364244137450191e-09,-3.403579431084277230e-10
-1.048031277463693288e-09,-3.453578464557591410e-10
-1.047522879037372621e-09,-3.464666025796565174e-10
-1.037412506200053709e-09,-3.442202042520408111e-10
-1.019141410078644541e-09,-3.391103860924117220e-10
-9.940238849278701442e-10,-3.315862965093920607e-10
-9.632529529565313490e-10,-3.220563281863180617e-10
-9.279063710523106529e-10,-3.108900679755653553e-10
-8.889528587092723744e-10,-2.984203314092571779e-10
-8.472584586231739938e-10,-2.849452511792696463e-10
-8.035929525716475758e-10,-2.707303927172068195e-10
-7.586362655897306493e-10,-2.560108735337999763e-10
-7.129848009300116041e-10,-2.409934662224469972e-10
-6.671576570369013393e-10,-2.258586680018078188e-10
-6.207375230241694081e-10,-2.105244917896001703e-10
-5.751886803543874069e-10,-1.953713480200846133e-10
-5.308015994175893277e-10,-1.805607706414264137e-10
-4.878191224403873124e-10,-1.661863641284684045e-10
-4.464382470418642710e-10,-1.523194499229316885e-10
-4.068134041353049208e-10,-1.390159925531665285e-10
-3.690609114191917462e-10,-1.263187512864257814e-10
-3.332632936868615214e-10,-1.142588137141530716e-10
-2.994733177530548087e-10,-1.028569719175006804e-10
-2.677177307748613375e-10,-9.212499306268301752e-11
-2.380007080879756475e-10,-8.206679232052216404e-11
-2.103070197542060281e-10,-7.267951163025205374e-11
-1.846049265825107474e-10,-6.395450779633634661e-11
-1.608488172477760341e-10,-5.587825366336512249e-11
-1.389815990004272582e-10,-4.843315641215140672e-11
-1.189368548270276988e-10,-4.159829717376030239e-11
-1.006407803677622115e-10,-3.535009632643289260e-11
-8.401391397803193127e-11,-2.966290888108526144e-11
-6.897267331207525757e-11,-2.450955437963950743e-11
-5.543071177690766349e-11,-1.986178573433300684e-11
-4.330010785694909034e-11,-1.569070132857352661e-11
-3.249240011228363373e-11,-1.196710465068148295e-11
-2.291948018786208469e-11,-8.661815581056216801e-12
-1.449435576258162272e-11,-5.745937331958652179e-12
-7.131794859153092973e-12,-3.191082865783422160e-12
-7.488624273426013323e-13,-9.695644622891153028e-13
4.734640460802610815e-12,9.454500805865870343e-13
9.395825038665977640e-12,2.579811325721579424e-12
1.330844167719323380e-11,3.958289037740826627e-12
1.654267653188295207e-11,5.104497079158461745e-12
1.918978252266832335e-11,6.043893708843750349e-12
2.125909193009961163e-11,6.795178434314829614e-12
2.283929036841110609e-11,7.373732847494675865e-12
2.398448305702148279e-11,7.801675288651876104e-12
2.474574765881729085e-11,8.096808900703644218e-12
2.517056094355267428e-11,8.275309020619726507e-12
2.530277537915289854e-11,8.352094404132687563e-12
2.518271812135937626e-11,8.340900105977552629e-12
2.484731824336151833e-11,8.254322318941324126e-12
2.433024833053501636e-11,8.103864229698216424e-12
2.366207613003103958e-11,7.899985109455528385e-12
2.287042333576318901e-11,7.652152033559440232e-12
2.198012901228983090e-11,7.368893401975779519e-12
2.101341549457290129e-11,7.057853528013331201e-12
1.999005487877765673e-11,6.725847633304084249e-12
1.892753447893016651e-11,6.378916681843152666e-12
1.784121988175166194e-11,6.022381574070424820e-12
1.674451441887307263e-11,5.660896293065056812e-12
1.564901411568318460e-11,5.298499653048375724e-12
1.456465729867146021e-11,4.938665382467269334e-12
1.349986827642848531e-11,4.584350307301932133e-12
1.246169457682383611e-11,4.238040461798562804e-12
1.145593740158191574e-11,3.901794997268497486e-12
1.048727507360611717e-11,3.577287797686038512e-12
9.559379303090531759e-12,3.265846737323363414e-12
8.675024232896531429e-12,2.968490559278768386e-12
7.836188291849599374e-12,2.685963368042431929e-12
7.044148927771870736e-12,2.418766763917756824e-12
6.299570349084358909e-12,2.167189646090940696e-12
5.602584472888747807e-12,1.931335747855759332e-12
4.952865294338681569e-12,1.711148977403728344e-12
4.349696911796912402e-12,1.506436624662519662e-12
3.792035501773326895e-12,1.316890541628462843e-12
3.278565511638237814e-12,1.142106377153811905e-12
2.807750382824765735e-12,9.816009685529388922e-13
2.377878114562412978e-12,8.348279917045046664e-13
1.987101972320504929e-12,7.011919714121980931e-13
1.633476662935109639e-12,5.800607548117702915e-13
1.314990282052999307e-12,4.707765549698033738e-13
1.029592335246152141e-12,3.726656599330140367e-13
7.752181391130701883e-13,2.850469098511940202e-13
5.498098971194490345e-13,2.072390437080006029e-13
3.513347027465585257e-13,1.385669983838959985e-13
1.777997698867389996e-13,7.836725753729617271e-14
2.726512200630202165e-14,2.599233769124804290e-14
-1.021459987976329375e-13,-1.918551641172477737e-14
-2.122387935064036882e-13,-5.777133611486206257e-14
-3.047404055305294753e-13,-9.034507565808104335e-14
-3.812950730884244647e-13,-1.174598206306837100e-13
-4.434607146693467573e-13,-1.396404961115934605e-13
-4.927068217335685850e-13,-1.573830245639579664e-13
-5.304134496218467201e-13,-1.711538668659783377e-13
-5.578711785300747468e-13,-1.813898992295729847e-13
-5.762819141903304930e-13,-1.884985835446070401e-13
-5.867603855672878918e-13,-1.928583873004193282e-13
-5.903362344833411056e-13,-1.948194006980164446e-13
-5.879565985512579897e-13,-1.947041420674300049e-13
-5.804890853110480218e-13,-1.928084941466620856e-13
-5.687250588524084698e-13,-1.894027545366906013e-13
-5.533831612375360058e-13,-1.847327767366256577e-13
-5.351130116386372504e-13,-1.790211706489403889e-13
-5.144990020840916580e-13,-1.724685480846247116e-13
-4.920641827198153482e-13,-1.652547979906674445e-13
-4.682741288464724868e-13,-1.575403654649602790e-13
-4.435408176902392762e-13,-1.494675356536494029e-13
-4.182264295668844903e-13,-1.411616953341568653e-13
-3.926470809116510494e-13,-1.327325778936018325e-13
-3.670764439505168340e-13,-1.242754740319034243e-13
-3.417492538040034094e-13,-1.158723997379672282e-13
-3.168646656894197620e-13,-1.075932293022965774e-13
-2.925894719130109953e-13,-9.949676958509704790e-14
-2.690611584036968269e-13,-9.163179217146210077e-14
-2.463907966948472205e-13,-8.403800731965671289e-14
-2.246657647959428781e-13,-7.674698314784910130e-14
-2.039523164119046344e-13,-6.978301267445177148e-14
-1.842979584102592270e-13,-6.316391975753733434e-14
-1.657336800520392838e-13,-5.690181671527439850e-14
-1.482760104190792628e-13,-5.100379939719499473e-14
-1.319289189633884714e-13,-4.547259814449553224e-14
-1.166855642721352236e-13,-4.030717030685757625e-14
-1.025298882898774039e-13,-3.550324395521021004e-14
-8.943808032858141861e-14,-3.105382096479333740e-14
-7.737988769170655900e-14,-2.694962239534436682e-14
-6.631981940905702195e-14,-2.317950257795052990e-14
-5.621821222263034236e-14,-1.973081702562181680e-14
-4.703218491893241291e-14,-1.658974602717368350e-14
-3.871650558491303132e-14,-1.374159877368814967e-14
-3.122432451879871875e-14,-1.117106284335309037e-14
-2.450784966961016872e-14,-8.862441874490530904e-15
-1.851891688157726323e-14,-6.799849051672284556e-15
-1.320948266823648857e-14,-4.967382545546721829e-15
-8.532062355271681736e-15,-3.349277834382592352e-15
-4.440075212047621239e-15,-1.930027910919155393e-15
-8.881538179700823600e-16,-6.944931775251497635e-16
2.167610152938321200e-15,3.720111098957982306e-16
4.769466540993783702e-15,1.283643875314051424e-15
6.957861539142395724e-15,2.053983778341251534e-15
8.771306168202867606e-15,2.695984588377116337e-15
1.024630937284169545e-14,3.221946041210354954e-15
1.141731472233057681e-14,3.643490725643870868e-15
1.231668229509835200e-14,3.971555520345456596e-15
1.297468452469670074e-14,4.216386635693505451e-15
1.341952011032328069e-14,4.387542829755264365e-15
1.367735470022303900e-14,4.493907015533491872e-15
1.377236106483153976e-14,4.543697466734768750e-15
1.372678255575513681e-14,4.544487798533634796e-15
1.356100248821291018e-14,4.503228275467028459e-15
1.329362017886663172e-14,4.426271010913056655e-15
1.294152764973839707e-14,4.319394657856624012e-15
1.252000425129759014e-14,4.187833980313702496e-15
1.204279794019088180e-14,4.036307952542365264e-15
1.152221907653736198e-14,3.869050041600232765e-15
1.096923067980045373e-14,3.689837974346589263e-15
1.039353716541788505e-14,3.502021952102033578e-15
9.803676062004649294e-15,3.308557893148637576e-15
9.207102637757937775e-15,3.112032610650233716e-15
8.610275194500117024e-15,2.914694758980927757e-15
8.018735560489630804e-15,2.718480188601338487e-15
7.437193633135234384e-15,2.525040307111803964e-15
6.869596195132551645e-15,2.335766820518459768e-15
6.319199859133507923e-15,2.151813588548201983e-15
5.788642016355432402e-15,1.974123754945095610e-15
5.280002367838643566e-15,1.803447316996507396e-15
4.794861989841246884e-15,1.640363238809567778e-15
4.334360890859352260e-15,1.485298936882826476e-15
3.899251156062972117e-15,1.338546634166636929e-15
3.489941164232192464e-15,1.200279527153839490e-15
3.106544677682985097e-15,1.070569170553977286e-15
2.748921410688369344e-15,9.493979919682663066e-16
2.416712006403536404e-15,8.366713109459689700e-16
2.109370895391827246e-15,7.322296159476431621e-16
1.826206834142723482e-15,6.358618861446745438e-16
1.566395972407793310e-15,5.473090716374701185e-16
1.329023548383837195e-15,4.662802094600378423e-16
1.113091778612464846e-15,3.924541301045140544e-16
9.175490128298198557e-16,3.254887395346333700e-16
7.413049703375215618e-16,2.650287996406595186e-16
5.832460760552422506e-16,2.107081877753227182e-16
4.422483861338480537e-16,1.621562611349760571e-16
3.171902730465595992e-16,1.190019452565368572e-16
2.069621047535842390e-16,8.087711162955317417e-17
1.104768329028508534e-16,4.741962058244722432e-17
2.667234072192918660e-17,1.827531292936865316e-17
-4.547853512474104055e-17,-6.899388383116183623e-18
-1.069651597522321381e-16,-2.843588060304830156e-17
-1.587331702067396261e-16,-4.665116951741223607e-17
-2.016860086047043034e-16,-6.185030341939967657e-17
-2.366783346590052459e-16,-7.432033139888592892e-17
-2.645180659608182453e-16,-8.433336983599412062e-17
-2.859641478669843636e-16,-9.214718157351160399e-17
