5.999999999999999778e-01,0.000000000000000000e+00,-5.999999999999999778e-01,0.000000000000000000e+00
5.918827891875586555e-01,-8.150327543245919903e-01,-5.790790011331418130e-01,2.101113909362140486e+00
5.709617974372630522e-01,-1.279769411311282301e+00,-5.272338408938402887e-01,3.091594686942868098e+00
5.441240494349691703e-01,-1.401489561538228568e+00,-4.661236561645236143e-01,3.014081714717820049e+00
5.157960483859111989e-01,-1.428032468637518981e+00,-4.087764734791807797e-01,2.712860903765679232e+00
4.872552970379156467e-01,-1.423126692727345821e+00,-3.576482450944808988e-01,2.392831877023654741e+00
4.589392125490660002e-01,-1.406010240570400471e+00,-3.126547719572658757e-01,2.100429166934273617e+00
4.310454972831015419e-01,-1.381235412164767196e+00,-2.731941113531870524e-01,1.840435888608456860e+00
4.037103094032176709e-01,-1.350414261053573206e+00,-2.386403349616997294e-01,1.610444490535259510e+00
3.770440958690257638e-01,-1.314532883291348098e+00,-2.084239365344987827e-01,1.407262966342712751e+00
3.511396365299393474e-01,-1.274392653343585646e+00,-1.820372566414353299e-01,1.227936537103565984e+00
3.260747271856218044e-01,-1.230704555777651699e+00,-1.590286561513836738e-01,1.069845003605029765e+00
3.019136620729475640e-01,-1.184116780028926730e+00,-1.389961049390303072e-01,9.306661171495564933e-01
2.787083410532125161e-01,-1.135226272220083876e+00,-1.215816022630587939e-01,8.083316534827930111e-01
2.564992149532770993e-01,-1.084584520751299408e+00,-1.064664108979562207e-01,7.009919521526549735e-01
2.353161508532138901e-01,-1.032700547625520882e+00,-9.336693589543923477e-02,6.069882750141915029e-01
2.151792576156045522e-01,-9.800424476645378524e-01,-8.203110950985553762e-02,5.248308351942141403e-01
1.960996908649835502e-01,-9.270382358424148483e-01,-7.223518186523074369e-02,4.531808034567411103e-01
1.780804449399496225e-01,-8.740764683857985551e-01,-6.378084550187970714e-02,3.908351631164801998e-01
1.611171347083752703e-01,-8.215068823182828384e-01,-5.649264769475782766e-02,3.367135908805065636e-01
1.451987620382826638e-01,-7.696412213753863751e-01,-5.021564734882887765e-02,2.898469280804493176e-01
1.303084652350176287e-01,-7.187542822416914667e-01,-4.481329423237565002e-02,2.493668264825824876e-01
1.164242446100689221e-01,-6.690852181794154641e-01,-4.016550424272066072e-02,2.144964095128950865e-01
1.035196600194789318e-01,-6.208390686821084747e-01,-3.616691391221779628e-02,1.845417532448064002e-01
9.156449561524626635e-02,-5.741884916103079384e-01,-3.272529765760487375e-02,1.588841036865691059e-01
8.052538882847322388e-02,-5.292756523623773912e-01,-2.976013515305011084e-02,1.369727374748948845e-01
7.036641984134042738e-02,-4.862142376321111903e-01,-2.720131459322787035e-02,1.183184306929624674e-01
6.104966044386157809e-02,-4.450915436312184448e-01,-2.498796204405439453e-02,1.024874621817753184e-01
5.253568031073426597e-02,-4.059706107848699008e-01,-2.306738502496496340e-02,8.909613491408613362e-02
4.478401072878444855e-02,-3.688923641265883235e-01,-2.139412148314896733e-02,7.780575917241132344e-02
3.775356578372277006e-02,-3.338777347339407786e-01,-1.992908488838969830e-02,6.831807533078811112e-02
3.140302101892993719e-02,-3.009297394293104499e-01,-1.863879607432767857e-02,6.037108778221678823e-02
2.569115195958186423e-02,-2.700354896239168800e-01,-1.749469600192098476e-02,5.373525798340099413e-02
2.057713273241107768e-02,-2.411681255483490993e-01,-1.647253038776396589e-02,4.821006002931448042e-02
1.602079704042894820e-02,-2.142886540137575180e-01,-1.555180029161439860e-02,4.362084724130019242e-02
1.198286354191324850e-02,-1.893476829199573497e-01,-1.471527266123391978e-02,3.981601174265854415e-02
8.425127480579285705e-03,-1.662870474978337121e-01,-1.394854481720657173e-02,3.666441672250262546e-02
5.310620872992229992e-03,-1.450413222448498629e-01,-1.323965781029342106e-02,3.405307389663994599e-02
2.603743926785817304e-03,-1.255392161345203761e-01,-1.257875441506584209e-02,3.188504443191139681e-02
2.703694294819099556e-04,-1.077048546291785869e-01,-1.195777667552767182e-02,3.007755302153774721e-02
-1.722077374235123602e-03,-9.145894515671637581e-02,-1.137019931041192630e-02,2.856028606818421939e-02
-3.404560686670680004e-03,-7.671983044363916981e-02,-1.081079594554197436e-02,2.727386139828580358e-02
-4.806396842219251911e-03,-6.340443873295470434e-02,-1.027543344174766497e-02,2.616846655693956178e-02
-5.955234089145513242e-03,-5.142912191171811198e-02,-9.760893105577159515e-03,2.520262141690396418e-02
-6.877048760465905713e-03,-4.071040127455299168e-02,-9.264714547996332622e-03,2.434208765349687997e-02
-7.596154839737552858e-03,-3.116561875315648766e-02,-8.785061043614924431e-03,2.355889078795985608e-02
-8.135226503721450578e-03,-2.271349831032162120e-02,-8.320602144608979164e-03,2.283045020934566099e-02
-8.515330379150028856e-03,-1.527462734926468731e-02,-7.870413784832901508e-03,2.213880645923427259e-02
-8.755966912393319326e-03,-8.771861007150629636e-03,-7.433892518634690853e-03,2.146993698639841283e-02
-8.875119087433108386e-03,-3.130658465813516804e-03,-7.010682820537812027e-03,2.081315483913365183e-02
-8.889307271926912349e-03,1.720646647320917292e-03,-6.600615562522736506e-03,2.016057651589807376e-02
-8.813648899680137996e-03,5.850634031494894756e-03,-6.203656429458753382e-03,1.950665566427789432e-02
-8.661921752019628371e-03,9.324635826371250463e-03,-5.819863429047869054e-03,1.884777713819738021e-02
-8.446629996234843521e-03,1.220462478938041592e-02,-5.449351872038628655e-03,1.818190158298912951e-02
-8.179072361852335327e-03,1.454914512624059554e-02,-5.092265282966730242e-03,1.750825840203630232e-02
-7.869410894273771648e-03,1.641327991262395147e-02,-4.748753018769022449e-03,1.682707957568986556e-02
-7.526740197042333484e-03,1.784865148107936048e-02,-4.418952532928444726e-03,1.613937306998602592e-02
-7.159156384468162888e-03,1.890345159831503460e-02,-4.102975629416136423e-03,1.544672808495718697e-02
-6.773825197611113916e-03,1.962249572865692321e-02,-3.800898444497933289e-03,1.475115105094427885e-02
-6.377048777958068369e-03,2.004729887492357962e-02,-3.512754487823697980e-03,1.405492690786229459e-02
-5.974330766049918730e-03,2.021616902347681682e-02,-3.238530196609220105e-03,1.336050407152706253e-02
-5.570439321303130749e-03,2.016431553120130379e-02,-2.978162449288913709e-03,1.267039910588319863e-02
-5.169468319185347403e-03,1.992396824373815489e-02,-2.731538578334941070e-03,1.198712195239286758e-02
-4.774894871137062673e-03,1.952450875143663112e-02,-2.498496028780883282e-03,1.131310907497315270e-02
-4.389635590551297338e-03,1.899260476736814793e-02,-2.278825084985165120e-03,1.065067999803686119e-02
-4.016099287910373898e-03,1.835235211198852842e-02,-2.072271350352543080e-03,1.000199840962022815e-02
-3.656236984574845906e-03,1.762541883621109029e-02,-1.878539115222819167e-03,9.369045453077514199e-03
-3.311589029960796196e-03,1.683119080648195695e-02,-1.697295179468777003e-03,8.753601235514288370e-03
-2.983329304199674407e-03,1.598691726785735762e-02,-1.528172973406793705e-03,8.157233399963615891e-03
-2.672306516859470748e-03,1.510785512735850038e-02,-1.370776847924413608e-03,7.581291625879243816e-03
-2.379082650332118697e-03,1.420741086897120420e-02,-1.224686431337269508e-03,7.026907077899681268e-03
-2.103968593029941023e-03,1.329727921644791901e-02,-1.089460955471223402e-03,6.494995851770732874e-03
-1.847057038686573298e-03,1.238757777475749458e-02,-9.646434813552538876e-04,5.986265646617690110e-03
-1.608252738423919569e-03,1.148697702450522141e-02,-8.497649671715647645e-04,5.501224973531016957e-03
-1.387300203547577179e-03,1.060282516834757348e-02,-7.443481334126451172e-04,5.040194302938467291e-03
-1.183808965939116839e-03,9.741267439344591592e-03,-6.479110915948844930e-04,4.603318634339771155e-03
-9.972765097650850268e-04,8.907359581536412885e-03,-5.599707124405480917e-04,4.190581046024742691e-03
-8.271089931415781006e-04,8.105175302690836858e-03,-4.800457176348016971e-04,3.801816848159256333e-03
-6.726396904480542484e-04,7.337906719233589295e-03,-4.076594804917306534e-04,3.436727962129180244e-03
-5.331462625436542103e-04,6.607962047880801965e-03,-3.423425623681700266e-04,3.094897641943903082e-03
-4.078649536155286889e-04,5.917051968122932944e-03,-2.836349227727429307e-04,2.775804283949135677e-03
-2.960039222784873912e-04,5.266273203799407172e-03,-2.310878790126179208e-04,2.478835647191990083e-03
-1.967547648191705814e-04,4.656185324267118550e-03,-1.842657830208075612e-04,2.203302146384672044e-03
-1.093025316537182335e-04,4.086881660998902856e-03,-1.427474389486551817e-04,1.948449525035975518e-03
-3.283441497561516789e-05,3.558054492342458200e-03,-1.061272737781411714e-04,1.713470938674567685e-03
3.345282504287896367e-05,3.069054773479772732e-03,-7.401627477086631518e-05,1.497518172937706456e-03
9.034657623831062682e-05,2.618946593543833908e-03,-4.604271083548660697e-05,1.299712072956243653e-03
1.386131297427062390e-04,2.206556609089894982e-03,-2.185265382377728476e-05,1.119152140711716361e-03
1.789933625557715228e-04,1.830518729823074533e-03,-1.110316207392435034e-06,9.549252957592064281e-04
2.121993938871873716e-04,1.489314249413425722e-03,1.650180620441999893e-05,8.061137764068339101e-04
2.389115718532149448e-04,1.181307617564747534e-03,3.128279496668566332e-05,6.718022254608361880e-04
2.597768882332505427e-04,9.047786695830615936e-04,4.351359957358366123e-05,5.510841369052048083e-04
2.754072891162678469e-04,6.579506078084127862e-04,5.345715032722324431e-05,4.430671892261408380e-04
2.863788579587599734e-04,4.390148160138817321e-04,6.135872140868102020e-05,3.468781566518938848e-04
2.932314191787219236e-04,2.461520439268172320e-04,6.744637588636804280e-05,2.616670409421310199e-04
2.964684286695866249e-04,7.755227891605300612e-05,7.193140185597107935e-05,1.866102540798898627e-04
2.965574134341999882e-04,-6.857074237473938900e-05,7.500893441465228645e-05,1.209140787019142226e-04
2.939305447557422784e-04,-1.939655231481604970e-04,7.685855263080090436e-05,6.381649175256748601e-05
2.889855036811113170e-04,-3.003316431898656069e-04,7.764493197079863412e-05,1.458904278857831110e-05
2.820865499174969788e-04,-3.893106042087356405e-04,7.751852861309691098e-05,-2.746181754432052100e-05
2.735657558798691952e-04,-4.624785035054174804e-04,7.661628590288575695e-05,-6.299384843372779919e-05
2.637244395749088191e-04,-5.213399934916455088e-04,7.506229567791461422e-05,-9.262848757154598471e-05
2.528344462005033158e-04,-5.673253930760152391e-04,7.296870296157405191e-05,-1.169503752809830167e-04
2.411398427964648835e-04,-6.017860793303665906e-04,7.043626375715450548e-05,-1.365085571476674128e-04
2.288584588085243454e-04,-6.259935426471823243e-04,6.755511686909582126e-05,-1.518158725198592016e-04
2.161834948258375586e-04,-6.411385279751986898e-04,6.440549816007603342e-05,-1.633498460325675139e-04
2.032851390743198663e-04,-6.483311259085570554e-04,6.105843747658502504e-05,-1.715535509334650160e-04
1.903121723823461803e-04,-6.486016198277757541e-04,5.757643796611380707e-05,-1.768366122184896209e-04
1.773935492308922933e-04,-6.429019603108038347e-04,5.401413408280214090e-05,-1.795763500695865761e-04
1.646399442095271141e-04,-6.321077656417706031e-04,5.041892538262917115e-05,-1.801190343682137476e-04
1.521452546194701353e-04,-6.170207550634964526e-04,4.683158391509055463e-05,-1.787812287827355759e-04
1.399880727008826560e-04,-5.983715895186608779e-04,4.328682465934443843e-05,-1.758511386064299435e-04
1.282330051056784976e-04,-5.768228114148653664e-04,3.981389089936229823e-05,-1.715901687223261244e-04
1.169320808252132465e-04,-5.529722084732592623e-04,3.643703829443450129e-05,-1.662343693659668433e-04
1.061259813149026870e-04,-5.273562389579641851e-04,3.317604262813344043e-05,-1.599958511395378259e-04
9.584523266124704045e-05,-5.004535325793554954e-04,3.004666292040054324e-05,-1.530643203710375976e-04
8.611132735944833523e-05,-4.726884606436721034e-04,2.706107438906525472e-05,-1.456085537326746277e-04
7.693777491938625366e-05,-4.444347181620001449e-04,2.422827204511302882e-05,-1.377778470631736783e-04
6.833108089884366127e-05,-4.160188814677287105e-04,2.155444574182703498e-05,-1.297034313340974826e-04
6.029165358568472154e-05,-3.877239048289251927e-04,1.904332803587779931e-05,-1.214998527220429434e-04
5.281464202697766296e-05,-3.597925371885238072e-04,1.669651466815136944e-05,-1.132663076485976062e-04
4.589071265525026513e-05,-3.324306626782289552e-04,1.451375642058877319e-05,-1.050879142676852326e-04
3.950675022255823468e-05,-3.058104856803924975e-04,1.249323029257029571e-05,-9.703694559218691929e-05
3.364650089362806416e-05,-2.800735985229510765e-04,1.063178462533957977e-05,-8.917400236201218058e-05
2.829115542735712228e-05,-2.553339084283083832e-04,8.925161383017320027e-06,-8.154912285270328573e-05
2.341984397314384733e-05,-2.316802727982606293e-04,7.368207870343086450e-06,-7.420289256519125058e-05
1.901020902552481371e-05,-2.091795775924764353e-04,5.955021411174826336e-06,-6.716722729165425037e-05
1.503871681305687954e-05,-1.878787321390818291e-04,4.679149460787168967e-06,-6.046650660564111804e-05
1.148106972145063744e-05,-1.678071305380237103e-04,3.533719423725942373e-06,-5.411837577523793155e-05
8.312532646059179312e-06,-1.489787827786689467e-04,2.511566918864883611e-06,-4.813454830784877412e-05
5.508220469733918129e-06,-1.313943125615780290e-04,1.605346598202893143e-06,-4.252154247238635557e-05
3.043360500803873465e-06,-1.150428903831712867e-04,8.076241220339320856e-07,-3.728132551809205936e-05
8.934941706835401579e-07,-9.990385401428358934e-05,1.109648797629512283e-07,-3.241198441222739157e-05
-9.653833842453415839e-07,-8.594830392957418692e-05,-4.920076293014102670e-07,-2.790828006421350714e-05
-2.556505484783892137e-06,-7.314029778386166390e-05,-1.008496902266002594e-06,-2.376226178288960649e-05
-3.902459064915694350e-06,-6.143850560563913338e-05,-1.445563076925953624e-06,-1.996355014334830148e-05
-5.024913505825900452e-06,-5.079705223034170321e-05,-1.810025426553041940e-06,-1.649997128304548367e-05
-5.944591666368091571e-06,-4.116673007288530349e-05,-2.108449250189066796e-06,-1.335780592079365686e-05
-6.681204573118893829e-06,-3.249582438759978346e-05,-2.347111882458960199e-06,-1.052220366403855226e-05
-7.253421084548297679e-06,-2.473088616561825733e-05,-2.531984267248066157e-06,-7.977492314569868657e-06
-7.678811857988007382e-06,-1.781771222827453226e-05,-2.668720301792086573e-06,-5.707328409045872346e-06
-7.973870491838477709e-06,-1.170169098330840991e-05,-2.762643210127572762e-06,-3.695114175094928103e-06
-8.154000533962268722e-06,-6.328467995370857813e-06,-2.818743232189679395e-06,-1.924097746661326486e-06
-8.233526739464353347e-06,-1.644386912379770231e-06,-2.841676286437308704e-06,-3.775795813948123657e-07
-8.225769404448188485e-06,2.403117143812092362e-06,-2.835785406381971859e-06,9.609379855631687249e-07
-8.142900960689225295e-06,5.865217653603639469e-06,-2.805050731436680364e-06,2.107625820095809602e-06
-7.996089693032859975e-06,8.791319771827982163e-06,-2.753134457642044520e-06,3.078234172359815251e-06
-7.795647638864844955e-06,1.122891008716859855e-05,-2.683426268853856648e-06,3.887961255247036777e-06
-7.550899629994833653e-06,1.322341287332135911e-05,-2.598998862231056950e-06,4.551419249564069736e-06
-7.270280405401430563e-06,1.481803234501910161e-05,-2.502638114257193041e-06,5.082572625143101514e-06
-6.961380312772624183e-06,1.605365861339160433e-05,-2.396856554389268844e-06,5.494694743769222148e-06
-6.630997846398053539e-06,1.696880540864354703e-05,-2.283907272945162957e-06,5.800338134890666815e-06
-6.285174886612662465e-06,1.759960847937197279e-05,-2.165801298557650416e-06,6.011299612926324777e-06
-5.929259993483888069e-06,1.797978304942488784e-05,-2.044320316762954828e-06,6.138654346392758560e-06
-5.567951655752901706e-06,1.814067593875834053e-05,-1.921032341511074917e-06,6.192714094447809912e-06
-5.205345255363082685e-06,1.811131131590203947e-05,-1.797306490281338994e-06,6.183042858617355901e-06
-4.844976985905888224e-06,1.791842591379337650e-05,-1.674327834848912265e-06,6.118483351771417693e-06
-4.489870363256110738e-06,1.758655283557768452e-05,-1.553111685114483425e-06,6.007164421303332089e-06
-4.142579497975812028e-06,1.713809495682613515e-05,-1.434517800800410107e-06,5.856528664761150123e-06
-3.805231257506608071e-06,1.659341408588082742e-05,-1.319264043198098690e-06,5.673356824647705602e-06
-3.479565005750075317e-06,1.597093005265397213e-05,-1.207939168502838887e-06,5.463794823735325882e-06
-3.166970348929782912e-06,1.528722064055648567e-05,-1.101015155728398514e-06,5.233385266057651887e-06
-2.868524078623565363e-06,1.455711899033180016e-05,-9.988595079429408439e-07,4.987101489146608563e-06
-2.585020946546510514e-06,1.379383811568364395e-05,-9.017444869906343544e-07,4.729372197598752164e-06
-2.317007508595914075e-06,1.300905332033319032e-05,-8.098594839040308045e-07,4.464126623690349505e-06
-2.064811106623521242e-06,1.221301589863170327e-05,-7.233200776992431771e-07,4.194821205230380893e-06
-1.828567303628822257e-06,1.141465612242707319e-05,-6.421771445130418872e-07,3.924473657957395325e-06
-1.608245281678891348e-06,1.062168431693883412e-05,-5.664252999712010596e-07,3.655695755625545219e-06
-1.403671248043387035e-06,9.840689180008664087e-06,-4.960106958322521552e-07,3.390725244848700419e-06
-1.214526082239306010e-06,9.077279877167458475e-06,-4.308302809018554182e-07,3.131440979321836407e-06
-1.040434533896776478e-06,8.336009872142895858e-06,-3.707618269293250824e-07,2.879461932981371206e-06
-8.809137480273231736e-07,7.620661840776601528e-06,-3.156467241568049879e-07,2.636064236132283169e-06
-7.354146621651510059e-07,6.934250223146962969e-06,-2.653029954341798625e-07,2.402285458345229283e-06
-6.033352430637624735e-07,6.279103389521253126e-06,-2.195301717587953738e-07,2.178933200804076682e-06
-4.840330456742263229e-07,5.656937052749515887e-06,-1.781137110144564832e-07,1.966608349492637802e-06
-3.768367229700703050e-07,5.068923878996520163e-06,-1.408289208010795281e-07,1.765727695439065113e-06
-2.810563030529420337e-07,4.515757575563491186e-06,-1.074443960874716892e-07,1.576546283192702466e-06
-1.959921428103264416e-07,3.997713348575941320e-06,-7.772506703472633352e-08,1.399176760459567108e-06
-1.209427079912739983e-07,3.514703657112681240e-06,-5.143487180171473134e-08,1.233607943104930279e-06
-5.521134523919304303e-08,3.066329154518921034e-06,-2.833904736882728675e-08,1.079722435959662893e-06
1.887968150635827138e-09,2.651925822596568099e-06,-8.206099743709913840e-09,9.373121327116848891e-07
5.104909224515041858e-08,2.270628601668189357e-06,9.198279408310480561e-09,8.060863538785011139e-07
9.287925371843824351e-08,1.921306213688540924e-06,2.407923795380793158e-08,6.857192016110415630e-07
1.280285545003004185e-07,1.602785654911578319e-06,3.665730634192886409e-08,5.757875947773380741e-07
1.570994316291722065e-07,1.313732293865493135e-06,4.713675192216720873e-08,4.758602383329439723e-07
1.806667378625203471e-07,1.052726479738821011e-06,5.571281378625591852e-08,3.854680026918572806e-07
1.992763519912986392e-07,8.182872609866459111e-07,6.257110557545485677e-08,3.041182809018649969e-07
2.134442025571053818e-07,6.088941252939255972e-07,6.788724947687366737e-08,2.313038484534366376e-07
2.236569674440621461e-07,4.230060002468383407e-07,7.182707153121845130e-08,1.665098119138812931e-07
2.303708358950176043e-07,2.590777139742062391e-07,7.454622561816797369e-08,1.092190158433460196e-07
2.338931309165139056e-07,1.155705420957903630e-07,7.614873401029338630e-08,5.891149016898397421e-08
2.347461784431347761e-07,-8.949551966097008522e-09,7.681401954787166189e-08,1.510348664144722057e-08
2.333581527615122257e-07,-1.159887833875594759e-07,7.668957428264074344e-08,-2.269279807093747267e-08
2.299374990404587535e-07,-2.069837166946650852e-07,7.584533356312300683e-08,-5.500819197555180378e-08
2.248557572767078536e-07,-2.833197387461563271e-07,7.440948184081974809e-08,-8.226354441682078558e-08
2.183983362888873852e-07,-3.463317465881724116e-07,7.248049681663109228e-08,-1.049204942102087698e-07
2.108315412516937698e-07,-3.973121382892088405e-07,7.015074988245985546e-08,-1.234080633559028421e-07
2.023806246882836503e-07,-4.374749697951390881e-07,6.749822896936450923e-08,-1.381502067788537920e-07
1.932475583816739418e-07,-4.679664441476578462e-07,6.459290689306638668e-08,-1.495384667496843457e-07
1.836123434370532150e-07,-4.898616715572776340e-07,6.149726722430856562e-08,-1.579393211275677101e-07
1.736343847844165609e-07,-5.041644110075595003e-07,5.826677377623326028e-08,-1.636952367553933727e-07
1.634538852582252025e-07,-5.118077571324838854e-07,5.495033709231889245e-08,-1.671249911962778128e-07
1.531932347086439524e-07,-5.136554121696436412e-07,5.159077945944641439e-08,-1.685240606646358768e-07
1.429583763711648772e-07,-5.105034259740934564e-07,4.822529356401916966e-08,-1.681651557193292082e-07
1.328401373947607219e-07,-5.030823213003258325e-07,4.488589028420016092e-08,-1.662988928768632550e-07
1.229155140903742573e-07,-4.920595308208891324e-07,4.159983220672229639e-08,-1.631545787678467076e-07
1.132489051948225773e-07,-4.780420792320800217e-07,3.839005040124710167e-08,-1.589410835522690586e-07
1.038932884516863428e-07,-4.615794505690868657e-07,3.527554270368738837e-08,-1.538477823681826358e-07
9.489133731478145530e-08,-4.431665874782695017e-07,3.227175230255803770e-08,-1.480455459672348550e-07
8.627647574872045388e-08,-4.232469755072764053e-07,2.939092584294896551e-08,-1.416877640030525831e-07
7.807387004109729059e-08,-4.022157713806285184e-07,2.664245059872474489e-08,-1.349113865811496560e-07
7.030135731532852867e-08,-3.804229396929526596e-07,2.403317053861221259e-08,-1.278379716316393876e-07
6.297031107952187898e-08,-3.581763674699461066e-07,2.156768134028706175e-08,-1.205747274348373817e-07
5.608644468847239567e-08,-3.357449306281718137e-07,1.924860459747986410e-08,-1.132155412290510518e-07
4.965055404809546626e-08,-3.133614905285452239e-07,1.707684162437551094e-08,-1.058419862725862846e-07
4.365920126582522526e-08,-2.912258025854421869e-07,1.505180739350585418e-08,-9.852430103180620230e-08
3.810534125563940954e-08,-2.695073222870763627e-07,1.317164525122702218e-08,-9.132233533473577373e-08
3.297889354982090086e-08,-2.483478970265256491e-07,1.143342314143556113e-08,-8.428645937523371815e-08
2.826726175831013188e-08,-2.278643348589304005e-07,9.833312135847433231e-09,-7.745843238563408631e-08
2.395580325648788912e-08,-2.081508437119471883e-07,8.366748120038682463e-09,-7.087222862397396164e-08
2.002825177910620514e-08,-1.892813367052768092e-07,7.028577520482952974e-09,-6.455481905360679938e-08
1.646709565708470206e-08,-1.713116011023089548e-07,5.813187980818375647e-09,-5.852690773553839617e-08
1.325391445970084745e-08,-1.542813300435267562e-07,4.714624907147781732e-09,-5.280362251423239814e-08
1.036967680185232946e-08,-1.382160176168863734e-07,3.726694803889275400e-09,-4.739516006281649270e-08
7.795002048246848076e-09,-1.231287190249139423e-07,2.843056314815822991e-09,-4.230738576973806397e-08
5.509787755422850886e-09,-1.090209091600734590e-07,2.057228408022154998e-09,-3.754269853808652438e-08
3.494516522106986859e-09,-9.588703728708212940e-08,1.362614801926314628e-09,-3.309930270703106134e-08
1.729900446106663858e-09,-8.371155333467430648e-08,7.528385692903258703e-10,-2.897347917598046966e-08
1.970457557012561867e-10,-7.247232704381157190e-08,2.216308135292290045e-10,-2.515883701947578040e-08
-1.123205963897016286e-09,-6.214361004009509061e-08,-2.374622385998165660e-10,-2.164630514852435403e-08
-2.247099150896900320e-09,-5.268857828882534488e-08,-6.296856438452519992e-10,-1.842776127708157443e-08
-3.192452781006300422e-09,-4.407453890706226577e-08,-9.610973521334895716e-10,-1.549000219074131358e-08
-3.975603277528761455e-09,-3.626281736432597316e-08,-1.237162731843139617e-09,-1.282124084381733708e-08
-4.612090059692755965e-09,-2.921289297357961026e-08,-1.463095913407734132e-09,-1.040845456310857082e-08
-5.116625171354433529e-09,-2.288291878431248436e-08,-1.643843149591091694e-09,-8.238025085067243022e-09
-5.503073759182637092e-09,-1.723027709916861740e-08,-1.784074177255230505e-09,-6.295998015997015393e-09
-5.784444957393026255e-09,-1.221207898950121601e-08,-1.888177797873635982e-09,-4.568265407702888015e-09
-5.972891936021914310e-09,-7.785598080903978342e-09,-1.960260733851903582e-09,-3.040718611773832609e-09
-6.079719842934817666e-09,-3.908642186023153732e-09,-2.004149261734058385e-09,-1.699378977021402627e-09
-6.115400460381448319e-09,-5.398678724104174792e-10,-2.023393210836697748e-09,-5.305088928645925106e-10
-6.089884869020750138e-09,2.360622249985612802e-09,-2.021365845695047628e-09,4.793878537020542483e-10
-6.011462615904915745e-09,4.832640494505795778e-09,-2.000895793762567966e-09,1.342984004109235672e-09
-5.888529822052139309e-09,6.912940386565135603e-09,-1.964840538252638793e-09,2.073186043613079516e-09
-5.728470955346260683e-09,8.637343134269422794e-09,-1.915717772141099393e-09,2.681843737690029513e-09
-5.537976287187856152e-09,1.003989293499237019e-08,-1.855813739909817397e-09,3.180372691897270297e-09
-5.323077887233339857e-09,1.115282175719608183e-08,-1.787193625832974833e-09,3.579618816660926853e-09
-5.089186367326441874e-09,1.200651056840506135e-08,-1.711713364184440317e-09,3.889825008740677798e-09
-4.841128165772533965e-09,1.262946920667432264e-08,-1.631031842681085335e-09,4.120619491082771757e-09
-4.583182986805996922e-09,1.304833586253496510e-08,-1.546623228694032046e-09,4.281012909633917388e-09
-4.319121032184296665e-09,1.328789385381612299e-08,-1.459789274148777753e-09,4.379401726657708128e-09
-4.052239710867972827e-09,1.337110316467995452e-08,-1.371671486737136546e-09,4.423576838282045673e-09
-3.785399561165124716e-09,1.331914439195174909e-08,-1.283263073487971040e-09,4.420736583246095203e-09
-3.521059164214661224e-09,1.315147295226550293e-08,-1.195420578221359533e-09,4.377503403268607580e-09
-3.261308868026503719e-09,1.288588160936328155e-08,-1.108875148286926224e-09,4.299943487731269376e-09
-3.007903177653960712e-09,1.253856957636775506e-08,-1.024243378491743411e-09,4.193588801805324811e-09
-2.762291699661647256e-09,1.212421663208451563e-08,-9.420376913501879235e-10,4.063460959569950540e-09
-2.525648558099069941e-09,1.165606086319060817e-08,-8.626762228152248191e-10,3.914096462272107468e-09
-2.298900224924090940e-09,1.114597880553155780e-08,-7.864921915540576923e-10,3.749572876668798416e-09
-2.082751730469291535e-09,1.060456690779176236e-08,-7.137427376864819778e-10,3.573535579420047754e-09
-1.877711239331630480e-09,1.004122337972902964e-08,-6.446172237863302452e-10,3.389224740809596850e-09
-1.684112994210744679e-09,9.464229615248472382e-09,-5.792449969282222978e-10,3.199502264756133530e-09
-1.502138644936294486e-09,8.880830498174742416e-09,-5.177026157146489429e-10,3.006878442238387899e-09
-1.331836992415127564e-09,8.297313006051029964e-09,-4.600205506110620991e-10,2.813538112022578858e-09
-1.173142187691672863e-09,7.719082625076748912e-09,-4.061893696153053937e-10,2.621366156086155095e-09
-1.025890434937853750e-09,7.150737177850524764e-09,-3.561654243557209230e-10,2.431972187522849524e-09
-8.898352541505942410e-10,6.596137745386576363e-09,-3.098760542098469621e-10,2.246714316153849415e-09
-7.646613648045064140e-10,6.058476436415294748e-09,-2.672243280198197643e-10,2.066721901712374978e-09
-6.499972558436004609e-10,5.540340820758746566e-09,-2.280933445051923413e-10,1.892917226486089174e-09
-5.454265103477713500e-10,5.043774900091660459e-09,-1.923501135893330418e-10,1.726036038854470147e-09
-4.504979551163705448e-10,4.570336539155031335e-09,-1.598490416090778534e-10,1.566646936410717510e-09
-3.647347064015359125e-10,4.121151323970266006e-09,-1.304350438126796247e-10,1.415169572483863457e-09
-2.876421832175292447e-10,3.696962851291086764e-09,-1.039463077090626537e-10,1.271891683017416402e-09
-2.187151591592202728e-10,3.298179485887581713e-09,-8.021673074940763858e-11,1.136984942093860710e-09
-1.574439225839858194e-10,2.924917649735280638e-09,-5.907805553461396386e-11,1.010519664053725850e-09
-1.033196134388344897e-10,2.577041730212718675e-09,-4.036172528077267864e-11,8.924783782945068368e-10
-5.583880303234794318e-11,2.254200713402188473e-09,-2.390048166808069932e-11,7.827683095914802030e-10
-1.450738073485428295e-11,1.955861663936554870e-09,-9.529726472666540871e-12,6.812328022827382802e-10
2.115619099161101162e-11,1.681340184905749184e-09,2.911332440967383678e-12,5.876617310371233624e-10
5.161819461841575788e-11,1.429828000481088034e-09,1.357873108569640503e-11,5.018009442884568956e-10
7.732749295189208013e-11,1.200417810458251071e-09,2.262297654703510622e-11,4.233607888889890875e-10
9.871382927117383935e-11,9.921255701674838906e-10,3.018843367102725441e-11,3.520237662048867496e-10
1.161865426601385017e-10,8.039103514328027344e-10,3.641285452432985372e-11,2.874513708528016814e-10
1.301336521118813046e-10,6.346919407456744385e-10,4.142703493426614129e-11,2.292901636373725837e-10
1.409212660953495069e-10,4.833663297907255231e-10,4.535458344547423472e-11,1.771771300889810980e-10
1.488932773481643400e-10,3.488192511466584548e-10,4.831178904964129717e-11,1.307443753819894262e-10
1.543713056740274271e-10,2.299379085830364878e-10,5.040757504756108820e-11,8.962320541877907303e-11
1.576548544580456972e-10,1.256210470709240087e-10,5.174352738149799348e-11,5.344764254383004497e-11
1.590216494528619459e-10,3.478750258498566016e-11,5.241398672491170799e-11,2.185742277226998284e-11
1.587281311198053416e-10,-4.361663385110826764e-11,5.250619453142309728e-11,-5.499480373361470845e-12
1.570100744223697040e-10,-1.106121095008192830e-10,5.210048412179307298e-11,-2.896476228432251893e-11
1.540833124566305799e-10,-1.671817386682704472e-10,5.127050872390164943e-11,-4.886808288912151186e-11
1.501445426594334341e-10,-2.142666515402577783e-10,5.008349917422710749e-11,-6.552571259311317107e-11
1.453721965569605190e-10,-2.527634545580003297e-10,4.860054473879415026e-11,-7.923949187053473761e-11
1.399273561019649520e-10,-2.835222005818684635e-10,4.687689121626003721e-11,-9.029607009420075692e-11
1.339547015974019679e-10,-3.073450739154708949e-10,4.496225114550072034e-11,-9.896639144042507862e-11
1.275834780185055215e-10,-3.249857019812015395e-10,4.290112155497138593e-11,-1.055053979390054711e-10
1.209284682267690935e-10,-3.371490120347847981e-10,4.073310526186136809e-11,-1.101519219335977792e-10
1.140909631209250657e-10,-3.444915577298554769e-10,3.849323225656348837e-11,-1.131287423615771882e-10
1.071597201957633439e-10,-3.476222465597859508e-10,3.621227819342934274e-11,-1.146427813418023387e-10
1.002119032839967748e-10,-3.471034051841354093e-10,3.391707745360818975e-11,-1.148854195627382494e-10
9.331399744435805082e-11,-3.434521253700622975e-10,3.163082865156789183e-11,-1.140329108847015946e-10
8.652269403607393443e-11,-3.371418387265442938e-10,2.937339082537875782e-11,-1.122468784043673532e-10
7.988574199144044406e-11,-3.286040735718802089e-10,2.716156888387259280e-11,-1.096748759668420045e-10
7.344276217024236369e-11,-3.182303521424379090e-10,2.500938718324558384e-11,-1.064510007559380928e-10
6.722602245814880799e-11,-3.063741909214451324e-10,2.292835037350296178e-11,-1.026965441379271585e-10
6.126117196191791798e-11,-2.933531711397947404e-10,2.092769089333661484e-11,-9.852066937971760059e-11
5.556793326320255478e-11,-2.794510504774294956e-10,1.901460270251056275e-11,-9.402110621329464154e-11
5.016075222580941074e-11,-2.649198906806821463e-10,1.719446102556546197e-11,-8.928485346899954657e-11
4.504940531415493245e-11,-2.499821792135764283e-10,1.547102804156113878e-11,-8.438888215749540161e-11
4.023956477896635020e-11,-2.348329261875967055e-10,1.384664459349382814e-11,-7.940083244640857489e-11
3.573332240538170252e-11,-2.196417206755216626e-10,1.232240810975722208e-11,-7.437969895407872583e-11
3.152967280367929784e-11,-2.045547331218960937e-10,1.089833703032535454e-11,-6.937649967206422625e-11
2.762495745887963645e-11,-1.896966529247625482e-10,9.573522113844655789e-12,-6.443492463957770696e-11
2.401327094710704493e-11,-1.751725523966802796e-10,8.346265070153597787e-12,-5.959196122146671251e-11
2.068683087834363722e-11,-1.610696702261242148e-10,7.214205017369316374e-12,-5.487849350202626449e-11
1.763631324124473857e-11,-1.474591092702993564e-10,6.174433305040068686e-12,-5.031987389240300075e-11
1.485115490996132271e-11,-1.343974450263693428e-10,5.223597276262626298e-12,-4.593646557557971580e-11
1.231982512910701398e-11,-1.219282424663123095e-10,4.357993563378799964e-12,-4.174415487283337283e-11
1.003006782453883010e-11,-1.100834800915182954e-10,3.573651525037833311e-12,-3.775483302366804486e-11
7.969116597665497525e-12,-9.888488108064118399e-11,2.866407438122407201e-12,-3.397684722395077327e-11
6.123884252475199430e-12,-8.834515227999071460e-11,2.231970057278835838e-12,-3.041542107336004080e-11
4.481128680072124451e-12,-7.846913253160728360e-11,1.665978148489726204e-12,-2.707304484356959313e-11
3.027596887682233750e-12,-6.925485246157116594e-11,1.164050592108719187e-12,-2.394983620016623532e-11
1.750148910072527570e-12,-6.069450837037319908e-11,7.218296357975608786e-13,-2.104387219563052679e-11
6.358632831352615993e-13,-5.277535329045777408e-11,3.350178595883588762e-13,-1.835149349954156038e-11
-3.064917607721236505e-13,-4.546121427083946363e-11,6.420524431360164663e-15,-1.587373817908781948e-11
-1.112191334017710070e-12,-3.877000209384363417e-11,-2.756295887683741055e-13,-1.358964976245059315e-11
-1.793228918796052923e-12,-3.267156648200950497e-11,-5.150667164210552841e-13,-1.150320679003320102e-11
-2.361023165876380996e-12,-2.713758237933674692e-11,-7.157261715913751283e-13,-9.606861996533474335e-12
-2.826413750454946927e-12,-2.213892588387697447e-11,-8.812641773842603792e-13,-7.891248749242657998e-12
-3.199645962477689241e-12,-1.764571099822315558e-11,-1.015142503069218406e-12,-6.346538248253784100e-12
-3.490360818613214246e-12,-1.362763532164676329e-11,-1.120623376870477765e-12,-4.962707819053175546e-12
-3.707591917652404487e-12,-1.005431467150228664e-11,-1.200767654895087852e-12,-3.729673030360668289e-12
-3.859768322673393436e-12,-6.895574671219305319e-12,-1.258435181686564847e-12,-2.637390735516016949e-12
-3.954722610642894130e-12,-4.121699400418061195e-12,-1.296286960574719137e-12,-1.675945926393487537e-12
-3.999703283865171581e-12,-1.703640547920253787e-12,-1.316788849681452291e-12,-8.356249538778978947e-13
-4.001390809591713182e-12,3.868092931119180463e-13,-1.322216532236792353e-12,-1.069764886963865185e-13
-3.965916624561764920e-12,2.176875699681085373e-12,-1.314661534495352509e-12,5.191385866679851870e-13
-3.898884508042106607e-12,3.692690567084427221e-12,-1.296038087113897400e-12,1.051507244303871994e-12
-3.805393789769070289e-12,4.959206234518067285e-12,-1.268090647047553765e-12,1.498533290154909844e-12
-3.690063918032154015e-12,6.000132691888189653e-12,-1.232401916903488087e-12,1.868214276879683747e-12
-3.557059968010473849e-12,6.837895169262086204e-12,-1.190401217221919481e-12,2.168125438903989813e-12
-3.410118721418204636e-12,7.493609606300971763e-12,-1.143373084419339251e-12,2.405409800234656188e-12
-3.252574995636729101e-12,7.987073688762869649e-12,-1.092465983103933685e-12,2.586773670851236050e-12
-3.087387943907507284e-12,8.336771324375822945e-12,-1.038701036213561885e-12,2.718486808224975335e-12
-2.917738077570027287e-12,8.564060803163126363e-12,-9.832601053172705086e-13,2.804821617373256101e-12
-2.744951906963090698e-12,8.679563814135446743e-12,-9.265429016146158288e-13,2.855462678925732505e-12
-2.571072473283338993e-12,8.698598170659889015e-12,-8.692313390874026989e-13,2.872927469227029072e-12
-2.397859804971189408e-12,8.634624883725522975e-12,-8.119355640505126319e-13,2.861434686467193653e-12
-2.226819861703037247e-12,8.499898433673331288e-12,-7.551823962701431496e-13,2.825122085432069851e-12
-2.059227041168555920e-12,8.305596014163237454e-12,-6.994199746515448640e-13,2.767806216341570483e-12
-1.896145009239151539e-12,8.061874709900444523e-12,-6.450243927303401780e-13,2.692965485447371308e-12
-1.739336104706331042e-12,7.774298508506723042e-12,-5.925365356546954982e-13,2.605046989283613820e-12
-1.588747523512731738e-12,7.456529973605868181e-12,-5.420183601322680067e-13,2.503459552221812033e-12
-1.444881078050071002e-12,7.115160725877693723e-12,-4.936698909023831774e-13,2.392937190036360014e-12
-1.308109339383724301e-12,6.756613779761494330e-12,-4.476308079910521595e-13,2.275997725819808582e-12
-1.178686991842116783e-12,6.386628355809788332e-12,-4.039982206332494079e-13,2.154656788017377434e-12
-1.056764788021166366e-12,6.010242010042308263e-12,-3.628330848807239015e-13,2.030661863811254156e-12
-9.424028675204733083e-13,5.631836902693340252e-12,-3.241649144442914756e-13,1.905534339034880014e-12
-8.355830633216945944e-13,5.255191671115200884e-12,-2.879959881975999128e-13,1.780589756294262493e-12
-7.362201880035095184e-13,4.883532175233409060e-12,-2.543051979828068435e-13,1.656955142023464503e-12
-6.441723363543432466e-13,4.519580211424136639e-12,-2.230515643944602298e-13,1.535585400070515222e-12
-5.592502485264560017e-13,4.165599968592305896e-12,-1.941774365534988836e-13,1.417278943187495768e-12
-4.812257806732417025e-13,3.823442111687814986e-12,-1.676113913642615216e-13,1.302692546026380679e-12
-4.098395316298950965e-13,3.494585421611686196e-12,-1.432708481844128627e-13,1.192355396196733959e-12
-3.448076750934540343e-13,3.180175954369223300e-12,-1.210644151906413620e-13,1.086682327424401247e-12
-2.858280470683515883e-13,2.881063710262963509e-12,-1.008939838853533950e-13,9.859862289763133099e-13
-2.325855381496750144e-13,2.597836828320796894e-12,-8.265658818077766882e-14,8.904896336214217671e-13
-1.847568395932540537e-13,2.330853341749896687e-12,-6.624604432867670078e-14,8.003354943299588492e-13
-1.420145911340976755e-13,2.080270547739776934e-12,-5.155438768219043083e-14,7.155971649301607930e-13
-1.040309772230836859e-13,1.846072059456865138e-12,-3.847312188366182166e-14,6.362876056476566497e-13
-7.048081681880059802e-14,1.628092619427053874e-12,-2.689429558058410024e-14,5.623678391851850318e-13
-4.104419013383604997e-14,1.426040763403130258e-12,-1.671142122420448216e-14,4.937546852325248422e-13
-1.540864384396066742e-14,1.239519430823199066e-12,-7.820249897456785842e-15,4.303278045365944076e-13
6.728985731795555190e-15,1.068044623000467579e-12,-1.194154615895219911e-16,3.719360859104125015e-13
2.566109406035174035e-14,9.110622143811628221e-13,6.489039362725190545e-15,3.184034099566518442e-13
4.166813914467858063e-14,7.679630237782634448e-13,1.209924307128873287e-14,2.695338253400036448e-13
5.501774846096128081e-14,6.380962535239928052e-13,1.680117041521950838e-14,2.251161733073596261e-13
6.596407110994475254e-14,5.207814045955656012e-13,2.068040191028404219e-14,1.849281953650299512e-13
7.474734633975293340e-14,4.153187737497088715e-13,2.381795804633834094e-14,1.487401605726334513e-13
8.159366169910499267e-14,3.209986374468012567e-13,2.629019911838664344e-14,1.163180465138418188e-13
8.671487612599176123e-14,2.371092241295015517e-13,2.816878228523135293e-14,8.742630822266531330e-14
9.030868526125636734e-14,1.629435733706082337e-13,2.952066812832071202e-14,6.183026812899106655e-14
9.255880819029306546e-14,9.780537673527791444e-14,3.040816961843034796e-14,3.929815840065202575e-14
9.363527664615419805e-14,4.101389086920465326e-14,3.088903701889992524e-14,1.960284664899536043e-14
9.369480945734921730e-14,-8.091990583160492199e-15,3.101657283606070170e-14,2.523273556149572908e-15
9.288125667883351957e-14,-5.015042460597797422e-14,3.083977149623716930e-14,-1.215436916803392954e-14
9.132609941555544327e-14,-8.577398835531299711e-14,3.040347894102629242e-14,-2.463569568910627733e-14
8.914899281584445014e-14,-1.155476584704092209e-13,2.974856784490953435e-14,-3.511739195401629018e-14
8.645834109468267720e-14,-1.400273319061050149e-13,2.891212461971496176e-14,-4.378666839596229661e-14
8.335189473281474166e-14,-1.597388251545224398e-13,2.792764480440608661e-14,-5.082087788270491369e-14
7.991736119096929429e-14,-1.751772932115955605e-13,2.682523384895800541e-14,-5.638727869291613094e-14
7.623302158549411574e-14,-1.868070139074313593e-13,2.563181066943896622e-14,-6.064292462140890685e-14
7.236834678618392128e-14,-1.950614879517333636e-13,2.437131170934221631e-14,-6.373466431459279687e-14
6.838460733510656485e-14,-2.003438086028708577e-13,2.306489354421110450e-14,-6.579923554650829483e-14
6.433547243348816908e-14,-2.030272596273205835e-13,2.173113237318871672e-14,-6.696343880124749709e-14
6.026759402304025028e-14,-2.034561032808641934e-13,2.038621899397258002e-14,-6.734437838639593657e-14
5.622117268635399960e-14,-2.019465243835897696e-13,1.904414810691933051e-14,-6.704975841221464161e-14
5.223050272750876276e-14,-1.987876992812642998e-13,1.771690100473390245e-14,-6.617822371946897639e-14
4.832449435897605979e-14,-1.942429623140478212e-13,1.641462089788160625e-14,-6.481973613633319340e-14
4.452717142451599701e-14,-1.885510452567678852e-13,1.514578031180924430e-14,-6.305597685943750442e-14
4.085814354126824091e-14,-1.819273676020607775e-13,1.391734012972771345e-14,-6.096076874897945556e-14
3.733305193561601588e-14,-1.745653588665468392e-13,1.273490000074747047e-14,-5.860051091749157415e-14
3.396398859359957011e-14,-1.666377960533085974e-13,1.160283995365391124e-14,-5.603462005051395408e-14
3.075988864668879029e-14,-1.582981418150133151e-13,1.052445315856201571e-14,-5.331597349559342557e-14
2.772689617354099866e-14,-1.496818707559810095e-13,9.502069864390102669e-15,-5.049135003101499215e-14
2.486870381608350015e-14,-1.409077734774831607e-13,8.537172624170095610e-15,-4.760186407648471515e-14
2.218686679416865552e-14,-1.320792293931304198e-13,7.630502983192637523e-15,-4.468339051279326380e-14
1.968109205599704535e-14,-1.232854410543989942e-13,6.782159855575501416e-15,-4.176697766871200920e-14
1.734950342770391874e-14,-1.146026239541142644e-13,5.991689859954316441e-15,-3.887924627343409997e-14
1.518888372167975794e-14,-1.060951473560552790e-13,5.258169928487517794e-15,-3.604277220785603515e-14
1.319489484204874833e-14,-9.781662235722767995e-14,4.580282517466173141e-15,-3.327645277431204395e-14
1.136227698026044268e-14,-8.981093476708886827e-14,3.956383779989605888e-15,-3.059585449022828092e-14
9.685028032309506933e-15,-8.211322101822687475e-14,3.384565068214392231e-15,-2.801354253075516389e-14
8.156564389134818531e-15,-7.475078633481316127e-14,2.862708147077696199e-15,-2.553939085522002680e-14
6.769864261482566199e-15,-6.774396475584215672e-14,2.388534503665461681e-15,-2.318087315161351495e-14
5.517594698250479008e-15,-6.110692127681024087e-14,1.959649129997334007e-15,-2.094333497294243319e-14
4.392223439145716078e-15,-5.484839720653824258e-14,1.573579168208230618e-15,-1.883024623395788096e-14
3.386116724413644506e-15,-4.897239958678579930e-14,1.227807784359902811e-15,-1.684343577781779674e-14
2.491624153403973548e-15,-4.347883642792485815e-14,9.198036384286947966e-16,-1.498330743121070484e-14
1.701151646320774571e-15,-3.836409966557756569e-14,6.470463046604051496e-16,-1.324903857921897552e-14
1.007223526763424975e-15,-3.362159765506078953e-14,4.070479792611075625e-16,-1.163876207150850581e-14
4.025346957456073147e-16,-2.924223970298100528e-14,1.973718075381632027e-16,-1.014973153767381552e-14
-1.200061764635445236e-16,-2.521487477068120208e-14,1.564713650202034251e-17,-8.778471773735933735e-15
-5.672415639836885435e-16,-2.152668693268591923e-14,-1.404180096379784534e-16,-7.520914270442614264e-15
-9.457372791414331337e-16,-1.816355015452929997e-14,-2.730269471338952534e-16,-6.372518733407428564e-15
-1.261761165288909069e-15,-1.511034449254061578e-14,-3.842865923013089636e-16,-5.328382460301050195e-15
-1.521267566649646806e-15,-1.235123692415652593e-14,-4.762017058472172022e-16,-4.383336646272369295e-15
-1.729886895585414821e-15,-9.869928609667444721e-15,-5.506708977551116692e-16,-3.532032020279425140e-15
-1.892919670420630161e-15,-7.649871465175145591e-15,-6.094841807413767368e-16,-2.769013900208853382e-15
-2.015334445092129429e-15,-5.674456315062603395e-15,-6.543218698802660104e-16,-2.088787260108386596e-15
-2.101769095368625627e-15,-3.927174769985240612e-15,-6.867546541855140496e-16,-1.485873456232917210e-15
-2.156534974382500835e-15,-2.391757303469740922e-15,-7.082446675197468596e-16,-9.548582357520053446e-16
-2.183623490826737208e-15,-1.052289428567405217e-15,-7.201474110623247150e-16,-4.904327418380771317e-16
-2.186714706278483922e-15,1.066917967073884787e-16,-7.237143848868817631e-16,-8.742736053657457659e-17
-2.169187584376715962e-15,1.100119243013781316e-15,-7.200963067372478078e-16,2.591602201962654521e-16
-2.134131563712751314e-15,1.942333129408436341e-15,-7.103468032408896617e-16,5.541426760267920819e-16
-2.084359158543909463e-15,2.647032899195668559e-15,-6.954264742686283050e-16,8.021254563311076311e-16
-2.022419326546070303e-15,3.227241719895674765e-15,-6.762072365244525993e-16,1.007493876616878914e-15
-1.950611370183278132e-15,3.695282374386631391e-15,-6.534768702254529876e-16,1.174403764229000114e-15
-1.870999167709263089e-15,4.062763002279990268e-15,-6.279436968877983104e-16,1.306775717206616603e-15
-1.785425556705291579e-15,4.340571404496180561e-15,-6.002413246640400413e-16,1.408292414704264539e-15
-1.695526714616588911e-15,4.538876894194669133e-15,-5.709334102083440496e-16,1.482398333608356763e-15
-1.602746404115070744e-15,4.667138482020002813e-15,-5.405183907251523497e-16,1.532301756876522156e-15
-1.508349972221741692e-15,4.734118386246349739e-15,-5.094341439700782102e-16,1.560978841246391145e-15
-1.413438006968763624e-15,4.747900203276664389e-15,-4.780625477171075933e-16,1.571178924962549045e-15
-1.318959576325816747e-15,4.715910580272783014e-15,-4.467339062279624314e-16,1.565431570169102779e-15
-1.225724984672346639e-15,4.644944045458964955e-15,-4.157312266732593535e-16,1.546054201597182201e-15
-1.134417999189425863e-15,4.541189993393928047e-15,-3.852943224567235896e-16,1.515161059362507065e-15
-1.045607507549651201e-15,4.410261535692024008e-15,-3.556237332966841046e-16,1.474672424582732730e-15
-9.597585801942046362e-16,4.257225532824163034e-15,-3.268844518448769379e-16,1.426324425296439989e-15
-8.772429200450386316e-16,4.086633389217491876e-15,-2.992094487268668366e-16,1.371679197369568340e-15
-7.983486902852930107e-16,3.902552230772709641e-15,-2.727029917608776400e-16,1.312135215994278049e-15
-7.232897171474052241e-16,3.708596168603528698e-15,-2.474437599820957634e-16,1.248937537136784760e-15
-6.522140723842244642e-16,3.507957235986575102e-15,-2.234877505641769206e-16,1.183188188193318938e-15
-5.852120433396352714e-16,3.303435909451933206e-15,-2.008709831386723583e-16,1.115856224770311355e-15
-5.223235050586589428e-16,3.097470818979454661e-15,-1.796120040464396625e-16,1.047787720869695313e-15
-4.635447105508325544e-16,2.892167654186241704e-15,-1.597141958582849986e-16,9.797154338928018753e-16
-4.088345192270609740e-16,2.689327012385968977e-15,-1.411679000707090224e-16,9.122680538982716200e-16
-3.581200864277844715e-16,2.490471075497067786e-15,-1.239523579914451752e-16,8.459792499437408361e-16
-3.113020375133568231e-16,2.296869112957704542e-15,-1.080374776033460042e-16,7.812962726520190929e-16
-2.682591521043788105e-16,2.109561674843811064e-15,-9.338543707151181689e-17,7.185879974631209234e-16
-2.288525845970739978e-16,1.929383480079205945e-15,-7.995213122866316964e-17,6.581527215157477725e-16
-1.929296479714693766e-16,1.756984940649129483e-15,-6.768847146500777505e-17,6.002253591732170130e-16
-1.603271885311093139e-16,1.592852298997091567e-15,-5.654154517376989378e-17,5.449844152439190721e-16
-1.308745774388097939e-16,1.437326499655094892e-15,-4.645564800343386760e-17,4.925581676382800152e-16
-1.043963468996201491e-16,1.290620631783054357e-15,-3.737319407463103706e-17,4.430307468219066893e-16
-8.071449653956602672e-17,1.152836138657984817e-15,-2.923551431320437326e-17,3.964475900290707107e-16
-5.965049565525038994e-17,1.023977728945207911e-15,-2.198355144095818516e-17,3.528205259358947036e-16
-4.102700585159278344e-17,9.039670834137885736e-16,-1.555846092111245332e-17,3.121323667016608553e-16
-2.466934817800956923e-17,7.926553561472531291e-16,-9.902123762795235509e-18,2.743412620551277658e-16
-1.040673817609374539e-17,6.898345155040789484e-16,-4.957577754480573739e-18,2.393846984199242765e-16
1.926691925938945598e-18,5.952477811982036534e-16,-6.693817645978241829e-19,2.071826566768928787e-16
1.249106039101251629e-17,5.085988091056144912e-16,3.016090253703886282e-18,1.776412312612084695e-16
2.144007480000499610e-17,4.295600965205943331e-16,6.150411424731425871e-18,1.506552033446290499e-16
2.892052381281120210e-17,3.577804065034863447e-16,8.782918099117149658e-18,1.261107773188871259e-16
3.507190481539721555e-17,2.928913773539433510e-16,1.096057263293680019e-17,1.038877949576469214e-16
4.002617246531853073e-17,2.345134019206953274e-16,1.272786563395750779e-17,8.386163918845767627e-17
4.390759146425438508e-17,1.822606434884275879e-16,1.412675756524813315e-17,6.590522082163186885e-17
4.683268220684463716e-17,1.357455702791612795e-16,1.519665014845489708e-17,4.989032441510507104e-17
4.891024522218899248e-17,9.458272114624715618e-17,1.597438598396573439e-17,3.568903822414492086e-17
5.024145284666055026e-17,5.839194881761088177e-17,1.649427262796850651e-17,2.317491697380799450e-17
5.091999883349400316e-17,2.680121529284810271e-17,1.678812583800098251e-17,1.222388104927221684e-17
5.103229581361816471e-17,-5.511333301512659136e-19,1.688532976528614865e-17,2.715048878845889140e-18
5.065771204866594012e-17,-2.401449295376715182e-17,1.681291008709989732e-17,-5.468669852649329449e-18
4.986883863327937928e-17,-4.392458157775972065e-17,1.659562088952861397e-17,-1.243985927252428516e-17
4.873178235802903402e-17,-6.060219640910530678e-17,1.625603823194373407e-17,-1.830637386601006500e-17
4.730647626953187380e-17,-7.435243335842639073e-17,1.581466103128390167e-17,-2.317093102831606280e-17
4.564700345869486521e-17,-8.546406044344734406e-17,1.529001624292542575e-17,-2.713095221804332074e-17
4.380192823614190023e-17,-9.420922333776377169e-17,1.469876905851873930e-17,-3.027828541891928638e-17
4.181463173040725008e-17,-1.008432456381292932e-16,1.405583312779333082e-17,-3.269928426683280969e-17
3.972364789086299958e-17,-1.056046608598388543e-16,1.337448079854826477e-17,-3.447478386923326045e-17
3.756299554690155972e-17,-1.087154576232602303e-16,1.266645494898846978e-17,-3.568000518247954525e-17
3.536250629485089171e-17,-1.103812776155568174e-16,1.194207666999279868e-17,-3.638485061665441946e-17
3.314814322709271589e-17,-1.107919489817315057e-16,1.121035251519109383e-17,-3.665384608490115540e-17
3.094231081423882588e-17,-1.101219020980135840e-16,1.047907824853044322e-17,-3.654638393698818215e-17
2.876415363917469603e-17,-1.085307680729687144e-16,9.754938302973786843e-18,-3.611692915393008842e-17
2.662984253492022056e-17,-1.061640175213933160e-16,9.043601812400985778e-18,-3.541518062621770824e-17
2.455284728735962017e-17,-1.031536417604737110e-16,8.349815518432122736e-18,-3.448622604478295904e-17
2.254419622886640835e-17,-9.961880066239247392e-17,7.677489613484729312e-18,-3.337095273657252139e-17
2.061272104366872532e-17,-9.566658851572870554e-17,7.029781077879421750e-18,-3.210609004659985101e-17
