-1.200000011269906608e+01,1.200000011394060984e+01
-1.200000010593431021e+01,1.796953526053776784e+00
-1.200000002969006196e+01,-7.285361965478124979e+00
-9.404217263446881248e+00,-7.943344838433105792e+00
-6.412117215023996231e+00,-6.774492110301403969e+00
-3.881155975206576070e+00,-5.441898480308116071e+00
-1.686658199856731155e+00,-4.234695692653279941e+00
2.163409375122588574e-01,-3.181720410496608586e+00
1.854754342514166598e+00,-2.270296817321556748e+00
3.251304100887324910e+00,-1.484260617933852222e+00
4.427045098944808466e+00,-8.093580617464961602e-01
5.401852297092993638e+00,-2.333969622312302428e-01
6.194539765214647886e+00,2.542117674833638818e-01
6.822901964013507126e+00,6.628413079420949483e-01
7.303732578202778214e+00,1.000914768259671961e+00
7.652835414549487680e+00,1.276080747983811658e+00
7.885033366073654015e+00,1.495329199592854375e+00
8.014178651266208320e+00,1.665069316167597124e+00
8.053166190312715855e+00,1.791183695166626677e+00
8.013950817282065486e+00,1.879068515394332728e+00
7.907568878603012941e+00,1.933665082705475546e+00
7.744163869346880169e+00,1.959486955094679406e+00
7.533015993103449937e+00,1.960644341792822321e+00
7.282575060353008389e+00,1.940867263717883873e+00
7.000496254546614949e+00,1.903527954871752748e+00
6.693678134244819944e+00,1.851662891205581252e+00
6.368302404031302544e+00,1.787994351015868233e+00
6.029874815852344305e+00,1.714951652869812326e+00
5.683266789724718215e+00,1.634691828979936368e+00
5.332757223335422125e+00,1.549119769516141387e+00
4.982074111546556772e+00,1.459907681135256041e+00
4.634435656438321338e+00,1.368513748635070471e+00
4.292590438737339475e+00,1.276200100877781907e+00
3.958856525479337751e+00,1.184049826197737909e+00
3.635159213084592444e+00,1.092983160134473275e+00
3.323067242864281567e+00,1.003772791589921498e+00
3.023827375912203852e+00,9.170582560583070419e-01
2.738397208916338421e+00,8.333594503405523657e-01
2.467476141387370703e+00,7.530892946776467367e-01
2.211534503633317161e+00,6.765654957772666567e-01
1.970840779903735962e+00,6.040214962541425869e-01
1.745486929177635149e+00,5.356166274361514601e-01
1.535411921409737701e+00,4.714454019109288185e-01
1.340423344144763718e+00,4.115461670408934736e-01
1.160217303390722154e+00,3.559089351207626040e-01
9.943965972310401247e-01,3.044825785989158651e-01
8.424872271039943739e-01,2.571813306260307685e-01
7.039533506129710405e-01,2.138907007431676000e-01
5.782107234383815353e-01,1.744727898312325998e-01
4.646387539406852119e-01,1.387710486627742601e-01
3.625912096617424640e-01,1.066145316245069308e-01
2.714056802425278692e-01,7.782166556439343297e-02
1.904119003628609585e-01,5.220357666177299905e-02
1.189389762720324401e-01,2.956700873574744440e-02
5.632161708056654392e-02,9.716834916529594121e-03
1.905467453478065093e-03,-7.541741646271324026e-03
-4.494839790368105464e-02,-2.240132674687400974e-02
-8.485975512837448664e-02,-3.505076423341516034e-02
-1.184261912884630730e-01,-4.567382901700117043e-02
-1.462206929188962501e-01,-5.444815272928536787e-02
-1.687897924936304084e-01,-6.154436710992142873e-02
-1.866522207474239914e-01,-6.712544015694081601e-02
-2.002979631685093409e-01,-7.134617171554546999e-02
-2.101878008094142380e-01,-7.435285722472506631e-02
-2.167530773233530828e-01,-7.628307086452965069e-02
-2.203958302812802639e-01,-7.726556350515514926e-02
-2.214891589173946518e-01,-7.742026428272308358e-02
-2.203778069506987236e-01,-7.685836624036643250e-02
-2.173789254872277033e-01,-7.568248401434359007e-02
-2.127829840884682688e-01,-7.398687183686214475e-02
-2.068548003425506321e-01,-7.185769109937560628e-02
-1.998346628581770534e-01,-6.937331791644671397e-02
-1.919395241868584179e-01,-6.660468203402869491e-02
-1.833642429941473584e-01,-6.361562935472953040e-02
-1.742828572468698989e-01,-6.046330126273304767e-02
-1.648498724054979214e-01,-5.719852472949902428e-02
-1.552015506910855436e-01,-5.386620794039469196e-02
-1.454571894164686796e-01,-5.050573687861738270e-02
-1.357203693691309554e-01,-4.715136591290419732e-02
-1.260802075962463575e-01,-4.383261455810014834e-02
-1.166125236696466672e-01,-4.057463540606362495e-02
-1.073809943420911267e-01,-3.739858520800478509e-02
-9.843825354202341560e-02,-3.432197794811347319e-02
-8.982694254861466054e-02,-3.135902333508145540e-02
-8.158070481361424930e-02,-2.852094976744259242e-02
-7.372512628079398722e-02,-2.581631015286797032e-02
-6.627861934879532291e-02,-2.325127052972970204e-02
-5.925325020757690742e-02,-2.082988107667928246e-02
-5.265550959504497475e-02,-1.855432943144956839e-02
-4.648703329530574219e-02,-1.642517790563022273e-02
-4.074524315150894471e-02,-1.444157471253316137e-02
-3.542398459568989882e-02,-1.260146669934817699e-02
-3.051406268372422459e-02,-1.090177555072988427e-02
-2.600375428769187078e-02,-9.338568902222316170e-03
-2.187926164731581261e-02,-7.907212653994391896e-03
-1.812514713703959265e-02,-6.602511542204739584e-03
-1.472468604998673769e-02,-5.418833775988178732e-03
-1.166020607491341683e-02,-4.350221150720947477e-03
-8.913382327418433587e-03,-3.390488786434338320e-03
-6.465497482567075446e-03,-2.533312850604518482e-03
-4.297669443979947046e-03,-1.772307431092280021e-03
-2.391059410743206007e-03,-1.101092479703981311e-03
-7.270082326208187826e-04,-5.133500431694483588e-04
7.127832624471923785e-04,-2.871047920491715221e-06
1.946146500972235644e-03,4.363990514279314872e-04
2.990344755729193449e-03,8.103274243564956986e-04
3.861992321736243405e-03,1.124566248246300706e-03
4.576991135067865618e-03,1.384530757752088208e-03
5.150482774236891242e-03,1.595382499953136623e-03
5.596814112937572791e-03,1.762017218901625179e-03
5.929515022457160917e-03,1.889056859782614313e-03
6.161286560584029043e-03,1.980845081306125202e-03
6.303999854589463665e-03,2.041445890649368298e-03
6.368699890888503828e-03,2.074645681315451934e-03
6.365619071382282342e-03,2.083956374474313193e-03
6.304195343680483662e-03,2.072621466956639773e-03
6.193095264697782813e-03,2.043623491698063396e-03
6.040241012782315150e-03,1.999692833848358813e-03
5.852840553546208649e-03,1.943317636984024082e-03
5.637420199122537660e-03,1.876754552181866646e-03
5.399858930383880616e-03,1.802040131407184158e-03
5.145424108236349575e-03,1.721002711468203267e-03
4.878807681195779233e-03,1.635274471874436589e-03
4.604162727918913699e-03,1.546303683746181809e-03
4.325139903326565005e-03,1.455366936100149257e-03
4.044922255978558936e-03,1.363580939246977373e-03
3.766264327605178732e-03,1.271915342899203371e-03
3.491522909200738944e-03,1.181203378681664829e-03
3.222691385272357170e-03,1.092153463617930075e-03
2.961431479636000234e-03,1.005359922749233083e-03
2.709103929041400266e-03,9.213133533103380103e-04
2.466798721664088812e-03,8.404107093572184576e-04
2.235361968759593324e-03,7.629645927873727725e-04
2.015424967589549751e-03,6.892129482313126164e-04
1.807415863468313493e-03,6.193238910210539967e-04
1.611602332044509032e-03,5.534085349758125893e-04
1.428098560356433821e-03,4.915250678884661509e-04
1.256890433372580967e-03,4.336863784646613788e-04
1.097851634649085186e-03,3.798660139037045476e-04
9.507599025996972628e-04,3.300038092411755803e-04
8.153155893805813905e-04,2.840113963007859449e-04
6.911521546722511344e-04,2.417770063313103804e-04
5.778500425764742255e-04,2.031695652872173507e-04
4.749476481634371254e-04,1.680426592573623526e-04
3.819543008596131516e-04,1.362390331028992953e-04
2.983497447481384297e-04,1.075904254080229950e-04
2.236000393776352269e-04,8.192282405365244251e-05
1.571692637137745308e-04,5.906091026442306222e-05
9.851591016505562904e-05,3.882665904900249582e-05
4.710156169936256809e-05,2.104235258178592053e-05
2.395546290265297676e-06,5.532219999338864390e-06
-3.612083605847417409e-05,-7.876128148635023040e-06
-6.895215863422224020e-05,-1.935061154100801135e-05
-9.658488550550175123e-05,-2.905376567135653911e-05
-1.194859264354449592e-04,-3.714185900931820820e-05
-1.381012022002618082e-04,-4.376440152901730037e-05
-1.528541971927276251e-04,-4.906370560972800993e-05
-1.641453058440437026e-04,-5.317455180520967571e-05
-1.723512343749588162e-04,-5.622398471400748537e-05
-1.778247762193236638e-04,-5.833119377987323190e-05
-1.808949398598490657e-04,-5.960751318511279309e-05
-1.818672236241932448e-04,-6.015649189526107321e-05
-1.810238922300389474e-04,-6.007397811494009508e-05
-1.786251047873494433e-04,-5.944841790506400598e-05
-1.749090958426859489e-04,-5.836097298112129434e-05
-1.700931775555438754e-04,-5.688579909627552051e-05
-1.643746392112190936e-04,-5.509033841190285978e-05
-1.579317062124938552e-04,-5.303562929642965284e-05
-1.509245418992015441e-04,-5.077663165655266171e-05
-1.434984315681467391e-04,-4.836313194532846716e-05
-1.357780413576598912e-04,-4.583843409827229271e-05
-1.278756053280429581e-04,-4.324117500499076580e-05
-1.198894219543104308e-04,-4.060539489755575151e-05
-1.119049069035883101e-04,-3.796077272675754259e-05
-1.039955970229212360e-04,-3.533294989075432398e-05
-9.622412775875368240e-05,-3.274385276602895581e-05
-8.864315885526106976e-05,-3.021200896227874908e-05
-8.129627711291664079e-05,-2.775284501852211629e-05
-7.421885795451187802e-05,-2.537897467669823092e-05
-6.743887441716729550e-05,-2.310047460373737229e-05
-6.097766851998791195e-05,-2.092514246212802889e-05
-5.485230182892951472e-05,-1.885923376046080399e-05
-4.906948865112587042e-05,-1.690571977467929642e-05
-4.363673902082076966e-05,-1.506742000586781276e-05
-3.855563500281534409e-05,-1.334535297484877872e-05
-3.382428390843074119e-05,-1.173928573675547495e-05
-2.943783545425293134e-05,-1.024794288592805354e-05
-2.538893571517330822e-05,-8.869169387611829423e-06
-2.166820129999651146e-05,-7.600095559982625947e-06
-1.826453130390290488e-05,-6.437243480656522671e-06
-1.515908712639382748e-05,-5.374335445013130792e-06
-1.234667972499691333e-05,-4.409969855988635408e-06
-9.815750243751086276e-06,-3.540619604733614808e-06
-7.544329574615431106e-06,-2.758602612818869834e-06
-5.520613309028196058e-06,-2.060418522865817023e-06
-3.729191149677718462e-06,-1.440938625716201587e-06
-2.154679400061218581e-06,-8.951440664705870337e-07
-7.811962777572417125e-07,-4.176876171904153505e-07
4.067814264908443481e-07,-3.381593524926321772e-09
1.424311636534455693e-06,3.528104463787851110e-07
2.285913934043916477e-06,6.557542715598945623e-07
3.005511711332731572e-06,9.101249702332562794e-07
3.596387287673597165e-06,1.120390630405792731e-06
4.071148883946988183e-06,1.290800006832461029e-06
4.441708343376548978e-06,1.425373894936054947e-06
4.719268426924496962e-06,1.527899829414222754e-06
4.914318511743289649e-06,1.601929710325577500e-06
5.036637567585467257e-06,1.650779971923408866e-06
5.095303358089803125e-06,1.677533933277233447e-06
5.098706896927136446e-06,1.685045997919613138e-06
5.054571274670326250e-06,1.675947399041542529e-06
4.969974056660528756e-06,1.652653215529025314e-06
4.851372533003388172e-06,1.617370411654876421e-06
4.704631178154448034e-06,1.572106679195411914e-06
4.535050749014374108e-06,1.518679885027724603e-06
4.347398516938553370e-06,1.458727949860877024e-06
4.145939190645580189e-06,1.393719004693547827e-06
3.934466143835484378e-06,1.324961690925265721e-06
3.716332613552943884e-06,1.253615487835735975e-06
3.494482583164226335e-06,1.180700967454536082e-06
3.271481107460490423e-06,1.107109891740934176e-06
3.049543877065858516e-06,1.033615080550248915e-06
2.830565855244520591e-06,9.608799911539416002e-07
2.616148852576634621e-06,8.894679611750775265e-07
2.407627934065865219e-06,8.198510767816776434e-07
2.206112516325219591e-06,7.524244470590855725e-07
2.012513227222027683e-06,6.875120379319039786e-07
1.827506375142601613e-06,6.253621170461533290e-07
1.651594142190927709e-06,5.661611012485624592e-07
1.485202303087847244e-06,5.100634296961975557e-07
1.328373869212415781e-06,4.571117455752755274e-07
1.181293909472580914e-06,4.073684630492282420e-07
1.043952051991743976e-06,3.608453566916760872e-07
9.162494576014304018e-07,3.175204018095798229e-07
7.980122483715328826e-07,2.773448147713170558e-07
6.890035608824339337e-07,2.402475347557420113e-07
5.889345634424642852e-07,2.061390417848297133e-07
4.974744168615171563e-07,1.749147791805070561e-07
4.142592261736724623e-07,1.464582306838198503e-07
3.389000411723419693e-07,1.206436755700536405e-07
2.710118197462244562e-07,9.734501399452732044e-08
2.101283774491547101e-07,7.641229004699898897e-08
1.558511758224080947e-07,5.771143841296388611e-08
1.077540620409532487e-07,4.110259430797011904e-08
6.541361872985914408e-08,2.644556870456823450e-08
2.841273239185159444e-08,1.360174437310542797e-08
-3.656462042330829112e-09,2.435207387905973322e-09
-3.119011612230448415e-08,-7.186368170824660386e-09
-5.457065432305127381e-08,-1.539100071697052400e-08
-7.416516957089269597e-08,-2.230182342337532347e-08
-9.032418553453209720e-08,-2.803663282937866637e-08
-1.033807456624117593e-07,-3.270755011681160684e-08
-1.136497915159662931e-07,-3.642078235245372702e-08
-1.214277955301144762e-07,-3.927647186653440025e-08
-1.269926158770339649e-07,-4.136862278519360295e-08
-1.306035435955930227e-07,-4.278509456414207383e-08
-1.325015145619133869e-07,-4.360765317740520861e-08
-1.329094612039610278e-07,-4.391207139456827814e-08
-1.320327810956748081e-07,-4.376827032928276646e-08
-1.300599016963814932e-07,-4.324049515802055854e-08
-1.271629225240004622e-07,-4.238751858939991622e-08
-1.234983179621355367e-07,-4.126286630933900712e-08
-1.192076856994962323e-07,-3.991505923501054127e-08
-1.144185274845351308e-07,-3.838786798071814561e-08
-1.092450504492325453e-07,-3.672057547135517585e-08
-1.037889787148106047e-07,-3.494824413442909978e-08
-9.814036634133251449e-08,-3.310198456037176798e-08
-9.237840392536795828e-08,-3.120922294391692288e-08
-8.657221228892822299e-08,-2.929396500785833118e-08
-8.078161774242153476e-08,-2.737705446560414937e-08
-7.505790434910902850e-08,-2.547642440232210335e-08
-6.944453947268700696e-08,-2.360734024721074796e-08
-6.397786965841735139e-08,-2.178263327351200702e-08
-5.868778458610277344e-08,-2.001292379959501648e-08
-5.359834744568901952e-08,-1.830683347562464629e-08
-4.872839062769799731e-08,-1.667118622750079802e-08
-4.409207609660697275e-08,-1.511119759464584741e-08
-3.969942023008886876e-08,-1.363065234238313956e-08
-3.555678326563063639e-08,-1.223207035464898173e-08
-3.166732380304338500e-08,-1.091686092024367360e-08
-2.803141907107292911e-08,-9.685465617074761360e-09
-2.464705188308172517e-08,-8.537490075486505530e-09
-2.151016538451537596e-08,-7.471824964963123505e-09
-1.861498683753315223e-08,-6.486756599737828202e-09
-1.595432179924835269e-08,-5.580067599126475151e-09
-1.351982013300676649e-08,-4.749128069107514308e-09
-1.130221535025016842e-08,-3.990977793714560920e-09
-9.291538816465198818e-09,-3.302399939208971970e-09
-7.477310371632131464e-09,-2.679986781821323179e-09
-5.848706915775288852e-09,-2.120197971781526217e-09
-4.394710495923867530e-09,-1.619411843301789872e-09
-3.104237404537055905e-09,-1.173970272874218323e-09
-1.966249762774081369e-09,-7.802175772879136138e-10
-9.698510168688321892e-10,-4.345339288266238071e-10
-1.043667240188445764e-10,-1.333637487383832237e-10
6.405880532668732700e-10,1.267604783136064669e-10
1.275053486847189610e-09,3.491985459500146331e-10
1.808680663599671905e-09,5.371866220298364145e-10
2.250697080503142857e-09,6.938247187408713832e-10
2.609880895038533013e-09,8.220671788812216635e-10
2.894542939665804641e-09,9.247158427829731377e-10
3.112515576571694611e-09,1.004415582698785201e-09
3.271147535390820609e-09,1.063651913541893055e-09
3.377303941710598014e-09,1.104750410581759952e-09
3.437370807430980691e-09,1.129877685828945771e-09
3.457263315167899977e-09,1.141043695277136773e-09
3.442437287616305853e-09,1.140105168890181384e-09
3.397903288847070282e-09,1.128769974050431826e-09
3.328242857873501450e-09,1.108602241140118680e-09
3.237626425260577417e-09,1.081028096939432926e-09
3.129832511039832153e-09,1.047341867576465527e-09
3.008267846816117851e-09,1.008712627830479845e-09
2.875988106487544794e-09,9.661909877002209849e-10
2.735718968719835744e-09,9.207160202469897761e-10
2.589877270099092301e-09,8.731222469240384955e-10
2.440592040878827842e-09,8.241466077935933103e-10
2.289725245584613544e-09,7.744353544166734247e-10
2.138892078332079222e-09,7.245508125913481355e-10
1.989480687991239872e-09,6.749779707805072917e-10
1.842671231037682265e-09,6.261308578385515130e-10
1.699454170567809368e-09,5.783586807406520088e-10
1.560647758275926818e-09,5.319516993081585770e-10
1.426914652688484457e-09,4.871468206103761787e-10
1.298777641393793716e-09,4.441329007279452432e-10
1.176634447911643237e-09,4.030557459994044965e-10
1.059277145173979953e-09,3.635753041767018344e-10
9.488143477611317527e-10,3.262754481925937989e-10
8.452833555218917769e-10,2.912531966150552746e-10
7.486530292909563390e-10,2.585154767536390365e-10
6.588349720660411587e-10,2.280407754437055322e-10
5.756907110515368755e-10,1.997890517726115760e-10
4.990398744180414504e-10,1.737053615996494804e-10
4.286677820363120435e-10,1.497225486855317731e-10
3.643322957132149866e-10,1.277636057508640894e-10
3.057699523407906503e-10,1.077437845789647338e-10
2.527014232230017583e-10,8.957247723394792130e-11
2.048363446312238227e-10,7.315488415450819024e-11
1.618775642803244303e-10,5.839348407862329709e-11
1.235248474761287958e-10,4.518932037053665031e-11
8.947808544019372442e-11,3.344311794153411158e-11
5.944004691431524098e-11,2.305624453350890818e-11
3.311871249742191813e-11,1.393152957297377007e-11
1.022922940930792020e-11,5.973953269446687291e-12
-9.504477437717670925e-12,-9.087819754146954892e-13
-2.634840413887892125e-11,-6.805786408341494643e-12
-4.060574552449807723e-11,-1.179983353229062515e-11
-5.248254202225195636e-11,-1.599657341932397218e-11
-6.220688004614153648e-11,-1.945819363033016444e-11
-6.999163382723463903e-11,-2.225439694547123545e-11
-7.603725124985309594e-11,-2.445258111866032930e-11
-8.053204492242307616e-11,-2.611637266351661996e-11
-8.365220687459639893e-11,-2.730542194144323591e-11
-8.544667249518232047e-11,-2.805140582692985027e-11
-8.620073262826800550e-11,-2.842066729036181546e-11
-8.605272320064468179e-11,-2.847378979336081563e-11
-8.513167409592790741e-11,-2.825644998044538936e-11
-8.355580443100457918e-11,-2.780919858567648385e-11
-8.143263242695607567e-11,-2.716882450277162850e-11
-7.885946456746869977e-11,-2.636866127389105653e-11
-7.592394348586809715e-11,-2.543878233028615799e-11
-7.270461093788661774e-11,-2.440618771446687770e-11
-6.927147523752173538e-11,-2.329499146712709640e-11
-6.568657690006121745e-11,-2.212660891273304899e-11
-6.200454751245034509e-11,-2.091994224010478518e-11
-5.827315760583806940e-11,-1.969156292039334900e-11
-5.453385005477790098e-11,-1.845588973210890153e-11
-5.082225613434577874e-11,-1.722536137587461103e-11
-4.716869191565091767e-11,-1.601060284306513957e-11
-4.359863324366980755e-11,-1.482058490782728565e-11
-4.013316791971724368e-11,-1.366277623180806511e-11
-3.678942418465501786e-11,-1.254328773358194702e-11
-3.358097489262777141e-11,-1.146700898913253085e-11
-3.051821709708288611e-11,-1.043773653237127738e-11
-2.760872706230619776e-11,-9.458294027914719907e-12
-2.485759087926186535e-11,-8.530644356359966130e-12
-2.226771112119329269e-11,-7.655993725781218072e-12
-1.984009011062718009e-11,-6.834887983920085315e-12
-1.757409048860510216e-11,-6.067301350090566764e-12
-1.546767392925300073e-11,-5.352717820364033736e-12
-1.351761887480395665e-11,-4.690205538384895760e-12
-1.171971828244108645e-11,-4.078484444964796060e-12
-1.006895837587124354e-11,-3.515987530881687164e-12
-8.559679465734367706e-12,-3.000916044722980928e-12
-7.185719899260023271e-12,-2.531288998307261350e-12
-5.940544195150324938e-12,-2.104987325371304707e-12
-4.817356432146413108e-12,-1.719793038299017114e-12
-3.809199946899484258e-12,-1.373423748063773308e-12
-2.909044359987923148e-12,-1.063562868872768470e-12
-2.109860913174688756e-12,-7.878858504675403300e-13
-1.404687106467096027e-12,-5.440827625270289942e-13
-7.866815395365257517e-13,-3.298775333727631952e-13
-2.491698519930483193e-13,-1.430441491196331856e-13
2.143174070896469188e-13,1.857991725680520532e-14
6.100141692379218810e-13,1.570827583220633257e-13
9.438947647858874226e-13,2.744693375963161674e-13
1.221655653065205789e-12,3.726547881034393836e-13
1.448702304245698760e-12,4.534594951392546139e-13
1.630140648429813016e-12,5.186057537187561614e-13
1.770772475747231821e-12,5.697157974900882692e-13
1.875094319533569160e-12,6.083110435169809967e-13
1.947299305212833648e-12,6.358123630134508018e-13
1.991281534648651532e-12,6.535412470748500197e-13
2.010642615139614414e-12,6.627217251736980468e-13
2.008699951814287473e-12,6.644829073342002029e-13
1.988496489719248692e-12,6.598620409900095447e-13
1.952811605970357573e-12,6.498079851773662873e-13
1.904172890430418187e-12,6.351850063461233830e-13
1.844868562791545595e-12,6.167768101174849708e-13
1.776960354318124866e-12,5.952907506486973211e-13
1.702296643364655415e-12,5.713621478525761523e-13
1.622525681245275301e-12,5.455586453701915314e-13
1.539108813059045264e-12,5.183845894539492218e-13
1.453333525256570629e-12,4.902853584508943285e-13
1.366326249396476576e-12,4.616516268378708057e-13
1.279064840757165399e-12,4.328235290392665495e-13
1.192390648383691408e-12,4.040946935225854427e-13
1.107020137399822633e-12,3.757161422312623003e-13
1.023556002936274328e-12,3.479000173713316234e-13
9.424977765497719518e-13,3.208231512670765558e-13
8.642518491547530193e-13,2.946304427697888349e-13
7.891409554690931902e-13,2.694380560480010704e-13
7.174130767613799661e-13,2.453364322971641593e-13
6.492497594263057439e-13,2.223931021741514921e-13
5.847738788424144505e-13,2.006553192785730552e-13
5.240568320427780769e-13,1.801525035523011640e-13
4.671251947262842619e-13,1.608984988433347737e-13
4.139668306470332361e-13,1.428936598183917568e-13
3.645365138923552859e-13,1.261267646553542025e-13
3.187610311619285256e-13,1.105767585324663031e-13
2.765438412646703158e-13,9.621434948162899824e-14
2.377692711128361566e-13,8.300344227750731791e-14
2.023063074898675901e-13,7.090244362360047929e-14
1.700119779049134423e-13,5.986542176159361785e-14
1.407343706328921541e-13,4.984314971911632414e-14
1.143153072928534454e-13,4.078402583899519173e-14
9.059268781239844251e-14,3.263488702882580363e-14
6.940254941692850197e-14,2.534172189059260492e-14
5.058083938304747799e-14,1.885028991527414069e-14
3.396494283311258278e-14,1.310665276489134189e-14
1.939498187533228706e-14,8.057631149214346339e-15
6.714897299582688643e-15,3.651186596294257951e-15
-4.226648567455598985e-15,-1.632598844504308901e-16
-1.357554800285692667e-14,-3.434568668098697660e-15
-2.147167676231797631e-14,-6.209674157483949271e-15
-2.804845146058246548e-14,-8.533425385296466890e-15
-3.343252289840262554e-14,-1.044846791671460765e-14
-3.774356349923673376e-14,-1.199516470770667149e-14
-4.109415501243183697e-14,-1.321154506861548362e-14
-4.358975577232497987e-14,-1.413328716794635551e-14
-4.532874007190256431e-14,-1.479372229487989010e-14
-4.640249588524064449e-14,-1.522386006731143387e-14
-4.689557340221833631e-14,-1.545243183273191898e-14
-4.688587562895131566e-14,-1.550594993072191843e-14
-4.644488429804530038e-14,-1.540877712774918579e-14
-4.563790858722240926e-14,-1.518320713800092685e-14
-4.452436563563684716e-14,-1.484955396081639467e-14
-4.315805989536065996e-14,-1.442624287517340127e-14
-4.158749158977768770e-14,-1.392991183781501824e-14
-3.985615987763600829e-14,-1.337550989578305677e-14
-3.800286678987819866e-14,-1.277639773570607263e-14
-3.606203580573844492e-14,-1.214445403806833565e-14
-3.406400486574526495e-14,-1.149017147894722492e-14
-3.203533539315946727e-14,-1.082276062105995597e-14
-2.999909777704439683e-14,-1.015024362919018377e-14
-2.797515802352985785e-14,-9.479552472566236637e-15
-2.598044774018497050e-14,-8.816617044067195463e-15
-2.402922334875327692e-14,-8.166453505730723595e-15
-2.213331600456472354e-14,-7.533247940961288017e-15
-2.030236771704488190e-14,-6.920436457020484138e-15
-1.854404995349024927e-14,-6.330777884871928710e-15
-1.686427617455098459e-14,-5.766425390060832365e-15
-1.526739569707309839e-14,-5.228995439106110549e-15
-1.375637203505265682e-14,-4.719622712738523796e-15
-1.233296055468241154e-14,-4.239025320077257715e-15
-1.099785454002841812e-14,-3.787551336927343722e-15
-9.750836772410814431e-15,-3.365231959156492037e-15
-8.590906122868978753e-15,-2.971825054234132533e-15
-7.516402470732313749e-15,-2.606855470743977036e-15
-6.525108583104231066e-15,-2.269652860546585933e-15
-5.614357484980744340e-15,-1.959386302106544530e-15
-4.781119301439285402e-15,-1.675094658082561866e-15
-4.022075835203040206e-15,-1.415712914373329835e-15
-3.333695272934042490e-15,-1.180097215310691384e-15
-2.712296855028906713e-15,-9.670478234983295113e-16
-2.154105396558886033e-15,-7.753262565155909306e-16
-1.655294209269461706e-15,-6.036728902615955237e-16
-1.212036897966599033e-15,-4.508227905978194893e-16
-8.205346759075678953e-16,-3.155165307400532734e-16
-4.770518820218263293e-16,-1.965111453125043911e-16
-1.779395475431417881e-16,-9.259047036721697593e-17
8.034304592877801735e-17,-2.571637052595214974e-18
3.012079303228181976e-16,7.468858984874301550e-17
4.879337007619625696e-16,1.402893998627612445e-16
6.436404976275719740e-16,1.952800588723522320e-16
7.712994000429380340e-16,2.406607694826894821e-16
8.737140819658457212e-16,2.773767890126338038e-16
9.535232513002172752e-16,3.063194193929887618e-16
1.013200671885392802e-15,3.283259476282014267e-16
1.055053421627391877e-15,3.441771886422415185e-16
1.081227563304520055e-15,3.546017974793170583e-16
