3.141592653589793116e+00,0.000000000000000000e+00,0.000000000000000000e+00,0.000000000000000000e+00
3.133238014038620456e+00,-8.360719554719497904e-01,2.297581443006585164e-02,2.299315844062242764e+00
3.108127677055901650e+00,-1.674573650312771278e+00,9.204087097256287431e-02,4.606516486905744223e+00
3.067387630887150163e+00,-2.393269991011752307e+00,2.038391402623422610e-01,6.557488562251452713e+00
3.019404518988017205e+00,-2.405436186938790133e+00,3.329494349762668337e-01,6.354474801830832575e+00
2.972195642060867282e+00,-2.319687561026580358e+00,4.547929941773001805e-01,5.840080749164646257e+00
2.926663162081325265e+00,-2.239017059781080565e+00,5.662600511388935498e-01,5.319250532207496107e+00
2.882539000725085732e+00,-2.179020032047187083e+00,6.676661616722046055e-01,4.833730310315766943e+00
2.839391321194008277e+00,-2.141105156449101710e+00,7.597316003550854679e-01,4.383899265003473822e+00
2.796786320738470000e+00,-2.124307902743938214e+00,8.431186016364174973e-01,3.964225503860448807e+00
2.754314414498769903e+00,-2.127278995167366737e+00,9.183746974973440169e-01,3.569055974774925311e+00
2.711593970888460436e+00,-2.148619866639829290e+00,9.859406800453186515e-01,3.193496365637607415e+00
2.668271327173906915e+00,-2.186950240505238785e+00,1.046168029501733487e+00,2.833558927099284919e+00
2.624020427239128317e+00,-2.240894132097085212e+00,1.099336758420873084e+00,2.486096816514463015e+00
2.578542953521381520e+00,-2.309052540908203000e+00,1.145671418271655417e+00,2.148706488660917735e+00
2.531569022068393071e+00,-2.389978665238004840e+00,1.185355016159880037e+00,1.819626460545525681e+00
2.482858301658680489e+00,-2.482162341129066085e+00,1.218540900578680031e+00,1.497640480712499222e+00
2.432201312303750917e+00,-2.584028628171587627e+00,1.245362829870654719e+00,1.181994956611354342e+00
2.379420550510088717e+00,-2.693957045910917003e+00,1.265943733399854887e+00,8.723519977937814751e-01
2.324370883606624361e+00,-2.810335521375044721e+00,1.280404394284325509e+00,5.688288091334380292e-01
2.266938151527649659e+00,-2.931687238671512485e+00,1.288875086914386792e+00,2.722549459396889637e-01
2.207033476687693785e+00,-3.056976547103841035e+00,1.291518008472168688e+00,-1.500401535947050100e-02
2.144576845754218031e+00,-3.186387720327402473e+00,1.288581169253411707e+00,-2.867185100740986536e-01
2.079452502787407564e+00,-3.323398220112739221e+00,1.280539559819423134e+00,-5.263801539829945364e-01
2.011388034824083793e+00,-3.480426096408765435e+00,1.268476134816100442e+00,-6.896012033604370650e-01
1.942167850332597867e+00,-3.439767840103555407e+00,1.251819545559756053e+00,-9.805094344094925640e-01
1.874271365989587323e+00,-3.348825457462422772e+00,1.229678609257663480e+00,-1.236173764282505250e+00
1.807992370580347341e+00,-3.278434839100855314e+00,1.203197431178995691e+00,-1.414517806841231407e+00
1.742995341840277934e+00,-3.220805017846896323e+00,1.173570582399672935e+00,-1.550779937879488202e+00
1.679058145291749904e+00,-3.172519928344432305e+00,1.141484277916047008e+00,-1.660509021532965868e+00
1.616010720114458676e+00,-3.131848241073979633e+00,1.107392556712993192e+00,-1.751341507325400615e+00
1.553711223430528143e+00,-3.097727428093124402e+00,1.071630431307313946e+00,-1.827526099099874513e+00
1.492036347894796000e+00,-3.069381086364378231e+00,1.034464060886106429e+00,-1.891689384294972687e+00
1.430876972708834849e+00,-3.046175818419687431e+00,9.961160696153191774e-01,-1.945551810781050328e+00
1.370135820974443419e+00,-3.027566672853191143e+00,9.567805091690594343e-01,-1.990245738182411017e+00
1.309725922307397594e+00,-3.013072179762881664e+00,9.166329276310929419e-01,-2.026486270348699215e+00
1.249569488938503392e+00,-3.002258269169020277e+00,8.758376083381101962e-01,-2.054683913198137812e+00
1.189597106481224076e+00,-2.994722919369688707e+00,8.345527837800804649e-01,-2.075034625009551270e+00
1.129747242120485717e+00,-2.990079835812077036e+00,7.929341749056234567e-01,-2.087597647201877127e+00
1.069966086446654918e+00,-2.987941378216447230e+00,7.511370688631744397e-01,-2.092364225344784945e+00
1.010207735329072820e+00,-2.987901818306926138e+00,7.093171130371114241e-01,-2.089317175194980170e+00
9.504346916344239560e-01,-2.989522186188633412e+00,6.676300137334578721e-01,-2.078480710914192287e+00
8.906186441550941746e-01,-2.992318001591420806e+00,6.262303434026206261e-01,-2.059959506023508524e+00
8.307414558368318991e-01,-2.995750907524933560e+00,5.852696710502078847e-01,-2.033966513654697383e+00
7.707962765335309996e-01,-2.999224977079150811e+00,5.448942418450027914e-01,-2.000839317931954131e+00
7.107886819265981648e-01,-3.002088085136886519e+00,5.052424353461101303e-01,-1.961045311647377609e+00
6.507377396287246096e-01,-3.003638308703820758e+00,4.664422071718328233e-01,-1.915176600824602948e+00
5.906769031329321962e-01,-3.003134994909052224e+00,4.286087162815996332e-01,-1.863935847292327974e+00
5.306546480826312973e-01,-2.999813738901433879e+00,3.918422999747223079e-01,-1.808114782264294673e+00
4.707347810384434061e-01,-2.992904267550267505e+00,3.562269265436726617e-01,-1.748567368710481684e+00
4.109963743300336647e-01,-2.981650052058626876e+00,3.218292122062783589e-01,-1.686179693154012948e+00
3.515333025858988214e-01,-2.965328403421781278e+00,2.886980538819198805e-01,-1.621838685031872895e+00
2.924533833017196605e-01,-2.943269820389147640e+00,2.568648809833583568e-01,-1.556401667261585464e+00
2.338771472612258817e-01,-2.914875493978720922e+00,2.263444934048097767e-01,-1.490668459257487255e+00
1.759362829937936301e-01,-2.879632069392332738e+00,1.971364266492127704e-01,-1.425357416688641132e+00
1.187718179263986817e-01,-2.837122995368208223e+00,1.692267516986037112e-01,-1.361086448396887860e+00
6.253210825549705698e-02,-2.787036086294120807e+00,1.425902017673220390e-01,-1.298359556649841151e+00
7.370713503596265474e-03,-2.729167171773625888e+00,1.171925275502339464e-01,-1.237559103485496470e+00
-4.655576480971435754e-02,-2.663419960086298222e+00,9.299294773514435453e-02,-1.178943622962495663e+00
-9.908980861413409225e-02,-2.589802461709556081e+00,6.994660066231885021e-02,-1.122650663028128992e+00
-1.500750087402711319e-01,-2.508420467971395063e+00,4.800690009535373698e-02,-1.068703941466533580e+00
-1.993579363943716320e-01,-2.419468644298155446e+00,2.712771393888727470e-02,-1.017024070515573975e+00
-2.467898187481203376e-01,-2.323219914264111896e+00,7.265303080580412867e-03,-9.674418564074870330e-01
-2.922279914954880042e-01,-2.220013737930866426e+00,-1.162002121544388270e-02,-9.197133960963926880e-01
-3.355371111459878875e-01,-2.110243888055841399e+00,-2.956255247894888638e-02,-8.735361609818487194e-01
-3.765901223076907889e-01,-1.994346260547671612e+00,-4.659017052208538207e-02,-8.285653593489120672e-01
-4.152689860885445117e-01,-1.872787162481387213e+00,-6.272364516240933052e-02,-7.844300082231383531e-01
-4.514651820142242533e-01,-1.746052427818162833e+00,-7.797625510587219422e-02,-7.407482816855305296e-01
-4.850800019397210061e-01,-1.614637641604826035e+00,-9.235370577217803800e-02,-6.971417533331135674e-01
-5.160246625364994788e-01,-1.479039653025517431e+00,-1.058543150001179239e-01,-6.532482527403917771e-01
-5.442202606956264566e-01,-1.339749468029322266e+00,-1.184694434650277045e-01,-6.087332118226244093e-01
-5.695976011267797068e-01,-1.197246575859589601e+00,-1.301841346729158411e-01,-5.632993135234237725e-01
-5.920969250582053256e-01,-1.051994681382198316e+00,-1.409779301047469624e-01,-5.166943828476581180e-01
-6.116675669620750266e-01,-9.044387849177177863e-01,-1.508258249298429221e-01,-4.687174557417448928e-01
-6.282675646329490826e-01,-7.550034397959857202e-01,-1.596993280483554878e-01,-4.192232290284257923e-01
-6.418632468507309285e-01,-6.040922363883524104e-01,-1.675675906459795916e-01,-3.681243563202098446e-01
-6.524288196315943811e-01,-4.520881425747245164e-01,-1.743985662762964073e-01,-3.153923260066717194e-01
-6.599459673556280492e-01,-2.993546948810383301e-01,-1.801601713707948471e-01,-2.610565406273024358e-01
-6.644034850191924413e-01,-1.462378496020060314e-01,-1.848214112153314659e-01,-2.052017872658656872e-01
-6.657969519780009282e-01,6.931675898402882459e-03,-1.883534421782137036e-01,-1.479642877533515199e-01
-6.641284554019338815e-01,1.598357731325137920e-01,-1.907305447726332093e-01,-8.952664363092671662e-02
-6.594063629752477951e-01,3.121665645001853728e-01,-1.919310005802898900e-01,-3.011310266421422799e-02
-6.516451117526037562e-01,4.636270374251698079e-01,-1.919379631454984081e-01,3.000660145852138833e-02
-6.408647898666559595e-01,6.139515251150162722e-01,-1.907410003780683483e-01,9.045348347779805231e-02
-6.270890390629357825e-01,7.630525617981849251e-01,-1.883427766046716079e-01,1.502903575566777450e-01
-6.103319837987493113e-01,9.119716126072304752e-01,-1.847992617394592085e-01,2.051196827671888656e-01
-5.905156054061541093e-01,1.068884272886826636e+00,-1.804726689263669581e-01,2.287251720305788771e-01
-5.679883814757988869e-01,1.183007580584437335e+00,-1.754239634327545982e-01,2.772824481686881892e-01
-5.434715447835267721e-01,1.267846613181089932e+00,-1.694539608792953178e-01,3.207119510738498658e-01
-5.175039655291107099e-01,1.328104270841230061e+00,-1.627043440769811444e-01,3.550712360048381977e-01
-4.905469279135902805e-01,1.366824807064378033e+00,-1.553540913795413148e-01,3.806003507193073676e-01
-4.630051639517849815e-01,1.386612845726418852e+00,-1.475714435348670084e-01,3.981484071898628851e-01
-4.352340194746890378e-01,1.389798567455023504e+00,-1.395062940717029520e-01,4.087097545280639066e-01
-4.075462835917812443e-01,1.378305461123320308e+00,-1.312830993898279064e-01,4.138374034741868490e-01
-3.802305380576608829e-01,1.352630407587027017e+00,-1.229582036308144305e-01,4.187867072956681924e-01
-3.534784227296806636e-01,1.321966309479067236e+00,-1.145990771754815535e-01,4.172055402388039069e-01
-3.273550715255473254e-01,1.289769504333445838e+00,-1.063317797766046846e-01,4.095799168371548893e-01
-3.019037867134325426e-01,1.254771988946826067e+00,-9.823706860632133719e-02,3.999358841244085028e-01
-2.771821854541781094e-01,1.216813756926769852e+00,-9.034868559883199590e-02,3.889416470185138031e-01
-2.532492563580635569e-01,1.175918164688157574e+00,-8.269221415410984988e-02,3.767432643460316699e-01
-2.301631290737831681e-01,1.132148026030419530e+00,-7.529112554133510216e-02,3.634051045517430190e-01
-2.079805095837590212e-01,1.085583058716095728e+00,-6.816773278877724662e-02,3.489779332131681677e-01
-1.867563806638807555e-01,1.036315978682190053e+00,-6.134335594100478323e-02,3.335095973234704636e-01
-1.665437545522296670e-01,9.844513361524084294e-01,-5.483835967092910713e-02,3.170470958961685293e-01
-1.473934468736696479e-01,9.301043225887246635e-01,-4.867215105037268202e-02,2.996385313103068215e-01
-1.293539018889270642e-01,8.733969863840940207e-01,-4.286306067121821439e-02,2.813428175331013636e-01
-1.124712652448315725e-01,8.144372594604527560e-01,-3.742750572723287789e-02,2.622917273259402493e-01
-9.679100870869243589e-02,7.531847934789152044e-01,-3.237445390498668030e-02,2.430973613317044812e-01
-8.236966984826353533e-02,6.885747173570035962e-01,-2.766905518507709050e-02,2.275250251016546488e-01
-6.920643087256318771e-02,6.274047277414566137e-01,-2.330718215679967661e-02,2.087425663389692043e-01
-5.723708282804005482e-02,5.692136519305298625e-01,-1.932211034859050366e-02,1.898451225694411382e-01
-4.640312130205592744e-02,5.138933725079150028e-01,-1.570745206099412317e-02,1.717002216243065371e-01
-3.664635445357395521e-02,4.615208268347066878e-01,-1.244654323340588058e-02,1.544674862769689627e-01
-2.790713519513768684e-02,4.121644122825433021e-01,-9.520675490224226808e-03,1.381920351613037390e-01
-2.012477553223621790e-02,3.658596320248007072e-01,-6.910508163179224575e-03,1.228923610091494228e-01
-1.323819836675933954e-02,3.226097399978635760e-01,-4.596464053598812646e-03,1.085739695711035180e-01
-7.186544273757197038e-03,2.823896005589648928e-01,-2.558957035421215165e-03,9.523253976261193687e-02
-1.909699132949219938e-03,2.451497176668893663e-01,-7.785722518199863574e-04,8.285550996398328982e-02
2.651255390688301086e-03,2.108200102577673374e-01,7.637824304907812195e-04,7.142334337249749143e-02
6.553665370619593360e-03,1.793132831420966578e-01,2.086748304871119484e-03,6.091064333563558225e-02
9.852993209220202789e-03,1.505283852290662527e-01,3.208409352642957110e-03,5.128717249030358832e-02
1.260256718745553055e-02,1.243530711096246383e-01,4.146204835242712355e-03,4.251876826299576251e-02
1.485338503352256340e-02,1.006665727502841640e-01,4.916859408837346776e-03,3.456817437947248134e-02
1.665396636463584157e-02,7.934189781917763695e-02,5.536328922765671248e-03,2.739578783801638329e-02
1.805024853399679260e-02,6.024786864266769987e-02,6.019760338549224113e-03,2.096032897576175988e-02
1.908552078466333943e-02,4.325091778406300186e-02,6.381464302143589548e-03,1.521943878412905342e-02
1.980039209690853674e-02,2.821665688725459586e-02,6.634898929172836080e-03,1.013020717536411604e-02
2.023278827757215778e-02,1.501123502931170188e-02,6.792663500248648061e-03,5.649636902628580801e-03
2.041797444440784232e-02,3.502502441134383582e-03,6.866500755294584028e-03,1.735047078824929851e-03
2.038859891212292663e-02,-6.439001389585477346e-03,6.867306708618547625e-03,-1.655580299275156118e-03
2.017475512807881399e-02,-1.493922519829660005e-02,6.805146903533552429e-03,-4.563304254104608680e-03
1.980405879168032832e-02,-2.211993008589030821e-02,6.689278023981962140e-03,-7.027978675195105385e-03
1.930173701246982662e-02,-2.809814533461542016e-02,6.528174020244698582e-03,-9.088050596491091190e-03
1.869072721162158210e-02,-3.298574445333436050e-02,6.329555849792089725e-03,-1.078039826895169778e-02
1.799178345568402948e-02,-3.688912904243717844e-02,6.100424092627784040e-03,-1.214020522474618113e-02
1.722358817885094248e-02,-3.990900528866056507e-02,5.847093724571705842e-03,-1.320086886840062500e-02
1.640286739842306690e-02,-4.214024679768772069e-02,5.575230523528083328e-03,-1.399393613882959908e-02
1.554450820492742080e-02,-4.367182795767188958e-02,5.289888359304666283e-03,-1.454906754451553395e-02
1.466167665698149374e-02,-4.458682314809071096e-02,4.995547119257779355e-03,-1.489402137384762854e-02
1.376593542082474655e-02,-4.496245859723845689e-02,4.696150620672969248e-03,-1.505466055540665912e-02
1.286735996593952117e-02,-4.487021201720148983e-02,4.395144211456591087e-03,-1.505497475452953829e-02
1.197465132565446802e-02,-4.437595263120100442e-02,4.095512186760075224e-03,-1.491711486849766483e-02
1.109524750574652531e-02,-4.354011023622874482e-02,3.799813691342931662e-03,-1.466144603007801632e-02
1.023542997932532818e-02,-4.241787426116298138e-02,3.510217990469278147e-03,-1.430660313295406376e-02
9.400426305523066836e-03,-4.105941178351758813e-02,3.228538397609829590e-03,-1.386955864769756977e-02
8.594508481740337560e-03,-3.951010228578230588e-02,2.956264704542895059e-03,-1.336569561176210487e-02
7.821086003797828035e-03,-3.781078359948612799e-02,2.694594277248786238e-03,-1.280888499644152259e-02
7.082794277067801757e-03,-3.599800559322215848e-02,2.444461441514883017e-03,-1.221156720607617478e-02
6.381577817648399764e-03,-3.410428833755101835e-02,2.206565256592421097e-03,-1.158483500225766967e-02
5.718768277561868396e-03,-3.215838156378780788e-02,1.981395619061159484e-03,-1.093851755896035720e-02
5.095157282403183635e-03,-3.018552292056765271e-02,1.769257689000129294e-03,-1.028126453982100043e-02
4.511064147819513967e-03,-2.820769271187026014e-02,1.570294637398570630e-03,-9.620629597034399683e-03
3.966398548811760245e-03,-2.624386336906242914e-02,1.384508740689877494e-03,-8.963152352302211981e-03
3.460718267341230097e-03,-2.431024203825641120e-02,1.211780855343484817e-03,-8.314438426289339282e-03
2.993282168478249034e-03,-2.242050500649218903e-02,1.051888316927501992e-03,-7.679237025668832727e-03
2.563098578764840506e-03,-2.058602293872309127e-02,9.045213160915897875e-04,-7.061515701524632635e-03
2.168969258569906997e-03,-1.881607612321420375e-02,7.692978111131680086e-04,-6.464531976758819583e-03
1.809529178412370206e-03,-1.711805912019125075e-02,6.457770404226346886e-04,-5.890901624862853771e-03
1.483282300178552201e-03,-1.549767442732902581e-02,5.334717094561499577e-04,-5.342663363152287855e-03
1.188633603516214355e-03,-1.395911484090231469e-02,4.318589173483152279e-04,-4.821339991619127095e-03
9.239175805573443968e-04,-1.250523443728161072e-02,3.403898976597469596e-04,-4.327995806584726372e-03
6.874234212241992327e-04,-1.113770818315572460e-02,2.584986492851713813e-04,-3.863290265779186113e-03
4.774171182771112494e-04,-9.857180262301633647e-03,1.856095313611772987e-04,-3.427527969899397432e-03
2.921605823449718539e-04,-8.663400509639955158e-03,1.211439370418814545e-04,-3.020705270286358664e-03
1.299286799696387751e-04,-7.555353353804676424e-03,6.452590098241153132e-05,-2.642552132531689885e-03
-1.097703583920144242e-05,-6.531371193351590172e-03,1.518716429372320351e-05,-2.292572420603393359e-03
-1.322161876995188738e-04,-5.589241142762474586e-03,-2.742871156002190519e-05,-1.970079480151281162e-03
-2.353996482452365294e-04,-4.726301264543864705e-03,-6.386285495486714872e-05,-1.674228779295037182e-03
-3.220814134501708502e-04,-3.939527503883923261e-03,-9.463822899443666455e-05,-1.404047669208964783e-03
-3.937521410434437772e-04,-3.225611954996979690e-03,-1.202573364930281137e-04,-1.158462046102502968e-03
-4.518341661160356652e-04,-2.581032866965964328e-03,-1.412004327139272880e-04,-9.363203000628510112e-04
-4.976778489835085749e-04,-2.002116924044114628e-03,-1.579241876664096080e-04,-7.364146274100679236e-04
-5.325591157276497343e-04,-1.485094171937778422e-03,-1.708607444270049576e-04,-5.574999719604619135e-04
-5.576779824683801090e-04,-1.026146328874549254e-03,-1.804171491444020328e-04,-3.983106898824507807e-04
-5.741580249616966237e-04,-6.214487543920945052e-04,-1.869750790738811824e-04,-2.575750283351454953e-04
-5.830465762071558155e-04,-2.672067629483798504e-04,-1.908908582431691431e-04,-1.340276851770971030e-04
-5.853157014236904949e-04,4.031391931607264043e-05,-1.924956816285953835e-04,-2.642065114447789679e-05
-5.818635895751229437e-04,3.047599075960687079e-04,-1.920960504033096170e-04,6.646813451290565741e-05
-5.735165886528646685e-04,5.296698113337875618e-04,-1.899743769077401605e-04,1.458263801325692711e-04
-5.610315180226543158e-04,7.184560846457998303e-04,-1.863897278143172983e-04,2.128017400777884789e-04
-5.450983287506052342e-04,8.743910421635284983e-04,-1.815786745736310600e-04,2.684967204670714856e-04
-5.263430076113856685e-04,1.000596071184421286e-03,-1.757562347369474929e-04,3.139647869576555261e-04
-5.053306843559025830e-04,1.100033769331243937e-03,-1.691168792733980944e-04,3.502074259727693765e-04
-4.825689739517872805e-04,1.175502189559937769e-03,-1.618355434417940997e-04,3.781722671169181270e-04
-4.585109781566492921e-04,1.229633367909996463e-03,-1.540688631274906119e-04,3.987508956627736187e-04
-4.335588939752374363e-04,1.264890179764536224e-03,-1.459561647078376565e-04,4.127802639218687499e-04
-4.080673347229851365e-04,1.283567863812643808e-03,-1.376205965962387743e-04,4.210412628870764023e-04
-3.823467748508743692e-04,1.287796084979674896e-03,-1.291702011480894347e-04,4.242594151204606484e-04
-3.566666245455916246e-04,1.279542528775570037e-03,-1.206990918498428400e-04,4.231056534968868216e-04
-3.312583800944401535e-04,1.260616789462488648e-03,-1.122885421430643211e-04,4.181983218613489844e-04
-3.063189410098032589e-04,1.232675562599086158e-03,-1.040079424784192373e-04,4.101048246898778590e-04
-2.820133254089489849e-04,1.197228459962436245e-03,-9.591590897297649692e-05,3.993431528776146761e-04
-2.584782398836465035e-04,1.155645276160379787e-03,-8.806099459652966797e-05,3.863839310513544120e-04
-2.358240725799429075e-04,1.109162355205318626e-03,-8.048289222995038317e-05,3.716520131804671194e-04
-2.141377441276232486e-04,1.058889493015974540e-03,-7.321322292044430259e-05,3.555299462874630923e-04
-1.934851633410454097e-04,1.005817370500249617e-03,-6.627636209117719189e-05,3.383599988763981979e-04
-1.739135769943714576e-04,9.508250534382715804e-04,-5.969020618589393289e-05,3.204465373268046337e-04
-1.554536124587059878e-04,8.946870948542656309e-04,-5.346694782950651748e-05,3.020585339344338980e-04
-1.381214057242332910e-04,8.380811096884971780e-04,-4.761371875769496311e-05,2.834320175332160014e-04
-1.219204392692323149e-04,7.815949609125281885e-04,-4.213323595600112109e-05,2.647723813491241864e-04
-1.068432608442260949e-04,7.257337649860868449e-04,-3.702439267121432744e-05,2.462567745815067181e-04
-9.287311026588079366e-05,6.709268783857785757e-04,-3.228278634215797345e-05,2.280363324546226794e-04
-7.998524466620083359e-05,6.175339530287715390e-04,-2.790126021293914025e-05,2.102385870875799823e-04
-6.814840941489296424e-05,5.658518179226598591e-04,-2.387030499151817915e-05,1.929693880469454898e-04
-5.732598212960733402e-05,5.161202822778831545e-04,-2.017849094290836531e-05,1.763149750573644457e-04
-4.747705595217352416e-05,4.685278375305311428e-04,-1.681284076513463817e-05,1.603439141849744855e-04
-3.855741253432172966e-05,4.232170409598727382e-04,-1.375916461696942909e-05,1.451089262194614731e-04
-3.052039043073869601e-05,3.802895777338298152e-04,-1.100235975845151327e-05,1.306486018322922538e-04
-2.331765549803867859e-05,3.398109973788257022e-04,-8.526676972734032755e-06,1.169890086489089553e-04
-1.689985197753852866e-05,3.018149775297163735e-04,-6.315963501442549958e-06,1.041452439436770530e-04
-1.121728887163681898e-05,2.663079162492672908e-04,-4.353843964234815699e-06,9.212263327588165465e-05
-6.220344735510936776e-06,2.332721185017929582e-04,-2.623931080944503217e-06,8.091827189014463536e-05
-1.859958360382929322e-06,2.026695380534996975e-04,-1.109965764634287989e-06,7.052207874397661705e-05
1.911992942135213658e-06,1.744449676234438530e-04,2.040496445744148735e-07,6.091788761976409323e-05
5.142436105157556693e-06,1.485289400603718969e-04,1.333755468451843239e-06,5.208445057783344458e-05
7.876639616520015368e-06,1.248401391747540280e-04,2.294274764314092244e-06,4.399640735035316620e-05
1.015831471990982301e-05,1.032880791697467042e-04,3.100237132061218034e-06,3.662497170991300049e-05
1.202922862996232635e-05,8.377511749302278782e-05,3.765657258301255703e-06,2.993873938176344667e-05
1.352914252030844690e-05,6.619834240892249675e-05,4.303902202908144402e-06,2.390433599567773923e-05
1.469571740661095343e-05,5.045125114711531338e-05,4.727656028564653988e-06,1.848700191022930000e-05
1.556447651881164853e-05,3.642520461623680717e-05,5.048901854567288678e-06,1.365111493589305660e-05
1.616876543741656655e-05,2.401063047051175774e-05,5.278905009292931350e-06,9.360661344243217434e-06
1.653972017384951944e-05,1.309854798188378266e-05,5.428209970765831634e-06,5.579455268958685073e-06
1.670632178983156929e-05,3.581098520579948249e-06,5.506641953582921263e-06,2.271751043541561072e-06
1.669547186285972093e-05,-4.647483974551892435e-06,5.523336816251750741e-06,-5.976256815941455317e-07
1.653187419373807057e-05,-1.169024538960794573e-05,5.486698069093378612e-06,-3.063028277778948144e-06
1.623820764374354808e-05,-1.764679415005752320e-05,5.404453764732134707e-06,-5.157799377867370790e-06
1.583530682310358250e-05,-2.261294106691641643e-05,5.283715339976075631e-06,-6.914033391433892520e-06
1.534207384699610082e-05,-2.668036938301268090e-05,5.130946038155133030e-06,-8.362517565070183518e-06
1.477562413700923290e-05,-2.993631359854414538e-05,4.952005274983697107e-06,-9.532614110197598121e-06
1.415135885108829690e-05,-3.246344885856908491e-05,4.752181637434357003e-06,-1.045214559687512825e-05
1.348307720163298636e-05,-3.433965896654184662e-05,4.536221232606022236e-06,-1.114743301737411074e-05
1.278306795820018149e-05,-3.563802713984885349e-05,4.308359702642387086e-06,-1.164319879896019724e-05
1.206220481283511899e-05,-3.642682917162742948e-05,4.072355280990084691e-06,-1.196257073784937804e-05
1.133004464170373656e-05,-3.676956583735588590e-05,3.831519202537510655e-06,-1.212709910684615907e-05
1.059491985637133756e-05,-3.672502804523845914e-05,3.588746721890172350e-06,-1.215677594443414017e-05
9.864033246171710970e-06,-3.634741973813025560e-05,3.346548900732263788e-06,-1.207005614602697865e-05
9.143548332510783935e-06,-3.568649266488905857e-05,3.107082809614007485e-06,-1.188390609363524318e-05
8.438676701527103799e-06,-3.478770641006269230e-05,2.872180794468428492e-06,-1.161385245700183690e-05
7.753761422990544276e-06,-3.369240709985628249e-05,2.643378387232814651e-06,-1.127404041570428729e-05
7.092358021815202438e-06,-3.243801021384385975e-05,2.421941645835064615e-06,-1.087729739006310404e-05
6.457311374768093670e-06,-3.105820243794138273e-05,2.208892906428215000e-06,-1.043519510683463015e-05
5.850827870392149617e-06,-2.958315078113950804e-05,2.005035080066002137e-06,-9.958116189934606587e-06
5.274543639815838073e-06,-2.803971237511287891e-05,1.810974718216551475e-06,-9.455324410352339610e-06
4.729588593224284179e-06,-2.645164592490541159e-05,1.627143680796411617e-06,-8.935034709591249769e-06
4.216646254336837758e-06,-2.483982244605781854e-05,1.453819406125928435e-06,-8.404483038572380235e-06
3.736009295085524749e-06,-2.322242165521613326e-05,1.291145079795110417e-06,-7.870000177096665242e-06
3.287628750342432105e-06,-2.161516330612785268e-05,1.139144063931409806e-06,-7.337068361487178118e-06
2.871167303269532036e-06,-2.003148627080849627e-05,9.977380986086583100e-07,-6.810397954203271006e-06
2.486039719383411772e-06,-1.848274666163659931e-05,8.667618975125909477e-07,-6.293984017557954310e-06
2.131452679036278654e-06,-1.697840112820602531e-05,7.459767925141397048e-07,-5.791171732197529015e-06
1.806440898886366507e-06,-1.552618357722946094e-05,6.350831710184819493e-07,-5.304715539564088309e-06
1.509900046056577244e-06,-1.413227211050866365e-05,5.337316617848545273e-07,-4.836837252957712237e-06
1.240616222456978941e-06,-1.280144848891909647e-05,4.415332753229957705e-07,-4.389278373404075222e-06
9.972922726843885278e-07,-1.153724820532635809e-05,3.580685475405780676e-07,-3.963350347293661682e-06
7.785714103800359388e-07,-1.034210016584776744e-05,2.828956152414764942e-07,-3.559983482231198719e-06
5.830579978374518081e-07,-9.217458201157879892e-06,2.155574145771404525e-07,-3.179770538410019947e-06
4.093037869935686560e-07,-8.163965221879122833e-06,1.555772909323681125e-07,-2.822994114484509142e-06
2.559179357459337994e-07,-7.181409916896817674e-06,1.024964064235020315e-07,-2.489725636115750751e-06
1.214870471701645711e-07,-6.269017766243278767e-06,5.584687739630884319e-08,-2.179764188551777144e-06
4.619867177613199648e-09,-5.425471487553228125e-06,1.516647564749169245e-08,-1.892734548232866790e-06
-9.605251526953174106e-08,-4.649016561403819696e-06,-2.000149319367801735e-08,-1.628098164554833935e-06
-1.818305282697141275e-07,-3.937480039064020557e-06,-5.009116648956202968e-08,-1.385200343811613381e-06
-2.539978390701448836e-07,-3.288441176800136129e-06,-7.553282234469465305e-08,-1.163254010384433505e-06
-3.137774030456512086e-07,-2.699217418652115635e-06,-9.673679035873501712e-08,-9.614034130614202770e-07
-3.623367827640312629e-07,-2.166947550082659263e-06,-1.140955446748317496e-07,-7.787229202851963956e-07
-4.007850792753299328e-07,-1.688641764719501025e-06,-1.279825529766628477e-07,-6.142383719147332665e-07
-4.301727860352903453e-07,-1.261223057044031934e-06,-1.387519552514575257e-07,-4.669443926346246339e-07
-4.514872088629237204e-07,-8.815735121123925965e-07,-1.467373549335187031e-07,-3.358142884921470843e-07
-4.656523701115508098e-07,-5.465693262321986177e-07,-1.522515413815385084e-07,-2.198138467741610180e-07
-4.735304445390093647e-07,-2.531078916466138287e-07,-1.555868003253933096e-07,-1.179139067867284988e-07
-4.759227700288966668e-07,1.866193008214305357e-09,-1.570151804496308150e-07,-2.909814450263409873e-08
-4.736611765344264899e-07,2.213475253745555096e-07,-1.568203085707960243e-07,4.762149900220396349e-08
-4.672512329380481999e-07,4.082635340851805838e-07,-1.551730436730245665e-07,1.132530947472893503e-07
-4.574099427748703648e-07,5.653856790020974171e-07,-1.523185977783732204e-07,1.686920686325772757e-07
-4.447089505425190632e-07,6.954035126283423557e-07,-1.484525570039893601e-07,2.148500063586648950e-07
-4.296662696597868122e-07,8.008876186532178414e-07,-1.437523720658770893e-07,2.525925425630798924e-07
-4.127485125070642456e-07,8.842793364643568566e-07,-1.383781845933745870e-07,2.827425886457258467e-07
-3.943739146776117603e-07,9.478845388290322123e-07,-1.324738038810030703e-07,3.060792427111540941e-07
-3.749158676069134675e-07,9.938717005085138652e-07,-1.261678943309371038e-07,3.233357774500485790e-07
-3.547061632727504148e-07,1.024274139566366653e-06,-1.195751352599110776e-07,3.351984001006637281e-07
-3.340359686754035090e-07,1.040981264283686237e-06,-1.127963525428364889e-07,3.423116868638854891e-07
-3.131602330981771847e-07,1.045746256733780488e-06,-1.059200394416176412e-07,3.452720301483349237e-07
-2.923003891574019341e-07,1.040188377839847660e-06,-9.902328871074214173e-08,3.446306684719253305e-07
-2.716469711745498243e-07,1.025796670223812341e-06,-9.217267240705379494e-08,3.408952125059497574e-07
-2.513621470464438770e-07,1.003934398397850194e-06,-8.542508993616281387e-08,3.345311160779055280e-07
-2.315821577716166566e-07,9.758440203711874724e-07,-7.882858581376238053e-08,3.259632844191532909e-07
-2.124196573369578513e-07,9.426525666816979172e-07,-7.242313520054820517e-08,3.155778168869388824e-07
-1.939659460187369186e-07,9.053773236043493805e-07,-6.624139489392912877e-08,3.037238567436855913e-07
-1.762930914330456092e-07,8.649317290394976511e-07,-6.030941777295614887e-08,2.907155191992251101e-07
-1.594559332520377409e-07,8.221313996850036010e-07,-5.464732918616921454e-08,2.768338709093944584e-07
-1.434939690808055347e-07,7.777002175678926327e-07,-4.926996429151377278e-08,2.623289367137216598e-07
-1.284331204400638789e-07,7.322764129645758659e-07,-4.418746584653314145e-08,2.474217121023802282e-07
-1.142873790798317250e-07,6.864185891520077834e-07,-3.940584238518082607e-08,2.323061625787353881e-07
-1.010603349517610276e-07,6.406116422785400524e-07,-3.492748709906706644e-08,2.171511936523105766e-07
-8.874647373855256547e-08,5.952727420539570078e-07,-3.075162602838493060e-08,2.021025066781882331e-07
-7.733179778769822183e-08,5.507578857476021787e-07,-2.687456814637360505e-08,1.872842182548570943e-07
-6.679666585167169831e-08,5.073635955926860819e-07,-2.329057853181689963e-08,1.728022859408809844e-07
-5.711605804890994422e-08,4.653350561025015965e-07,-1.999200546603197510e-08,1.587439353731099245e-07
-4.831714630168682024e-08,4.247809992576820803e-07,-1.698732708953655424e-08,1.452107147319431501e-07
-4.030648785315382915e-08,3.860149148236141125e-07,-1.424682344934833480e-08,1.321804146010104834e-07
-3.304726424703698321e-08,3.491271263328958139e-07,-1.175922713127193120e-08,1.197513561633986302e-07
-2.650106183296515254e-08,3.141920384094175217e-07,-9.512079175360229962e-09,1.079604531439662567e-07
-2.062832176917528106e-08,2.812576384330112101e-07,-7.492398650376333141e-09,9.682770169651820929e-08
-1.538884826314023565e-08,2.503470163992624165e-07,-5.686928886050336387e-09,8.636349800603774060e-08
-1.074226709968865281e-08,2.214614306155037422e-07,-4.082305324368470658e-09,7.657053885548132949e-08
-6.648423518126732092e-09,1.945833382597112052e-07,-2.665194992934300877e-09,6.744495980709019832e-08
-3.067722590861172761e-09,1.696791983162468684e-07,-1.422415441160360371e-09,5.897730321055121481e-08
3.858313758106527936e-11,1.467020319761992701e-07,-3.410355872447183448e-10,5.115339309703840829e-08
2.706650405692913069e-09,1.255939795280863267e-07,5.911401678604501138e-10,4.395497695557116461e-08
4.975877262133641026e-09,1.062882207315274012e-07,1.387097262212306638e-09,3.736101231076441410e-08
6.880374867134625961e-09,8.870868622780312164e-08,2.058300042821737637e-09,3.134820234022304744e-08
8.453992009641041398e-09,7.277790785429712669e-08,2.616266688827783373e-09,2.588940062635185316e-08
9.728646320078625222e-09,5.841136915338230226e-08,3.071735966896379486e-09,2.095779371306722712e-08
1.073445408579749040e-08,4.552329918418325400e-08,3.434913527910918439e-09,1.652458203942236573e-08
1.150003457842754307e-08,3.402275518450683537e-08,3.715357022625361498e-09,1.256190799294730660e-08
1.205195056790693422e-08,2.382251893779021428e-08,3.922117433387508120e-09,9.039235637760634228e-09
1.241509944028837693e-08,1.483416335163811273e-08,4.063626891137904763e-09,5.927592486217623517e-09
1.261262595297664341e-08,6.970561023311264751e-09,4.147738775566004137e-09,3.198047118807181699e-09
1.266595524571233794e-08,1.464396656976227973e-10,4.181734325958545917e-09,8.221686174502552800e-10
1.259380957389131187e-08,-5.719695313521095698e-09,4.171943734066086371e-09,-1.228259217066823850e-09
1.241639682224078653e-08,-1.071076137051043789e-08,4.125332737326814545e-09,-2.977981005401863282e-09
1.214922834105426266e-08,-1.490205290151409656e-08,4.047171872164727993e-09,-4.455273844734236513e-09
1.180737295845122496e-08,-1.836734807336659919e-08,3.942605729497975503e-09,-5.684121612360263458e-09
1.140447195385859222e-08,-2.117658800860062961e-08,3.816306179710472279e-09,-6.687968241517991435e-09
1.095281517187775791e-08,-2.339592824885766124e-08,3.672490700199165878e-09,-7.489119949628769064e-09
1.046341747211691601e-08,-2.508768192932565266e-08,3.514946540065217028e-09,-8.108632756594725140e-09
9.946096017608298937e-09,-2.631028657344824751e-08,3.347056059738488550e-09,-8.566285234382626066e-09
9.409547748514502884e-09,-2.711830884177809773e-08,3.171822326654677859e-09,-8.880574171251746610e-09
8.861426322041659409e-09,-2.756248405007159929e-08,2.991894629360968486e-09,-9.068723585887088997e-09
8.308417885755405454e-09,-2.768978548271502009e-08,2.809593677808965098e-09,-9.146704340153505035e-09
7.756315148665223785e-09,-2.754351871253531547e-08,2.626936300203338043e-09,-9.129262583155397786e-09
7.210089305051268626e-09,-2.716343654982508022e-08,2.445659478922929127e-09,-9.029955512171680979e-09
6.673959448271354036e-09,-2.658587066369674437e-08,2.267243596347503800e-09,-8.861193091762516326e-09
6.151459185884120585e-09,-2.584387631992329186e-08,2.092934786861945761e-09,-8.634284509366246597e-09
5.645500233790876502e-09,-2.496738705740264407e-08,1.923766314123585690e-09,-8.359488273610811700e-09
5.158432826201870281e-09,-2.398337647969842648e-08,1.760578913035720421e-09,-8.046064981473439538e-09
4.692102830546431327e-09,-2.291602466876795082e-08,1.604040053929362878e-09,-7.702331892472371876e-09
4.247905502440314203e-09,-2.178688703525000950e-08,1.454662102371837906e-09,-7.335718552358589638e-09
3.826835855960143933e-09,-2.061506370399903289e-08,1.312819361948768934e-09,-6.952822805409478360e-09
3.429535659205744723e-09,-1.941736779551045328e-08,1.178763999455828485e-09,-6.559466623607083738e-09
3.056337094894346494e-09,-1.820849120420823280e-08,1.052640862334692362e-09,-6.160751262919137420e-09
2.707303150948813096e-09,-1.700116669407265174e-08,9.345012070353841077e-10,-5.761111331864136402e-09
2.382264827120183737e-09,-1.580632533167376360e-08,8.243153644205705626e-10,-5.364367425808094414e-09
2.080855261009534406e-09,-1.463324845729371967e-08,7.219843744762007724e-10,-4.973777042328902830e-09
1.802540890792331593e-09,-1.348971355746614631e-08,6.273506275807448873e-10,-4.592083548812415163e-09
1.546649782846773182e-09,-1.238213354795339471e-08,5.402075535290541902e-10,-4.221563023548817269e-09
1.312397260672135256e-09,-1.131568910595687703e-08,4.603084025166833574e-10,-3.864068836321745032e-09
1.098908977259302981e-09,-1.029445380524902525e-08,3.873741644696972197e-10,-3.521073874162919810e-09
9.052415767281368997e-10,-9.321511908953304296e-09,3.211006745499637186e-10,-3.193710352932004376e-09
7.304010928395559224e-10,-8.399068762896687955e-09,2.611649534664688245e-10,-2.882807185998878975e-09
5.733592321685910352e-10,-7.528553808801685611e-09,2.072308314623253189e-10,-2.588924907895176421e-09
4.330676885132662875e-10,-6.710716302032990146e-09,1.589539046014587230e-10,-2.312388173678585125e-09
3.084706327192457163e-10,-5.945713874093382059e-09,1.159858713188049394e-10,-2.053315874223934627e-09
1.985155187100135944e-10,-5.233194126458095948e-09,7.797829618746816573e-11,-1.811648924026986322e-09
1.021623422979458367e-10,-4.572369480498407917e-09,4.458584655420123046e-11,-1.587175791651776033e-09
1.839148446760488785e-11,-3.962085538971660953e-09,1.546904615372214757e-11,-1.379555853953976744e-09
-5.378973459194255430e-11,-3.400883238610337713e-09,-9.703411919488161606e-12,-1.188340663918142490e-09
-1.153416702495709313e-10,-2.887055091440212025e-09,-3.125275238331770036e-11,-1.012993228599806303e-09
-1.671880226489562538e-10,-2.418695825264373381e-09,-4.948856657561388340e-11,-8.529053984949811539e-10
-2.102124523527366551e-10,-1.993747741894449498e-09,-6.470758645509575217e-11,-7.074134728738384369e-10
-2.452560408114479765e-10,-1.610041115767714039e-09,-7.719274946621910170e-11,-5.758121274148899556e-10
-2.731155005156928246e-10,-1.265329956098095208e-09,-8.721252207181986338e-11,-4.573667710414919193e-10
-2.945420461226075570e-10,-9.573234531625410476e-10,-9.502045188840297080e-11,-3.513244383602510357e-10
-3.102408441965019265e-10,-6.837134241744008177e-10,-1.008549204684604688e-10,-2.569233226874977452e-10
-3.208709654216940468e-10,-4.421980668558629358e-10,-1.049390708457341779e-10,-1.734010524650187908e-10
-3.270457691939672924e-10,-2.305023196662554741e-10,-1.074808859790990016e-10,-1.000018110397585740e-10
-3.293336563437166851e-10,-4.639511701335977611e-11,-1.086733961873316130e-10,-3.598239642740950381e-11
-3.282591313630435818e-10,1.122961840271585465e-10,-1.086949955512748258e-10,1.938268609307776313e-11
-3.243041208808649001e-10,2.476739416552761474e-10,-1.077098490645318676e-10,6.679700981200809434e-11
-3.179095002396185454e-10,3.617606814771878537e-10,-1.058683740333644821e-10,1.069388064503390103e-10
-3.094767848640253101e-10,4.564916261367530017e-10,-1.033077808569872915e-10,1.404582601677747456e-10
-2.993699476702043483e-10,5.337090798022023457e-10,-1.001526598583814013e-10,1.679754404543721997e-10
-2.879173280393235797e-10,5.951584589875568887e-10,-9.651560228172877353e-11,1.900788033089560349e-10
-2.754136018739821167e-10,6.424857752568482849e-10,-9.249784492532534654e-11,2.073241947680614120e-10
-2.621217859703595908e-10,6.772363892478143500e-10,-8.818992913892347073e-11,2.202342954684736392e-10
-2.482752533797135517e-10,7.008548690585926681e-10,-8.367236608327513120e-11,2.292984494597128653e-10
-2.340797396057909098e-10,7.146857992791189672e-10,-7.901630122920207304e-11,2.349728249072040739e-10
-2.197153223983974210e-10,7.199753997490053931e-10,-7.428417206639245518e-11,2.376808586101413101e-10
-2.053383605672388420e-10,7.178738254273751706e-10,-6.953035390129116947e-11,2.378139403879885012e-10
-1.910833796646777951e-10,7.094380305248902446e-10,-6.480178945227701736e-11,2.357322973424097580e-10
-1.770648945824456331e-10,6.956350912403380294e-10,-6.013859870242754962e-11,2.317660417707030730e-10
-1.633791610873478518e-10,6.773458920412982580e-10,-5.557466614939849966e-11,2.262163500792783033e-10
-1.501058500967086656e-10,6.553690904149043464e-10,-5.113820320222425047e-11,2.193567434213347778e-10
-1.373096400779830090e-10,6.304252843859220511e-10,-4.685228402023686246e-11,2.114344439520912436e-10
-1.250417243609578915e-10,6.031613158538250089e-10,-4.273535357388630117e-11,2.026717835610206309e-10
-1.133412313875374252e-10,5.741546509434699655e-10,-3.880170713504728491e-11,1.932676447067154619e-10
-1.022365570053164289e-10,5.439177861092274637e-10,-3.506194077949396845e-11,1.833989155398943059e-10
-9.174660884885156828e-11,5.129026356883197449e-10,-3.152337281049409147e-11,1.732219438730165137e-10
-8.188196365819753464e-11,4.815048629913437753e-10,-2.819043629379205299e-11,1.628739767302022128e-10
-7.264593906899453144e-11,4.500681228603865549e-10,-2.506504313432784857e-11,1.524745742078512900e-10
-6.403558198283071771e-11,4.188881889446150836e-10,-2.214692032742313926e-11,1.421269881962100307e-10
-5.604257610092194960e-11,3.882169437634272995e-10,-1.943391918531746496e-11,1.319194981611893024e-10
-4.865407158804620558e-11,3.582662139715351055e-10,-1.692229847706262759e-11,1.219266976805245003e-10
-4.185344013626227477e-11,3.292114371402561910e-10,-1.460698252902802129e-11,1.122107267639983199e-10
-3.562095892787868456e-11,3.011951498442787610e-10,-1.248179541747908017e-11,1.028224461906502969e-10
-2.993442716247361068e-11,2.743302899284191732e-10,-1.053967244664885856e-11,9.380255115590289924e-11
-2.476971892105535396e-11,2.487033085436496730e-10,-8.772850147947580532e-12,8.518262246565654202e-11
-2.010127619869179809e-11,2.243770899188486110e-10,-7.173036060860807166e-12,7.698611433494564718e-11
-1.590254595162578716e-11,2.013936788944490393e-10,-5.731559565838271554e-12,6.922927857002493273e-11
-1.214636498200360496e-11,1.797768180164367608e-10,-4.439505036128867654e-12,6.192202552904271265e-11
-8.805296428356895632e-12,1.595342974953151138e-10,-3.287828560957848687e-12,5.506872278476840893e-11
-5.851921547921999169e-12,1.406601225981886507e-10,-2.267459468333668456e-12,4.866893286070747289e-11
-3.259090372296616455e-12,1.231365040877463102e-10,-1.369387843730369457e-12,4.271809177876150367e-11
-1.000134694962107762e-12,1.069356781670080313e-10,-5.847392022819918184e-13,3.720813046260512582e-11
9.509532884500653825e-13,9.202156305723107566e-11,9.516257174090673819e-14,3.212804127862901343e-11
2.619373515262136591e-12,7.835125984394644168e-11,6.787429524040802712e-13,2.746439218502461912e-11
4.029398751705750489e-12,6.587640559263797854e-11,1.174134151867976518e-12,2.320179109514583725e-11
5.204280598326058321e-12,5.454438697648912853e-11,1.589141191068898532e-12,1.932330315605349803e-11
6.136334957446736274e-12,4.428168389500565857e-11,1.921231122398887475e-12,1.581603496428706721e-11
6.879404489142385398e-12,3.507120856436339956e-11,2.188469401041123447e-12,1.264981598726108740e-11
7.453489139056906471e-12,2.684531355871379570e-11,2.397531411899841077e-12,9.815323842953458413e-12
7.877287523570862967e-12,1.953969795785598920e-11,2.554744545908092483e-12,7.292801638324112937e-12
8.168227596191922639e-12,1.309106595252556170e-11,2.666023311507846007e-12,5.061341828744175450e-12
8.342488523842539947e-12,7.437241088330421223e-12,2.736866709609975081e-12,3.100202545917640640e-12
8.415028943242560981e-12,2.517544809690604789e-12,2.772365788340561533e-12,1.389081538939894308e-12
8.399622244187866917e-12,-1.726860183559168059e-12,2.777214544598010413e-12,-9.174749881362214735e-14
8.308897757092975384e-12,-5.352688795952700581e-12,2.755723009916340552e-12,-1.361333587835054866e-12
8.154386648127180332e-12,-8.414311523537412190e-12,2.711832026061676345e-12,-2.437968867481257527e-12
7.946571432240857717e-12,-1.096358556351809131e-11,2.649129327426241558e-12,-3.339127394793590165e-12
7.694938133604762129e-12,-1.304973309903782632e-11,2.570866595790416457e-12,-4.081420181481518578e-12
7.408030236137471190e-12,-1.471926118702539937e-11,2.479977192178947229e-12,-4.680564568472586738e-12
7.093503671993932472e-12,-1.601591808120642012e-11,2.379094306268191486e-12,-5.151366184292044457e-12
6.758182193114713618e-12,-1.698068121921696769e-11,2.270569296783808371e-12,-5.507711868231326891e-12
6.409896126631980664e-12,-1.766044736406462791e-11,2.157278556665054076e-12,-5.759291040573631482e-12
6.051294157867787496e-12,-1.808005630002665142e-11,2.040012580621933619e-12,-5.927184082741776944e-12
5.687150776828689639e-12,-1.827358899618936564e-11,1.920368882002597624e-12,-6.017394722719535724e-12
5.321608328123755720e-12,-1.827119044584712931e-11,1.799780913851763525e-12,-6.039420854701096243e-12
4.958238840371662328e-12,-1.810041042546149030e-11,1.679494734400667189e-12,-6.002561862844923498e-12
4.600092649317827174e-12,-1.778646472378510556e-11,1.560579277420605916e-12,-5.915418517428804350e-12
4.249743654798940539e-12,-1.735234891527056416e-11,1.443940784276633718e-12,-5.785856134200366376e-12
3.909332454322253026e-12,-1.681894002266361002e-11,1.330337209183988799e-12,-5.621028316943284031e-12
3.580607402113903011e-12,-1.620510140480952624e-11,1.220392032822846346e-12,-5.427409979811435155e-12
3.264963524199659005e-12,-1.552779126019973142e-11,1.114607385730908804e-12,-5.210832748446574090e-12
2.963479233397191608e-12,-1.480217346161208675e-11,1.013376450521492786e-12,-4.976521421948009187e-12
2.679268550422305716e-12,-1.403527110244110012e-11,9.176600049463495748e-13,-4.731405944774433514e-12
2.410698266743396984e-12,-1.324902347923230879e-11,8.270406673995325932e-13,-4.473650051365332339e-12
2.158017772497362689e-12,-1.245230965097532357e-11,7.416550182288499048e-13,-4.210756814806398763e-12
1.921301652073226469e-12,-1.165382771950803462e-11,6.615505744900649346e-13,-3.946291964154076540e-12
1.700467446485859751e-12,-1.086118199967105587e-11,5.867168285046996652e-13,-3.682963826767287208e-12
1.495297935942106211e-12,-1.008085699217784026e-11,5.170958582090679449e-13,-3.423045305681219581e-12
1.305462194357213807e-12,-9.318304222309838207e-12,4.525898436008297640e-13,-3.168450755817093458e-12
1.130534779958450939e-12,-8.578037265940787110e-12,3.930676608116275092e-13,-2.920773154475336793e-12
9.700130814286758441e-13,-7.863723136854437365e-12,3.383708229562091933e-13,-2.681315456765618402e-12
8.233329139938274520e-13,-7.178268640105366785e-12,2.883188273832709286e-13,-2.451119794486085573e-12
6.898824692235281811e-13,-6.523901493087666582e-12,2.427139466246723358e-13,-2.230994894682418107e-12
5.690147234939424209e-13,-5.902246195881315507e-12,2.013454980695198105e-13,-2.021541754897514756e-12
4.600584094588513464e-13,-5.314394695167771030e-12,1.639936270009010185e-13,-1.823177589435717071e-12
3.623276533314597071e-13,-4.760971928438058640e-12,1.304326371762701278e-13,-1.636158071968356869e-12
2.751303784913379431e-13,-4.242196370928750478e-12,1.004339024561103119e-13,-1.460597910783621093e-12
1.977755730431843406e-13,-3.757935736027309532e-12,7.376839209834939377e-14,-1.296489803396804006e-12
1.295795155776284733e-13,-3.307758003194382593e-12,5.020884125986436500e-14,-1.143721826407184008e-12
6.987104961288314317e-14,-2.890977966158358429e-12,2.953159705122611332e-14,-1.002093321505490204e-12
1.799599312658311467e-14,-2.506699507929776561e-12,1.151816917537311870e-14,-8.713293448398729690e-13
-2.667923469822766797e-14,-2.153853819104371908e-12,-4.043487219647888252e-15,-7.510937506066983338e-13
-6.476469183050335885e-14,-1.831233783112565599e-12,-1.735793028972813326e-14,-6.410009816019655082e-13
-9.684462368967334808e-14,-1.537524755056117272e-12,-2.862140715187248708e-14,-5.406266417968001602e-13
-1.234757367822736569e-13,-1.271331962439393589e-12,-3.802122326100494172e-14,-4.495169262702412265e-13
-1.451859716157580240e-13,-1.031204754490394590e-12,-4.573528382147432703e-14,-3.671969836511782570e-13
-1.624737153178640748e-13,-8.156579238417164100e-13,-5.193178704029384700e-14,-2.931782855244106155e-13
-1.758073987907981826e-13,-6.231903194835841725e-13,-5.676905049162846733e-14,-2.269650755550970596e-13
-1.856254275148536259e-13,-4.523009638582095648e-13,-6.039545330049615710e-14,-1.680599700286834477e-13
-1.923363992638238539e-13,-3.015028798422062248e-13,-6.294947823172043642e-14,-1.159687779135398250e-13
-1.963195659820195052e-13,-1.693348250911256826e-13,-6.455983911161105951e-14,-7.020460723214387033e-14
-1.979255008892524528e-13,-5.437112259804518314e-14,-6.534568029584149646e-14,-3.029132133143006272e-14
-1.974769355188828761e-13,4.477023264917877260e-14,-6.541683610502167289e-14,4.233595459733742912e-15
-1.952697348310400431e-13,1.294210214363742294e-13,-6.487413933028275615e-14,3.381670386315253897e-14
-1.915739817988683765e-13,2.008576417123098720e-13,-6.380976898850024337e-14,5.888675496686803064e-14
-1.866351459127833650e-13,2.602971937334259513e-13,-6.230762854798698571e-14,7.985326285368602485e-14
-1.806753129039829788e-13,3.088946682345039893e-13,-6.044374680653088465e-14,9.710545761956965707e-14
-1.738944556450613982e-13,3.477411071226404809e-13,-5.828669451212877633e-14,1.110115737849661783e-13
-1.664717286538500380e-13,3.778626153705154539e-13,-5.589801064050913595e-14,1.219184340109964092e-13
-1.585667709018336005e-13,4.002201125731572180e-13,-5.333263302859855948e-14,1.301512891026215340e-13
-1.503210037249225167e-13,4.157097213231742967e-13,-5.063932877370955080e-14,1.360138797744935723e-13
-1.418589125556159223e-13,4.251636983364107362e-13,-4.786112045546084475e-14,1.397886884399426398e-13
-1.332893029452180768e-13,4.293518227822085443e-13,-4.503570484418048320e-14,1.417373510884606036e-13
-1.247065229343352253e-13,4.289831641230235944e-13,-4.219586130161333717e-14,1.421012029661533355e-13
-1.161916452724392181e-13,4.247081589712317188e-13,-3.936984756132347766e-14,1.411019346174436946e-13
-1.078136042751786191e-13,4.171209343565829408e-13,-3.658178103805470215e-14,1.389423352920341630e-13
-9.963028327192846363e-14,4.067618205116611668e-13,-3.385200419345717609e-14,1.358071059946410292e-13
-9.168954962115029880e-14,3.941200035730005377e-13,-3.119743286090851578e-14,1.318637231053793951e-13
-8.403023518984678405e-14,3.796362733395203509e-13,-2.863188672574887246e-14,1.272633391651821127e-13
-7.668306099251168333e-14,3.637058275674544552e-13,-2.616640144821070558e-14,1.221417059438859695e-13
-6.967150538435723694e-14,3.466810988739632043e-13,-2.380952215801052672e-14,1.166201085183060178e-13
-6.301261581329434184e-14,3.288745747733166226e-13,-2.156757825519650961e-14,1.108063003652800294e-13
-5.671776465321807328e-14,3.105615859868451789e-13,-1.944493963665830085e-14,1.047954304470931356e-13
-5.079335008460955417e-14,2.919830416402173069e-13,-1.744425461951864040e-14,9.867095511373028733e-14
-4.524144335564977641e-14,2.733480938735121935e-13,-1.556666997081716068e-14,9.250552798906732085e-14
-4.006038406768644492e-14,2.548367169006214809e-13,-1.381203354398150709e-14,8.636186394812670580e-14
-3.524532536877678162e-14,2.366021893902553968e-13,-1.217908012985379239e-14,8.029357139406063331e-14
-3.078873113704863021e-14,2.187734706268441018e-13,-1.066560119267067457e-14,7.434595047626039874e-14
-2.668082738655313912e-14,2.014574634871196051e-13,-9.268599201076131823e-15,6.855675537373487990e-14
-2.291001022548431411e-14,1.847411599852444354e-13,-7.984427331270563773e-15,6.295691686423855007e-14
-1.946321277392961641e-14,1.686936656345944487e-13,-6.808915322733583947e-15,5.757122606239433605e-14
-1.632623348249491579e-14,1.533681015118733017e-13,-5.737482291390958085e-15,5.241897749332069905e-14
-1.348402830231868331e-14,1.388033837559006076e-13,-4.765237314540076532e-15,4.751457142576005865e-14
-1.092096914378346032e-14,1.250258814313819359e-13,-3.887068591505988055e-15,4.286807615429749857e-14
-8.621071023901281725e-15,1.120509548961050731e-13,-3.097721985743232611e-15,3.848574991823910179e-14
-6.568190254866179111e-15,9.988437711401723503e-14,-2.391869724273405467e-15,3.437052447284878323e-14
-4.746195955342594827e-15,8.852364178059815395e-14,-1.764170021822216849e-15,3.052245027777349961e-14
-3.139117089745699000e-15,7.795916206066191670e-14,-1.209318368469301196e-15,2.693910515585963210e-14
