-1.200000011942012890e+01,1.200000011633694896e+01
-1.200000011989979498e+01,1.200000011827320634e+01
-1.200000011989047266e+01,9.819363062481277993e+00
-1.200000011967678581e+01,-5.202810248865070264e+00
-1.200000011965605928e+01,-7.803025247706510292e+00
-1.200000011963419588e+01,-8.414252428909151149e+00
-1.200000011960979052e+01,-8.761986057597503930e+00
-1.200000011984841031e+01,-9.085761851352954110e+00
-1.200000011955059698e+01,-9.397556801589740161e+00
-1.200000011982381132e+01,-9.680037055742767294e+00
-1.200000011980857195e+01,-9.916879988281017688e+00
-1.200000011942323219e+01,-1.009455553153947527e+01
-1.200000011936523592e+01,-1.020211964451636177e+01
-1.200000011929585852e+01,-1.023047454250694521e+01
-1.200000011921158816e+01,-1.017198362884195895e+01
-1.200000011910727693e+01,-1.002034793073041818e+01
-1.200000011962816693e+01,-9.770530041860396864e+00
-1.200000011956546153e+01,-9.418451613926965393e+00
-1.200000011856681148e+01,-8.959977491072566025e+00
-1.200000011935697053e+01,-8.387999046746349663e+00
-1.200000011916401021e+01,-7.684518261666472227e+00
-1.200000011881767925e+01,-6.799466512518015371e+00
-1.200000011452307902e+01,-5.593509163705191689e+00
-1.200000010349224233e+01,-3.682952719363937533e+00
5.688478485893708303e+00,-8.525792008635534047e-02
1.200000010961137953e+01,2.445016162394190840e+00
1.200000011830959679e+01,3.742728479571399092e+00
1.200000011700793401e+01,4.534282313141832610e+00
1.200000011780316989e+01,5.104097573408013844e+00
1.200000011826915625e+01,5.563444074558821839e+00
1.200000011857585491e+01,5.957174684091710581e+00
1.200000011879351014e+01,6.304334982504413709e+00
1.200000011962140256e+01,6.613538486008931905e+00
1.200000011966741553e+01,6.888804830406047408e+00
1.200000011970437086e+01,7.131808330804193297e+00
1.200000011973479985e+01,7.342878799275675661e+00
1.200000011976037584e+01,7.521524337570158814e+00
1.200000011978225523e+01,7.666806437410529362e+00
1.200000011980125691e+01,7.777652545878888546e+00
1.200000011981798309e+01,7.853128773777374505e+00
1.200000011983288495e+01,7.892669160119065275e+00
1.200000011984631065e+01,7.896254893522266727e+00
1.200000011985853021e+01,7.864535317860184449e+00
1.200000011986976212e+01,7.798889101255409351e+00
1.200000011987981097e+01,7.701427265361978414e+00
1.200000011988101711e+01,7.574944304648356663e+00
1.200000011988178450e+01,7.422828046482236708e+00
1.200000011988213622e+01,7.248939330999247588e+00
1.200000011988208115e+01,7.057474091417463846e+00
1.200000011988162640e+01,6.852819393232613798e+00
1.200000011988077198e+01,6.639412913679999306e+00
1.200000011987950899e+01,6.421613007911231463e+00
1.200000011987782678e+01,6.203584559698311018e+00
1.200000011987570581e+01,5.989203400860223070e+00
1.200000011987312121e+01,5.781980210246323360e+00
1.200000011987004456e+01,5.585004053055677709e+00
1.200000011986643500e+01,5.400904296364983814e+00
1.200000011986224813e+01,5.231829035660193306e+00
1.200000011985742532e+01,5.079438504496063267e+00
1.200000011985190262e+01,4.944910729758121626e+00
1.200000011984559833e+01,4.828957087605568965e+00
1.200000011983841475e+01,4.731846106315349409e+00
1.200000011983023640e+01,4.653432779476740500e+00
1.200000011982092474e+01,4.593192070553019590e+00
1.200000011981031101e+01,4.550255182207154192e+00
1.200000011979818915e+01,4.523447501242568336e+00
1.200000011978430337e+01,4.511327531180676864e+00
1.200000011976834102e+01,4.512226790675406995e+00
1.200000011974991132e+01,4.524290548904348341e+00
1.200000011972851688e+01,4.545519261550365897e+00
1.200000011970352354e+01,4.573811476788113062e+00
1.200000011967410529e+01,4.607007930216588498e+00
1.200000011900538510e+01,4.642937258593623717e+00
1.200000011888986862e+01,4.679461498727356172e+00
1.200000011874957906e+01,4.714526303422097442e+00
1.200000011857670934e+01,4.746206498372909088e+00
1.200000011835990144e+01,4.772754178829586635e+00
1.200000011808203659e+01,4.792644179646200264e+00
1.200000011771608044e+01,4.804615858214070556e+00
1.200000011721679094e+01,4.807708908565762940e+00
1.200000011650246101e+01,4.801283798455811436e+00
1.200000011540917733e+01,4.784976662229800226e+00
1.200000011355347240e+01,4.758278935577330948e+00
1.200000010978229881e+01,4.717781840431129581e+00
1.200000009833157399e+01,4.639637656352709527e+00
1.199835228719553193e+01,4.368691222354910586e+00
7.373829588153455461e+00,2.985858100019291861e+00
3.326320837911450834e+00,1.581594719833944174e+00
-1.956519638169987030e-01,3.277503620008105356e-01
-3.242980117684847396e+00,-7.618934745315477652e-01
-5.857349793637139257e+00,-1.696860598737931491e+00
-8.077487455307855058e+00,-2.489517406901800012e+00
-9.940949422000796787e+00,-3.149205968067627648e+00
-1.148318860623471593e+01,-3.662526903855387594e+00
-1.199999996569780514e+01,-3.881912681365220052e+00
-1.200000005410914028e+01,-3.927089513266328602e+00
-1.200000007393230739e+01,-3.943310038661608896e+00
-1.200000008188591494e+01,-3.954497410572567873e+00
-1.200000008544737007e+01,-3.964509224893057127e+00
-1.200000008666944318e+01,-3.974069325096277971e+00
-1.200000008621866776e+01,-3.983394107349703450e+00
-1.200000008418271413e+01,-3.992596008220315351e+00
-1.200000008020709608e+01,-4.001743968180895727e+00
-1.200000007328234908e+01,-4.010864991585529005e+00
-1.200000006086570892e+01,-4.019891497089107091e+00
-1.200000003530706927e+01,-4.028298382554111434e+00
-1.199999996016362758e+01,-4.032696743528313199e+00
-1.199999761136614396e+01,-4.011039912036459043e+00
-1.136430161958564966e+01,-3.828469484481357377e+00
-1.067337929552029507e+01,-3.606289185046899881e+00
-9.980869899118657074e+00,-3.377551135542618432e+00
-9.292552440952038140e+00,-3.148998913011123779e+00
-8.614015148621612994e+00,-2.923193884174696500e+00
-7.950136128314214012e+00,-2.701869617611497354e+00
-7.305005903680695134e+00,-2.486422115848046843e+00
-6.681979114023387289e+00,-2.277997547412054846e+00
-6.083742188961298147e+00,-2.077523096792978308e+00
-5.512380296061256679e+00,-1.885728970143882188e+00
-4.969441023955621262e+00,-1.703168279495675286e+00
-4.455994479450261281e+00,-1.530235677506372571e+00
-3.972689500637400783e+00,-1.367184985034056721e+00
-3.519806099404618305e+00,-1.214145728550549919e+00
-3.097304060001361492e+00,-1.071138651700529243e+00
-2.704867796830642046e+00,-9.380901683644116140e-01
-2.341947548646616806e+00,-8.148457755174236539e-01
-2.007797021294311701e+00,-7.011824336185457085e-01
-1.701507623607085185e+00,-5.968199290223993314e-01
-1.422039442976384738e+00,-5.014312452831566347e-01
-1.168249121747358954e+00,-4.146519701810915115e-01
-9.389148510527116631e-01,-3.360887853285509097e-01
-7.327585574202858387e-01,-2.653270699377949238e-01
-5.484655329259120471e-01,-2.019376578093430852e-01
-3.847016921724239480e-01,-1.454828098103428669e-01
-2.401286008484693757e-01,-9.552144667657440358e-02
-1.134164361640403601e-01,-5.161369122108501462e-02
-3.255098583398714426e-03,-1.332477036084454142e-02
9.163645130430450592e-02,1.977166707018120084e-02
1.725023733812734439e-01,4.809077584635845087e-02
2.405435981606435236e-01,7.203422122116068249e-02
2.969127215647223705e-01,9.198834017502713345e-02
3.427100636305957515e-01,1.083226946863571905e-01
3.789808187046805887e-01,1.213889714442414752e-01
4.067129996650740154e-01,1.315202309527950808e-01
4.268362790568418497e-01,1.390303993773455427e-01
4.402215028894547744e-01,1.442140279512789114e-01
4.476808125657156245e-01,1.473462623836314100e-01
4.499683033564307877e-01,1.486829917075485619e-01
4.477811169919067025e-01,1.484611607456458038e-01
4.417609119383775207e-01,1.468992109333167317e-01
4.324956415321077330e-01,1.441976316029172089e-01
4.205215819967809687e-01,1.405396004258425147e-01
4.063255549462337357e-01,1.360916955757195401e-01
3.903472985145407526e-01,1.310046618442121669e-01
3.729819440532664010e-01,1.254142167542404429e-01
3.545825608982530186e-01,1.194418835583980071e-01
3.354627362679380442e-01,1.131958396760428393e-01
3.158991615938197550e-01,1.067717705830008579e-01
2.961342002556627828e-01,1.002537205765895029e-01
2.763784165537375714e-01,9.371493263617072800e-02
2.568130466866714867e-01,8.721867183513862254e-02
2.375923973762086860e-01,8.081902646755263764e-02
2.188461603669766553e-01,7.456168255669921863e-02
2.006816328565226848e-01,6.848466849844436766e-02
1.831858271345016831e-01,6.261906491213116432e-02
1.664275102845808874e-01,5.698968810741267960e-02
1.504590781198778537e-01,5.161572538799323595e-02
1.353183519367428811e-01,4.651134100087019746e-02
1.210302544964724780e-01,4.168624238355361084e-02
1.076083702678523879e-01,3.714620991456722698e-02
9.505639469358433125e-02,3.289358855641234120e-02
8.336947327834777488e-02,2.892774323148447624e-02
7.253543439591435271e-02,2.524547836753888302e-02
6.253591760770201013e-02,2.184142278255666800e-02
5.334740288872318048e-02,1.870838189566712689e-02
4.494214442172602547e-02,1.583765699473762417e-02
3.728901389797744520e-02,1.321933487409067583e-02
3.035425193532627700e-02,1.084254657298831456e-02
2.410216267802606921e-02,8.695702345947022363e-03
1.849569565158032391e-02,6.766698974254603885e-03
1.349698156060952399e-02,5.043101429323898835e-03
9.067795557168460696e-03,3.512304145470246906e-03
5.169959639392590969e-03,2.161671085559519964e-03
1.765689006459175399e-03,9.786568408743903571e-04
-1.182100023765866393e-03,-4.908915728383879575e-05
-3.709585270729272820e-03,-9.336356610788956603e-04
-5.851790764118246918e-03,-1.686702179545438189e-03
-7.642434315678837270e-03,-2.319593564714591931e-03
-9.113792600345085176e-03,-2.843153990934487417e-03
-1.029661630445006214e-02,-3.267730221598543709e-03
-1.122005525705978973e-02,-3.603147417673866534e-03
-1.191160204862666723e-02,-3.858691326953875896e-03
-1.239707663422743959e-02,-4.043094256305596219e-03
-1.270060560172186701e-02,-4.164535741660293534e-03
-1.284465394132590886e-02,-4.230636139891424258e-03
-1.285003941190999976e-02,-4.248470614550132855e-03
-1.273596966187473360e-02,-4.224577806054766529e-03
-1.252008851691608846e-02,-4.164974120253979624e-03
-1.221852986540641027e-02,-4.075169553304351135e-03
-1.184597814958681002e-02,-3.960188455894226786e-03
-1.141573439230312431e-02,-3.824589813515841263e-03
-1.093978532179656557e-02,-3.672489842071355922e-03
-1.042887641303064800e-02,-3.507585886187049654e-03
-9.892581244999540738e-03,-3.333179201498025646e-03
-9.339379595981295648e-03,-3.152200927855142078e-03
-8.776729767296835918e-03,-2.967235743676535208e-03
-8.211141572889603737e-03,-2.780546152527085639e-03
-7.648247916826957614e-03,-2.594096362604858194e-03
-7.092874541273328122e-03,-2.409575574446729939e-03
-6.549107537825653129e-03,-2.228420571765364708e-03
-6.020356789582243483e-03,-2.051837170504189692e-03
-5.509423214242984736e-03,-1.880822127224922313e-03
-5.018552098794096077e-03,-1.716182013029585781e-03
-4.549491775519094380e-03,-1.558552487323422225e-03
-4.103546621073353787e-03,-1.408416192426102187e-03
-3.681629839824383278e-03,-1.266120613410337634e-03
-3.284295047892535433e-03,-1.131889431130536942e-03
-2.911801423607403815e-03,-1.005843420851487745e-03
-2.564140330702012124e-03,-8.880103080757145197e-04
-2.241075059104461701e-03,-7.783381284281819896e-04
-1.942174347337385703e-03,-6.767066801469695699e-04
-1.666843809796756662e-03,-5.829383262522246393e-04
-1.414351709783017840e-03,-4.968070915252689604e-04
-1.183860621715144548e-03,-4.180480106822281796e-04
-9.744447169405725390e-04,-3.463651288661069214e-04
-7.851149156258772606e-04,-2.814391625780193252e-04
-6.148272839621660374e-04,-2.229304485909966872e-04
-4.625081844416714465e-04,-1.704873310790582755e-04
-3.270727504452919832e-04,-1.237532026365922313e-04
-2.074275978008272773e-04,-8.236704242349045366e-05
-1.024858091476151271e-04,-4.596857002582601786e-05
-1.117386126314954838e-05,-1.420131013936015197e-05
6.755783774690590771e-05,1.328462600876535879e-05
1.347293373499335956e-04,3.683000541147488902e-05
1.913259489815631739e-04,5.676465119726236037e-05
2.382938255657772973e-04,7.340597392532217751e-05
2.765365317276109671e-04,8.705773164930333426e-05
3.069127095580706163e-04,9.800906526715087198e-05
3.302343824394561307e-04,1.065338903598270491e-04
3.472659521510147469e-04,1.128904790648041549e-04
3.587238479455976087e-04,1.173212861601270719e-04
3.652764223177113910e-04,1.200528782654056956e-04
3.675444548775223981e-04,1.212960331146456679e-04
3.661020847947849487e-04,1.212459966418508845e-04
3.614779861282748719e-04,1.200828427126549410e-04
3.541567990838609317e-04,1.179719181062743817e-04
3.445807683895009367e-04,1.150643607130919318e-04
3.331513180428411500e-04,1.114976153049629934e-04
3.202316318938541674e-04,1.073962217420247660e-04
3.061480181708226586e-04,1.028723389293187607e-04
2.911922268576295917e-04,9.802643437357530282e-05
2.756235491872243565e-04,9.294799618882930653e-05
2.596709398877853161e-04,8.771623100468098561e-05
2.435350997430503722e-04,8.240076711609610634e-05
2.273905505879596678e-04,7.706233568716066044e-05
2.113876693495062150e-04,7.175344416554283529e-05
1.956546398345049525e-04,6.651903934402993753e-05
1.802993540731933752e-04,6.139713814818312796e-05
1.654137277642751098e-04,5.642014938547897459e-05
1.510675580605202485e-04,5.161334348545679494e-05
1.373184474738652690e-04,4.699739262033676582e-05
1.242104782783105159e-04,4.258841648604949832e-05
1.117764590143828133e-04,3.839861767126288568e-05
1.000361431484397324e-04,3.443584073358579541e-05
8.900243183139377643e-05,3.070533944486806573e-05
7.867914191079084082e-05,2.720934384058548643e-05
6.906300391524045914e-05,2.394758969156893428e-05
6.014467533394737977e-05,2.091768632472140992e-05
5.190969568582569946e-05,1.811545623606904048e-05
4.433927703030497665e-05,1.553517921750667587e-05
3.741110824160016998e-05,1.316987316915454145e-05
3.110006820378337052e-05,1.101155458104960145e-05
2.537886930060843926e-05,9.051452225177527400e-06
2.022324111557793560e-05,7.281922044478020956e-06
1.559305350618559122e-05,5.689389900231611314e-06
1.146304272699667441e-05,4.265911912988251242e-06
7.802049691898376647e-06,3.001178387817151541e-06
4.578772807940779413e-06,1.884831808880068838e-06
1.762133424397660737e-06,9.065575868401691391e-07
-6.784265739032799355e-07,5.618093372849347927e-08
-2.772705551116069837e-06,-6.762415260002831762e-07
-4.549609229772732854e-06,-1.300361414641749721e-06
-6.036945310674873498e-06,-1.825520100023834868e-06
-7.261316236249171965e-06,-2.260656740821270865e-06
-8.248039964448820074e-06,-2.614291799120538407e-06
-9.021097079591465325e-06,-2.894509094590937769e-06
-9.603097816620755853e-06,-3.108943057988760422e-06
-1.001526593638268160e-05,-3.264771550592505041e-06
-1.027743719936682964e-05,-3.368713692513269931e-06
-1.040807048080423491e-05,-3.427032074793849504e-06
-1.042426974450888026e-05,-3.445538761660930260e-06
-1.034181523318796118e-05,-3.429604529382261704e-06
-1.017520236292386254e-05,-3.384170828698794334e-06
-9.937686935823844881e-06,-3.313763998483563902e-06
-9.641335408537057884e-06,-3.222511298868843376e-06
-9.297079074905834401e-06,-3.114158372094590662e-06
-8.914781015824617942e-06,-2.992090272637824684e-06
-8.503349233278236502e-06,-2.859365529432127723e-06
-8.070642408975398207e-06,-2.718700505231978969e-06
-7.623622139039570097e-06,-2.572501678549291005e-06
-7.163730106687385302e-06,-2.421632902251051624e-06
-6.702321680121781372e-06,-2.269268898509273547e-06
-6.243821365209834351e-06,-2.117303008297085735e-06
-5.792033267518904517e-06,-1.967116167079452187e-06
-5.350175871569382607e-06,-1.819846744030018081e-06
-4.920925542390227531e-06,-1.676442292884631520e-06
-4.506466816958365135e-06,-1.537681170191930888e-06
-4.108541223339473717e-06,-1.404189574916133596e-06
-3.728493460941134451e-06,-1.276457208901212953e-06
-3.367314772756412857e-06,-1.154851947539161687e-06
-3.025609407158747757e-06,-1.039608652418117284e-06
-2.703944027417079660e-06,-9.309450139447824254e-07
-2.402403925697340007e-06,-8.289220863988365643e-07
-2.121008439450907309e-06,-7.335625014102778569e-07
-1.859527838973955667e-06,-6.448146545697553979e-07
-1.617599604254923484e-06,-5.625733770757855289e-07
-1.394676748352728343e-06,-4.866811563543872286e-07
-1.190168196163286237e-06,-4.169464680931557674e-07
-1.003377219865455542e-06,-3.531503959861848029e-07
-8.335415498801548924e-07,-2.950486248042347247e-07
-6.798494067473523156e-07,-2.423783721676714964e-07
-5.414262268136364164e-07,-1.948468161213747046e-07
-4.174646304793652676e-07,-1.522107337412882124e-07
-3.070508597846957485e-07,-1.141504212443561856e-07
-2.093012705962035184e-07,-8.037823848537086593e-08
-1.233406184811650958e-07,-5.060457301356113816e-08
-4.830780219236246737e-08,-2.454312997885366553e-08
1.663829685158202526e-08,-1.913471171483885558e-09
7.231386796210716632e-08,1.755717182651546130e-08
1.195061354788041123e-07,3.413244977118389806e-08
1.589701553632797321e-07,4.806574029360147673e-08
1.914263583242863368e-07,5.959925011782922810e-08
2.175587575514816996e-07,6.896334653830344510e-08
2.380137443361774249e-07,7.637609208077861852e-08
2.533994001783279374e-07,8.204295811373746197e-08
2.642852592300577487e-07,8.615669493369760986e-08
2.712024600528243857e-07,8.889733755890346385e-08
2.746442306364889533e-07,9.043232812785054167e-08
2.750666554191904413e-07,9.091673740387909171e-08
2.728896776387994760e-07,9.049356942838590835e-08
2.684982947246849748e-07,8.929413483730657555e-08
2.622439085926581397e-07,8.743847975490645001e-08
2.544457966290144507e-07,8.503585850258589644e-08
2.453926728379613903e-07,8.218523960697614483e-08
2.353443120791685298e-07,7.897583576021411058e-08
2.245332135400272002e-07,7.548764947621893441e-08
2.131662825736427751e-07,7.179202720082135128e-08
2.014265127934519171e-07,6.795221557212210208e-08
1.894746528551280966e-07,6.402391439251293411e-08
1.774508446833698849e-07,6.005582166755048177e-08
1.654762220238048322e-07,5.609016679220158096e-08
1.536544601275617143e-07,5.216322862459516868e-08
1.420732691177275484e-07,4.830583578457809744e-08
1.308058251528871050e-07,4.454384705231751862e-08
1.199121349034900540e-07,4.089861022419775861e-08
1.094403301019996135e-07,3.738739821280878632e-08
9.942789002831195055e-08,3.402382155826522110e-08
8.990279075753133031e-08,3.081821685281475555e-08
8.088458083816366307e-08,2.777801087304529816e-08
7.238538379483989770e-08,2.490806046720180054e-08
6.441082846995214820e-08,2.221096846232025985e-08
5.696090874273523946e-08,1.968737604021550996e-08
5.003077460036909866e-08,1.733623218557156311e-08
4.361145689251486343e-08,1.515504093646614863e-08
3.769052838580288576e-08,1.314008727011042603e-08
3.225270395570691603e-08,1.128664253696996127e-08
2.728038291701316436e-08,9.589150417114048247e-09
2.275413660704146132e-08,8.041394415791273945e-09
1.865314440432159324e-08,6.636647942964916983e-09
1.495558139463625381e-08,5.367808035682264287e-09
1.163896089217404089e-08,4.227513784595452247e-09
8.680434989980598145e-09,3.208250518183128598e-09
6.057056255994612447e-09,2.302440781877486085e-09
3.746003612261867733e-09,1.502523125636834837e-09
1.724775339245244051e-09,8.010196837828752112e-10
-2.864796216016033123e-11,1.905934963714970880e-10
-1.535667738616231055e-09,-3.359035172209965833e-10
-2.816956598310088529e-09,-7.853910632771126538e-10
-3.892369721161655503e-09,-1.164528631832676557e-09
-4.780876253456999725e-09,-1.479690527588773859e-09
-5.500508515145606292e-09,-1.736947039457812816e-09
-6.068326988345430640e-09,-1.942051060899293490e-09
-6.500399195076672448e-09,-2.100429519451235029e-09
-6.811790709558489211e-09,-2.217179019490581820e-09
-7.016566684656365511e-09,-2.297065147027569393e-09
-7.127802402459634864e-09,-2.344524928897531535e-09
-7.157601484788950733e-09,-2.363671980822184129e-09
-7.117120520149256642e-09,-2.358303919357315925e-09
-7.016598979084483066e-09,-2.331911651485770415e-09
-6.865393399218827438e-09,-2.287690192483629027e-09
-6.672014925014132710e-09,-2.228550697643942224e-09
-6.444169384613023547e-09,-2.157133426334211961e-09
-6.188799177544710433e-09,-2.075821387811204579e-09
-5.912126332306379232e-09,-1.986754447064573574e-09
-5.619696171923967967e-09,-1.891843695862549587e-09
-5.316421098980358105e-09,-1.792785919049331033e-09
-5.006624078955264479e-09,-1.691078009146213064e-09
-4.694081462714283865e-09,-1.588031203387445348e-09
-4.382064845451945882e-09,-1.484785036664039970e-09
-4.073381710806332577e-09,-1.382320921383703596e-09
-3.770414655350329772e-09,-1.281475281231128753e-09
-3.475159030522301942e-09,-1.182952180166908014e-09
-3.189258876538594258e-09,-1.087335400881376734e-09
-2.914041056236387529e-09,-9.950999384761082649e-10
-2.650547526299667988e-09,-9.066228852906552898e-10
-2.399565709359901518e-09,-8.221936918594053700e-10
-2.161656953053106289e-09,-7.420237967906132139e-10
-1.937183081812729703e-09,-6.662556252514668188e-10
-1.726331063911164646e-09,-5.949709615797853093e-10
-1.529135830545578749e-09,-5.281987065749422876e-10
-1.343588314020956213e-09,-4.653149960228214305e-10
-1.171987762382131843e-09,-4.069976288695665274e-10
-1.013940543588047118e-09,-3.531978110034610163e-10
-8.689785635707463103e-10,-3.037773322903662908e-10
-7.365812792583500371e-10,-2.585711304123815222e-10
-6.161863365503884780e-10,-2.173980290995059371e-10
-5.072004968147678813e-10,-1.800652899192177611e-10
-4.090094748795890296e-10,-1.463720969661449158e-10
-3.209865939398554711e-10,-1.161125637963735113e-10
-2.425003279911301146e-10,-8.907835395039027966e-11
-1.729208182578019818e-10,-6.506095131654058394e-11
-1.116254489525517146e-10,-4.385360971896456514e-11
-5.800356447300090180e-11,-2.525300934767401384e-11
-1.146040639392852861e-11,-9.060646376293690785e-12
2.857965526312607304e-11,4.916019162193609363e-12
6.273938574025947379e-11,1.684538363251214608e-11
9.151548987102882157e-11,2.697076057417560992e-11
1.154057919526405167e-10,3.542927770003922055e-11
1.348766075182870894e-10,4.237365652083143766e-11
1.503686580099851888e-10,4.795192620954108272e-11
1.622974214063140139e-10,5.230429822225269910e-11
1.710529430547000250e-10,5.556266495468101052e-11
1.769998168394934091e-10,5.785051182995094727e-11
1.804773927083932375e-10,5.928295245824248417e-11
1.818001867814695512e-10,5.996684027838140441e-11
1.812584630379099726e-10,6.000094130407034591e-11
1.788748538720934973e-10,5.941933635890754597e-11
1.751837745542453937e-10,5.835042252392193963e-11
1.704010324654875683e-10,5.689225564328134026e-11
1.647250165283183199e-10,5.511585421295586221e-11
1.583348604053922987e-10,5.308305056124429661e-11
1.513909286002211737e-10,5.084903825976118015e-11
1.440359334080441110e-10,4.846300600145717237e-11
1.363961169929836890e-10,4.596855821539993038e-11
1.285824242564368858e-10,4.340410798476302917e-11
1.206916510620778390e-10,4.080325996176471876e-11
1.128075600742533633e-10,3.819518305349613477e-11
1.050019584141722976e-10,3.560497109283159034e-11
9.733573265150915266e-11,3.305398990572539295e-11
8.985983757987241808e-11,3.056020949248252808e-11
8.261623626691902788e-11,2.813852038738192659e-11
7.563878958468650470e-11,2.580103350537870919e-11
6.895409421161202270e-11,2.355736307262290694e-11
6.258226866443520126e-11,2.141489241611338828e-11
5.653768751514538516e-11,1.937902260361248175e-11
5.082966433572550796e-11,1.745340406630125867e-11
4.546308440588197865e-11,1.564015149677055826e-11
4.043898841086350093e-11,1.394004239406071013e-11
3.575510875672617713e-11,1.235269976367481652e-11
3.140636024954898181e-11,1.087675952502159224e-11
2.738528711909938251e-11,9.510023264247370342e-12
2.368246841698746174e-11,8.249596983984032643e-12
2.028688400734989028e-11,7.092016582466985187e-12
1.718624334155184163e-11,6.033360771719080688e-12
1.436727926604920959e-11,5.069352177966758438e-12
1.181600912750887773e-11,4.195447380206498090e-12
9.517965406137993422e-12,3.406916608832649771e-12
7.458398068694175509e-12,2.698913855964868523e-12
5.622450807041840451e-12,2.066538099814901688e-12
3.995313223855521821e-12,1.504886344433059711e-12
2.562350979522363258e-12,1.009099140030765666e-12
1.309215850585939099e-12,5.743992499344055743e-13
2.219375067455728571e-13,1.961240575597792797e-13
-7.130012285769590803e-13,-1.302476823653435240e-13
-1.508603979469017870e-12,-4.090741913112629822e-13
-2.177313747501397040e-12,-6.445336021031006886e-13
-2.730977681803674046e-12,-8.406109717581432147e-13
-3.180822364098852400e-12,-1.001088920571723239e-12
-3.537438326739221315e-12,-1.129541476323212608e-12
-3.810772632676813080e-12,-1.229330704811881253e-12
-4.010128454890766676e-12,-1.303605789074265189e-12
-4.144170648749873289e-12,-1.355304188897025341e-12
-4.220936436668072741e-12,-1.387154602725133231e-12
-4.247850351151565992e-12,-1.401681427281691241e-12
-4.231742726990253764e-12,-1.401210473524376345e-12
-4.178871035333375008e-12,-1.387875700136346952e-12
-4.094943486654736031e-12,-1.363626763492789871e-12
-3.985144345573281366e-12,-1.330237198587600811e-12
-3.854160487070543504e-12,-1.289313055595015160e-12
-3.706208766926835883e-12,-1.242301864430520332e-12
-3.545063856585024553e-12,-1.190501787974874220e-12
-3.374086192404957309e-12,-1.135070844907107145e-12
-3.196249784820390528e-12,-1.077036130979797102e-12
-3.014169644851482131e-12,-1.017302925872245587e-12
-2.830128626277837124e-12,-9.566636373209416148e-13
-2.646103529273235056e-12,-8.958065187737274280e-13
-2.463790307292180041e-12,-8.353241023727063594e-13
-2.284628300846412116e-12,-7.757213281892039475e-13
-2.109823393726000585e-12,-7.174233183306835318e-13
-1.940370031476532336e-12,-6.607827894657717351e-13
-1.777072069313909988e-12,-6.060870789931482924e-13
