-1.200000011269875699e+01,5.605728138082293199e+00
-1.200000011584711146e+01,-3.258796564027860221e+00
-1.200000010291705088e+01,-4.642202592240303183e+00
-1.200000009135422196e+01,-4.791136573003309529e+00
-1.200000004499602468e+01,-4.724796880047642311e+00
-1.136015318655154260e+01,-4.422865249622331518e+00
-9.349922951103398105e+00,-3.763522331400784626e+00
-7.536940981674738360e+00,-3.106663061553718297e+00
-5.908244061069217068e+00,-2.506397089288850744e+00
-4.451113326850107299e+00,-1.966959727800067892e+00
-3.154886649860858761e+00,-1.485610140876238106e+00
-2.009169564181817247e+00,-1.058687783618633915e+00
-1.003656369434586804e+00,-6.824598287740971658e-01
-1.281815426141140746e-01,-3.532501238347834915e-01
6.272092254305923209e-01,-6.747067234321513229e-02
1.272196409156221231e+00,1.783603126676047423e-01
1.816135161672943088e+00,3.876031621273272054e-01
2.268014194682803630e+00,5.634837039433476802e-01
2.636423907414261247e+00,7.090825844917971743e-01
2.929532729680781600e+00,8.273270301209009192e-01
3.155070627429001462e+00,9.209851094077560196e-01
3.320318929883316006e+00,9.926622580575406030e-01
3.432105653056156669e+00,1.044799871507144040e+00
3.496805595386827115e+00,1.079675699204144301e+00
3.520344509675164435e+00,1.099405806960317644e+00
3.508206819019599187e+00,1.105947780691595161e+00
3.465446249493234543e+00,1.101105039344909331e+00
3.396698930665494665e+00,1.086531973898002823e+00
3.306198498298316135e+00,1.063739755061590353e+00
3.197792794497506197e+00,1.034102643989086134e+00
3.074961796420362159e+00,9.988646685421771476e-01
2.940836454256648302e+00,9.591465401890815201e-01
2.798218122855901768e+00,9.159527266870807205e-01
2.649598353042179166e+00,8.701785688135693642e-01
2.497178809684871492e+00,8.226173882937775073e-01
2.342891090965670831e+00,7.739675264819074751e-01
2.188416313560573201e+00,7.248392457111064724e-01
2.035204297551553410e+00,6.757614655474386556e-01
1.884492233124618332e+00,6.271882934622899919e-01
1.737322726703733222e+00,5.795053221989877601e-01
1.594561150110061831e+00,5.330356686499729824e-01
1.456912213269548451e+00,4.880457383407274530e-01
1.324935753234910640e+00,4.447507170454910730e-01
1.199061637497911947e+00,4.033197396457939843e-01
1.079603824909461496e+00,3.638807779995146818e-01
9.667735430145543152e-01,3.265252193383201273e-01
8.606915870654351375e-01,2.913121419906108400e-01
7.613997489601246338e-01,2.582722931691606716e-01
6.688713914118572523e-01,2.274117716974812520e-01
5.830211871464742179e-01,1.987154235877842956e-01
5.037140524114896989e-01,1.721499609055605062e-01
4.307732720011818173e-01,1.476668031939475101e-01
3.639879495038859103e-01,1.252046876829694400e-01
3.031196647011615286e-01,1.046920070459568530e-01
2.479085007690629006e-01,8.604892674734934688e-02
1.980784253450006416e-01,6.918928199608512242e-02
1.533420698192691500e-01,5.402226652906562399e-02
1.134049654227943515e-01,4.045393309746540128e-02
7.796923872111007070e-02,2.838850747443907169e-02
4.673682353854208965e-02,1.772953560835448597e-02
1.941225863103196100e-02,8.380883120006055870e-03
-4.294964881841482722e-03,2.475859711968207005e-04
-2.466841132875626300e-02,-6.763427222250815649e-03
-4.198303719095501652e-02,-1.274273152301898769e-02
-5.650384850679437965e-02,-1.777790808115999738e-02
-6.848484510800682823e-02,-2.195314416482883196e-02
-7.816819908537414596e-02,-2.534892402958408356e-02
-8.578366085468634716e-02,-2.804179387327538492e-02
-9.154815633936150276e-02,-3.010419838458005745e-02
-9.566559631486061532e-02,-3.160437112922725306e-02
-9.832676366472301033e-02,-3.260629933481024034e-02
-9.970939145188625896e-02,-3.316970837525025362e-02
-9.997833326118726882e-02,-3.335010205783315446e-02
-9.928582952989470356e-02,-3.319883422379072552e-02
-9.777185352630847481e-02,-3.276320862584153337e-02
-9.556452258544760603e-02,-3.208660252849359490e-02
-9.278056169151173427e-02,-3.120860961548855422e-02
-8.952580784479183262e-02,-3.016519818323105950e-02
-8.589574489789336686e-02,-2.898888101319052960e-02
-8.197605970669445685e-02,-2.770889371227867187e-02
-7.784320556246557277e-02,-2.635137622108699521e-02
-7.356499408909988880e-02,-2.493956825704995300e-02
-6.920115649839196637e-02,-2.349398696895439037e-02
-6.480391703267034120e-02,-2.203261967350763489e-02
-6.041855360654738855e-02,-2.057110757820248409e-02
-5.608394445048642957e-02,-1.912292637857838581e-02
-5.183309773401001408e-02,-1.769956200720970360e-02
-4.769366266231796908e-02,-1.631068001214395352e-02
-4.368841792891189207e-02,-1.496428908186070265e-02
-3.983573791449002144e-02,-1.366689659025223207e-02
-3.615003472046673938e-02,-1.242365660960048288e-02
-3.264217542660331761e-02,-1.123850991181297131e-02
-2.931987413139399215e-02,-1.011431577841517306e-02
-2.618805867183611469e-02,-9.052975555317593556e-03
-2.324921216537910798e-02,-8.055547808059629333e-03
-2.050368962555829469e-02,-7.122355464035058994e-03
-1.795001032671378338e-02,-6.253084803118245417e-03
-1.558512040002501403e-02,-5.446875601244612584e-03
-1.340465714068190400e-02,-4.702407050722733767e-03
-1.140315425686651285e-02,-4.017972839127758461e-03
-9.574250914408373100e-03,-3.391549653994244389e-03
-7.910875367310219938e-03,-2.820860119189665637e-03
-6.405408363974849847e-03,-2.303429184451902170e-03
-5.049829822919410169e-03,-1.836634253745097166e-03
-3.835848618126514592e-03,-1.417749849685835195e-03
-2.755016677899656437e-03,-1.043986968231741964e-03
-1.798828661157676496e-03,-7.125275377842634275e-04
-9.588085067880628082e-04,-4.205544098817618989e-04
-2.265839444094372998e-04,-1.652773024429388539e-04
4.060505891016277531e-04,5.604528025253105087e-05
9.470811502312397826e-04,2.460874177710465748e-04
1.404225133393511345e-03,4.074400827182552212e-04
1.784916404330473072e-03,5.425986047439688075e-04
2.096254669424013704e-03,6.539557122059914572e-04
2.344994782589986289e-03,7.437902693334232183e-04
2.537531935565305770e-03,8.142631350289785243e-04
2.679892282106244739e-03,8.674137631925419711e-04
2.777729393168640055e-03,9.051580863141356174e-04
2.836322466931774991e-03,9.292884186463202037e-04
2.860580106613095676e-03,9.414736706778304006e-04
2.855046364451724415e-03,9.432611919675592876e-04
2.823909410044487395e-03,9.360793749675368723e-04
2.771012300835675162e-03,9.212409901058483648e-04
2.699865428351516227e-03,8.999471316795388089e-04
2.613660294082082326e-03,8.732916472675339480e-04
2.515284311924414692e-03,8.422659391508278796e-04
2.407335622102916087e-03,8.077637867060387172e-04
2.292141114084454267e-03,7.705874585478043144e-04
2.171771320007834759e-03,7.314520906732837171e-04
2.048056902011625470e-03,6.909916512924200180e-04
1.922605196684296427e-03,6.497642760804942354e-04
1.796816396239277408e-03,6.082576404176453068e-04
1.671899355845893245e-03,5.668942490500972469e-04
1.548886723771311516e-03,5.260365161653968993e-04
1.428650321099994959e-03,4.859918696833048259e-04
1.311915381586165530e-03,4.470175257392215457e-04
1.199274066318209995e-03,4.093250791992761946e-04
1.091198306846687203e-03,3.730848439794073380e-04
9.880517589543659236e-04,3.384299066629721932e-04
8.901062519634795863e-04,3.054613341818748621e-04
7.975382127540393004e-04,2.742479883362988475e-04
7.104590861471040807e-04,2.448352277337891253e-04
6.289099032287771233e-04,2.172447299400718829e-04
5.528770726777934835e-04,1.914784248461079723e-04
4.822969467447016834e-04,1.675211856223402093e-04
4.170640011112131487e-04,1.453431425153637214e-04
3.570384266242188683e-04,1.249021441332862298e-04
3.020517165149744264e-04,1.061458863904798759e-04
2.519119849022330199e-04,8.901374655500802222e-05
2.064094464106133720e-04,7.343851401630164708e-05
1.653237567996063162e-04,5.934906014202854109e-05
1.284178629633104033e-04,4.666820320201767950e-05
9.545265792465932654e-05,3.531750201389348914e-05
6.618558967633345546e-05,2.521724318337989617e-05
4.037353089266862709e-05,1.628714617175499622e-05
1.777501053949238986e-05,8.447213326355582362e-06
-1.847545851858679314e-06,1.618456214957393326e-06
-1.872640079514852765e-05,-4.276523727806176143e-06
-3.308679088627065320e-05,-9.312986479452747794e-06
-4.514606367235171093e-05,-1.356365879083395143e-05
-5.511259258619906104e-05,-1.709848296618798891e-05
-6.318509903012332050e-05,-1.998427385013066589e-05
-6.955217593102123053e-05,-2.228454482877108314e-05
-7.439195625998684430e-05,-2.405938894756062254e-05
-7.787192502157587123e-05,-2.536540169305965268e-05
-8.014886789219529122e-05,-2.625564617758022935e-05
-8.136899425017466055e-05,-2.677967987462938874e-05
-8.166778699265809670e-05,-2.698352655094285105e-05
-8.117053544351942153e-05,-2.690979714221300957e-05
-7.999241858230914321e-05,-2.659772793407846257e-05
-7.823890413003192908e-05,-2.608330659131640882e-05
-7.600612455667534817e-05,-2.539939137285276134e-05
-7.338128537007580353e-05,-2.457584259380040385e-05
-7.044310279832917822e-05,-2.363966243636415017e-05
-6.726225317470470549e-05,-2.261514406450941268e-05
-6.390183802904781849e-05,-2.152402253949994913e-05
-6.041785337272818272e-05,-2.038562954784763501e-05
-5.685965941665540674e-05,-1.921704867437080069e-05
-5.327044629647433521e-05,-1.803326983597426889e-05
-4.968772009416593010e-05,-1.684734986698670347e-05
-4.614370278399572076e-05,-1.567055089069927979e-05
-4.266575890408819122e-05,-1.451247869186120239e-05
-3.927684589486122457e-05,-1.338122978826039820e-05
-3.599590812003953801e-05,-1.228352900400207436e-05
-3.283826146816630465e-05,-1.122485695524183438e-05
-2.981595782137168044e-05,-1.020957263053444610e-05
-2.693812661672972020e-05,-9.241029783522168977e-06
-2.421150887829370994e-05,-8.321748906657515721e-06
-2.163990711688905773e-05,-7.453273087589139960e-06
-1.922582754202909047e-05,-6.636639937911540056e-06
-1.696968158651774152e-05,-5.872196114561075854e-06
-1.487037336029533402e-05,-5.159752031044207793e-06
-1.291918229649808847e-05,-4.496601961286071068e-06
-1.112084652289077996e-05,-3.884224082861855938e-06
-9.470757447014875098e-06,-3.321381625771660380e-06
-7.963558083296223478e-06,-2.806410470952779087e-06
-6.594029286775018659e-06,-2.337675932260944189e-06
-5.355786878258580181e-06,-1.913132365627978298e-06
-4.241299929516593968e-06,-1.530268816861806628e-06
-3.244536269007577325e-06,-1.187243009057114894e-06
-2.357659416401917612e-06,-8.813582583775798977e-07
-1.573441918185750787e-06,-6.102493380027707862e-07
-8.847300313478683467e-07,-3.715469020818708697e-07
-2.844858688331274404e-07,-1.629097477081149677e-07
2.341620948484892346e-07,1.795464624909304761e-08
6.778758112486825510e-07,1.732741480246870411e-07
1.053073946843382513e-06,3.051997118559146341e-07
1.365906369235179377e-06,4.157961361705782114e-07
1.622235186894296810e-06,5.070351425603693363e-07
1.827621195745014390e-06,5.807903217035024213e-07
1.987314965521598214e-06,6.388336708555489988e-07
2.106251980255122022e-06,6.828335263359547731e-07
2.189051325656992072e-06,7.143537233141325908e-07
2.240017457310909217e-06,7.348538275567963186e-07
2.263144615214163532e-06,7.456902928111375465e-07
2.262123481090224531e-06,7.481184068452220368e-07
2.240349706691645666e-06,7.432948993110214627e-07
2.200933973599721629e-06,7.322810952024812060e-07
2.146713277027142230e-06,7.160465083537703462e-07
2.080263157191987943e-06,6.954727798670069262e-07
2.003904408390720092e-06,6.713556684661986291e-07
1.919756338568148657e-06,6.444226590315257788e-07
1.829692803554202088e-06,6.153188972573703284e-07
1.735375816107758349e-06,5.846181787693468554e-07
1.638273410968321448e-06,5.528282449208066488e-07
1.539673279434333725e-06,5.203955851543158505e-07
1.440696184444422469e-06,4.877099414517578909e-07
1.342316603429411642e-06,4.551104697496412156e-07
1.245345011940393632e-06,4.228829287148864032e-07
1.150485770149790453e-06,3.912740549457866368e-07
1.058318373895366491e-06,3.604889762705550406e-07
9.693160672951957737e-07,3.306963553560974447e-07
8.838564362727745366e-07,3.020320057153918305e-07
8.022313484081898597e-07,2.746022549845976171e-07
7.246562902156274507e-07,2.484871030101635450e-07
6.512790992535613310e-07,2.237431790700627616e-07
5.821880951904751829e-07,2.004064996960515329e-07
5.174196190872139315e-07,1.784950296932841429e-07
4.569649943433941389e-07,1.580110503437216759e-07
4.007769262108545443e-07,1.389433399927963203e-07
3.487753595894217762e-07,1.212691732204884642e-07
3.008528170550660341e-07,1.049561456024768537e-07
2.568792407892726098e-07,8.996383169418707598e-08
2.167063633370242999e-07,7.624528433909335161e-08
1.801716329727348026e-07,6.374838373066414220e-08
1.471017199475693018e-07,5.241704486141901398e-08
1.173224483982969482e-07,4.219428048127474082e-08
9.063305168525725253e-08,3.301514814256289347e-08
6.685327949329744607e-08,2.481939227480576905e-08
4.579427970106553880e-08,1.754488379213091035e-08
2.726858038043600667e-08,1.112950866962936232e-08
1.109164051050644171e-08,5.511912756096691167e-09
-2.916864275213728906e-09,6.319841379992430998e-10
-1.493196935478190163e-08,-3.568763323133875797e-09
-2.512254732267041562e-08,-7.146877760358280031e-09
-3.365061366040797173e-08,-1.015671910312786704e-08
-4.067079318334097384e-08,-1.265026424688094161e-08
-4.632992963284248757e-08,-1.467696158400534848e-08
-5.076682192642744289e-08,-1.628362930612935677e-08
-5.411207172180244255e-08,-1.751439227182589897e-08
-5.648802807676224005e-08,-1.841065260891394014e-08
-5.800881608603753151e-08,-1.901108958721315034e-08
-5.878043744229648242e-08,-1.935168465397936714e-08
-5.890093189626276717e-08,-1.946576786854880726e-08
-5.846058957616269098e-08,-1.938408230338045042e-08
-5.754220506641007887e-08,-1.913486329468941780e-08
-5.622136503725406232e-08,-1.874392972626497105e-08
-5.456676205950843711e-08,-1.823478481428854094e-08
-5.264052803072125280e-08,-1.762872412871822025e-08
-5.049858138073606533e-08,-1.694494883783583092e-08
-4.819098291612513236e-08,-1.620068239696331272e-08
-4.576229580473344651e-08,-1.541128912028253082e-08
-4.325194579491286078e-08,-1.459039327644698986e-08
-4.069457831002706785e-08,-1.374999753463955952e-08
-3.812040955929963485e-08,-1.290059975844531700e-08
-3.555556926263498208e-08,-1.205130730094116795e-08
-3.302243300170106571e-08,-1.120994809626022459e-08
-3.053994258444618453e-08,-1.038317797148045185e-08
-2.812391314721318767e-08,-9.576583718400298515e-09
-2.578732602029445207e-08,-8.794781568598778237e-09
-2.354060665090406210e-08,-8.041510807666423782e-09
-2.139188711469336406e-08,-7.319722346470774726e-09
-1.934725295502537189e-08,-6.631662139432069630e-09
-1.741097427058626105e-08,-5.978949402851019152e-09
-1.558572112853967352e-08,-5.362649640909749713e-09
-1.387276351426676314e-08,-4.783342533871887739e-09
-1.227215614198647767e-08,-4.241184782775116740e-09
-1.078290854478939689e-08,-3.735968038276673656e-09
-9.403140939772708456e-09,-3.267172068747551687e-09
-8.130226425845895216e-09,-2.834013344961994907e-09
-6.960920119576400090e-09,-2.435489236080929264e-09
-5.891475870194802290e-09,-2.070418024906586661e-09
-4.917751219557574547e-09,-1.737474959740879022e-09
-4.035301287909631534e-09,-1.435224566287846285e-09
-3.239462273022298216e-09,-1.162149446222766787e-09
-2.525425249703529959e-09,-9.166757896801627006e-10
-1.888300949710591503e-09,-6.971958273220085219e-10
-1.323176190051001434e-09,-5.020874443044809629e-10
-8.251626009243697579e-10,-3.297311733752380580e-10
-3.894382842775471352e-10,-1.785247781231205607e-10
-1.128301064783449606e-11,-4.689562995990944940e-11
3.138924636474183629e-10,6.668892572443257734e-11
5.905224043606104850e-10,1.637130277089876880e-10
8.228669062243169922e-10,2.456054041683751488e-10
1.014997002521305635e-09,3.137339574540408229e-10
1.170783610785396325e-09,3.694016707286958489e-10
1.293889878252923873e-09,4.138436887017029993e-10
1.387766520487469388e-09,4.482254346203116856e-10
1.455649776044828545e-09,4.736416354216362654e-10
1.500561628860820570e-09,4.911161365766308605e-10
1.525311977941467067e-09,5.016023974737988307e-10
1.532502460998545790e-09,5.059845672483309938e-10
1.524531664521994431e-09,5.050790496281651344e-10
1.503601477557357814e-09,4.996364737084587582e-10
1.471724369977708918e-09,4.903439954703994123e-10
1.430731398252495045e-09,4.778278623641033597e-10
1.382280762649380694e-09,4.626561803406198190e-10
1.327866759476253149e-09,4.453418293729383854e-10
1.268828990184670036e-09,4.263454796792839898e-10
1.206361706289980519e-09,4.060786666807819490e-10
1.141523184707282521e-09,3.849068880383543798e-10
1.075245042690016596e-09,3.631526910761031659e-10
1.008341414787117884e-09,3.410987234267192747e-10
9.415179264937775838e-10,3.189907238924448388e-10
8.753804102358977420e-10,2.970404343007352323e-10
8.104433193645707607e-10,2.754284165351899041e-10
7.460938803094392420e-10,2.540111931650984203e-10
6.840045501984043554e-10,2.332314317545737850e-10
6.244216631507650252e-10,2.132431794591354249e-10
5.675371742762177039e-10,1.941246632650435392e-10
5.134926387470175440e-10,1.759294815355173597e-10
4.623835092699207050e-10,1.586944973698885465e-10
4.142646184898617770e-10,1.424424137267388286e-10
3.691554207763783465e-10,1.271836332667971973e-10
3.270448340580814442e-10,1.129179152420525000e-10
2.878956779049509589e-10,9.963588963540206039e-11
2.516487224600340456e-10,8.732043992935250465e-11
2.182263659440101749e-10,7.594796096247783292e-11
1.875359595222911247e-10,6.548949804923738883e-11
1.594727988974029144e-10,5.591177372683540987e-11
1.339228023775126849e-10,4.717810860546950481e-11
1.107648951931357152e-10,3.924924286268495132e-11
8.987311979331734367e-11,3.208406490000445065e-11
7.111849154773374394e-11,2.564025364012956476e-11
5.437061887514180147e-11,1.987484077574902356e-11
3.949910631638594750e-11,1.474469915890871165e-11
2.637475840674570846e-11,1.020696331910551930e-11
1.487060152564482297e-11,6.219387846948467095e-12
4.862740151075191033e-12,2.740649176067485030e-12
-3.768936865923951072e-12,-2.694039880413519696e-13
-1.114018527129035275e-11,-2.849546626656369986e-12
-1.736195561161111159e-11,-5.037015025371960901e-12
-2.256818992514666678e-11,-6.868738258585736387e-12
-2.683344355478906398e-11,-8.385497258235755704e-12
-3.025190637511613973e-11,-9.612659077629832369e-12
-3.291110661613675406e-11,-1.057887623902027567e-11
-3.484668098698223024e-11,-1.130328788441153457e-11
-3.618729573039151341e-11,-1.181499137913007313e-11
-3.700383247643021918e-11,-1.214433348801931979e-11
-3.736297306323088600e-11,-1.231476500489084268e-11
-3.732632862412424006e-11,-1.234734354725142201e-11
-3.695043419109545009e-11,-1.226135020574106054e-11
-3.628692997494762987e-11,-1.207441605575506862e-11
-3.538277790344279277e-11,-1.180259944135856561e-11
-3.428049233236313772e-11,-1.146046172785271733e-11
-3.301837922487555785e-11,-1.106114555945575748e-11
-3.163078022056284686e-11,-1.061645503608274612e-11
-3.014831863571412326e-11,-1.013693684884253443e-11
-2.859814485351372463e-11,-9.631961503001225876e-12
-2.700417890618751043e-11,-9.109803856595478992e-12
-2.538734843548757334e-11,-8.577722335034402455e-12
-2.376582046457962866e-11,-8.042036279433554597e-12
-2.215522575126998020e-11,-7.508200974341783562e-12
-2.056887467499124074e-11,-6.980879999817702436e-12
-1.901796388561948132e-11,-6.464014609730301916e-12
-1.751177312544451062e-11,-5.960889933574544956e-12
-1.605785177570481170e-11,-5.474197821834167948e-12
-1.466219489354061582e-11,-5.006096250613120266e-12
-1.332940859803543337e-11,-4.558265215485338236e-12
-1.206286478750169767e-11,-4.131959099283012508e-12
-1.086484526006765298e-11,-3.728055527816114597e-12
-9.736675471346111681e-12,-3.347100776023187065e-12
-8.678848073397233378e-12,-2.989351769273229695e-12
-7.691136637944285209e-12,-2.654814803523024851e-12
-6.772699842028163900e-12,-2.343281074259217657e-12
-5.922176550260940892e-12,-2.054359145832322031e-12
-5.137772184293194318e-12,-1.787504499010695804e-12
-4.417336828718627624e-12,-1.542046289222345490e-12
-3.758435526411458638e-12,-1.317211478907730099e-12
-3.158411225404226332e-12,-1.112146478493906143e-12
-2.614440831300730032e-12,-9.259364650076852366e-13
-2.123584843461613147e-12,-7.576225157719624845e-13
-1.682831002195491615e-12,-6.062167237440259453e-13
-1.289132421934763260e-12,-4.707154247282574586e-13
-9.394406238557115823e-13,-3.501107002635507390e-13
-6.307338961742199028e-13,-2.434002828053811319e-13
-3.600413764119144914e-13,-1.495960021446040241e-13
-1.244632467936314973e-13,-6.773090010877837253e-14
7.881259580712860186e-14,3.134853091609457571e-15
2.524970388408279063e-13,6.390914208702167518e-14
3.991891131953176337e-13,1.154640624317983600e-13
5.213678926171281124e-13,1.586329548808650457e-13
6.213866488672204037e-13,1.942082196778898209e-13
7.014689964319850713e-13,2.229398137255946739e-13
7.637067862632922299e-13,2.455343600763842907e-13
8.100595098470822377e-13,2.626547786436122833e-13
8.423550133202712573e-13,2.749203759691551466e-13
8.622913173121550250e-13,2.829073195845638157e-13
8.714393882602034393e-13,2.871494498754989971e-13
8.712466775159907472e-13,2.881393622914580010e-13
8.630413058733554177e-13,2.863297182790377126e-13
8.480367501759862411e-13,2.821347390324291168e-13
8.273369226505793925e-13,2.759318413926076231e-13
8.019415450630378443e-13,2.680633791144670995e-13
7.727517134912329777e-13,2.588384655472299354e-13
7.405755884426113226e-13,2.485348371219700972e-13
7.061341364858349743e-13,2.374007488932345184e-13
6.700668536258747158e-13,2.256568700791559090e-13
6.329374337361581340e-13,2.134981603931581042e-13
5.952393340159283032e-13,2.010957269195669237e-13
5.574011874294640784e-13,1.885986284936196203e-13
5.197920571404652054e-13,1.761356324135051078e-13
4.827264895913674432e-13,1.638169068666150416e-13
4.464693472725553430e-13,1.517356443862913461e-13
4.112404278994112441e-13,1.399696157616459191e-13
3.772188255070320901e-13,1.285826376589845542e-13
3.445470671405747712e-13,1.176259677784541511e-13
3.133349835011688428e-13,1.071396146857783098e-13
2.836633368156860940e-13,9.715356530898182507e-14
2.555872098657305823e-13,8.768893325611986082e-14
2.291391412105713538e-13,7.875902021082351553e-14
2.043320188105009643e-13,7.037030612615297240e-14
1.811617630950511499e-13,6.252335544675056361e-14
1.596097677514431360e-13,5.521365448856153003e-14
1.396451340638972495e-13,4.843237127802345291e-14
1.212267005466407153e-13,4.216705233546792695e-14
1.043048878399389720e-13,3.640225103012064684e-14
8.882333661063270198e-14,3.112009529523745366e-14
7.472040552064097044e-14,2.630079541394960504e-14
6.193048398169300808e-14,2.192310310863704502e-14
5.038515586409650895e-14,1.796470985069461650e-14
4.001424055281195451e-14,1.440260563732766579e-14
3.074668190351686434e-14,1.121339219684887477e-14
2.251133154314096982e-14,8.373551807423178976e-15
1.523761846339420930e-14,5.859680197920093830e-15
8.856118425034636036e-15,3.648692092118350425e-15
3.299032024497981459e-15,1.717981473828915173e-15
-1.499422581230514490e-15,4.556769390535969897e-17
-5.602684325419774747e-15,-1.389792668168375380e-15
-9.071602107876517141e-15,-2.608513501677883894e-15
-1.196423739721010920e-14,-3.630110617504203466e-15
-1.433572583644568769e-14,-4.473146803271031767e-15
-1.623818273781654130e-14,-5.155197476300632339e-15
-1.772065212692152094e-14,-5.692827322638250972e-15
-1.882908968204707838e-14,-6.101581959741474978e-15
-1.960637642810577019e-14,-6.395989455730313349e-15
-2.009236185790985014e-14,-6.589568833394745878e-15
-2.032392314389746132e-14,-6.694851162514361707e-15
-2.033505134932931156e-14,-6.723402734175429584e-15
-2.015694412982986061e-14,-6.685855043556040052e-15
-1.981811558048844322e-14,-6.591941063837533967e-15
-1.934451304745557598e-14,-6.450530518202539628e-15
-1.875964567957178208e-14,-6.269672911386235532e-15
-1.808470882700948805e-14,-6.056638084623695295e-15
-1.733871951095702430e-14,-5.817961518483567258e-15
-1.653865251608757589e-14,-5.559486492902388659e-15
-1.569956918777690061e-14,-5.286409600872790894e-15
-1.483475240831793346e-14,-5.003323994005814662e-15
-1.395583897450357790e-14,-4.714264033375936825e-15
-1.307293732473502820e-14,-4.422744489813180913e-15
-1.219476499462056823e-14,-4.131805353074324689e-15
-1.132875177057015534e-14,-3.844048925648087899e-15
-1.048116474428224468e-14,-3.561678776889103499e-15
-9.657209435215276883e-15,-3.286536399716048937e-15
-8.861132387774428584e-15,-3.020133321467508696e-15
-8.096320992366061678e-15,-2.763688016536010505e-15
-7.365396129078798251e-15,-2.518152958823723948e-15
-6.670288821946053569e-15,-2.284244532263733980e-15
-6.012327450993359767e-15,-2.062470228084545264e-15
-5.392309977090345969e-15,-1.853153379771808898e-15
-4.810572557888466194e-15,-1.656458263097650308e-15
-4.267044948988401761e-15,-1.472406086489816587e-15
-3.761318197584640120e-15,-1.300900698271233779e-15
-3.292692096622476141e-15,-1.141743462041706976e-15
-2.860222100625258428e-15,-9.946491011627694027e-16
-2.462766891316986074e-15,-8.592630278096368104e-16
-2.099020835227328596e-15,-7.351711752205098532e-16
-1.767554500375162008e-15,-6.219156519843968148e-16
-1.466844444818066564e-15,-5.190029238109677251e-16
-1.195296491539261053e-15,-4.259135218806724616e-16
-9.512764097784417128e-16,-3.421119559798548733e-16
-7.331270350612460607e-16,-2.670523892406118595e-16
-5.391889170147580384e-16,-2.001869145610111022e-16
-3.678128996949329685e-16,-1.409684430792849783e-16
-2.173776559980912447e-16,-8.885788735294460678e-17
-8.629665047166490631e-17,-4.332649752646573662e-17
2.696774098523173365e-17,-3.860777611849990543e-18
1.238997506978164688e-16,3.003684154315347493e-17
2.059255558689076932e-16,5.884383242488118707e-17
2.744022073696059553e-16,8.301725343771610356e-17
