-4.062264201886752524e+00,1.857662385537267147e+00
-2.376557645277967978e+00,-1.103548740260883232e+00
-1.663636552246840594e+00,-1.318171224688984067e+00
-1.155303078952591322e+00,-1.137073747151067238e+00
-7.230985790242423494e-01,-9.237743561871323283e-01
-3.456918270865095288e-01,-7.276692471857449940e-01
-1.697230332720791462e-02,-5.538756200476947500e-01
2.669905636197577592e-01,-4.014254845871337851e-01
5.097521580568750155e-01,-2.686035957140459063e-01
7.147265883264174446e-01,-1.536863166943250314e-01
8.852044199392212764e-01,-5.503984663536158617e-02
1.024343267219732567e+00,2.886975101360939738e-02
1.135157221579131015e+00,9.947841600978980792e-02
1.220508625319514762e+00,1.581270982998148611e-01
1.283102264509207835e+00,2.060650000080986588e-01
1.325481871559945235e+00,2.444527056629578199e-01
1.350028568881505242e+00,2.743654953261130958e-01
1.358961097299951071e+00,2.967966320755579535e-01
1.354337523109014452e+00,3.126607983132205781e-01
1.338058220837469614e+00,3.227976197670829328e-01
1.311869926371056039e+00,3.279752622845481524e-01
1.277370671300587457e+00,3.288940832707890061e-01
1.236015435234335103e+00,3.261903025134010314e-01
1.189122348842293286e+00,3.204396917712222792e-01
1.137879328650656108e+00,3.121612276438647249e-01
1.083351012304048622e+00,3.018207003249995801e-01
1.026485880483830382e+00,2.898342714753446847e-01
9.681234900332862381e-01,2.765719289020005522e-01
9.090017110451117377e-01,2.623608596841103258e-01
8.497639276616653081e-01,2.474887099735917639e-01
7.909661063981593410e-01,2.322067147135921661e-01
7.330837123783771059e-01,2.167327015900820109e-01
6.765184155929518939e-01,2.012539563569190337e-01
6.216045566463923588e-01,1.859299545430014022e-01
5.686153369201258911e-01,1.708949407535545195e-01
5.177687334888313453e-01,1.562603689152619324e-01
4.692331023487074093e-01,1.421171878066912753e-01
4.231324668128139121e-01,1.285379891057894519e-01
3.795514868353697668e-01,1.155790101554635824e-01
3.385401065559719425e-01,1.032819964232589427e-01
3.001178818333275489e-01,9.167592703752346084e-02
2.642779884782212041e-01,8.077860836790212717e-02
2.309909221195047546e-01,7.059815012515974209e-02
2.002079000118432150e-01,6.113429316314086814e-02
1.718639630085532499e-01,5.237964912098268255e-02
1.458808072067514783e-01,4.432081138232307066e-02
1.221693400665426060e-01,3.693936613440576555e-02
1.006319900246605142e-01,3.021280994816207335e-02
8.116476890074018902e-02,2.411535841550106057e-02
6.365911157721781954e-02,1.861868130317671441e-02
4.800350391792519711e-02,1.369255014788678740e-02
3.408491329928410585e-02,9.305409198090580994e-03
2.179003364206390236e-02,5.424880371010123645e-03
1.100636308815556262e-02,2.018198043113994707e-03
1.623124148179168032e-03,-9.474123215962912794e-04
-6.467958799276338037e-03,-3.504411068540345953e-03
-1.337201228221570649e-02,-5.684671031333825807e-03
-1.919048501904792661e-02,-7.519250213254926631e-03
-2.402072661888594168e-02,-9.038204022585960215e-03
-2.795566073374943644e-02,-1.027043374484569796e-02
-3.108354555019772134e-02,-1.124357004622351594e-02
-3.348780922885734312e-02,-1.198388371008983315e-02
-3.524695342093074613e-02,-1.251622353299723309e-02
-3.643451461174470468e-02,-1.286397594989130769e-02
-3.711907664401670193e-02,-1.304904516003233504e-02
-3.736432706172920087e-02,-1.309185032415292882e-02
-3.722915065214443125e-02,-1.301133752162499449e-02
-3.676775417843147764e-02,-1.282500425027381305e-02
-3.602981682623915966e-02,-1.254893442802948629e-02
-3.506066141974910344e-02,-1.219784206865376537e-02
-3.390144195742914035e-02,-1.178512197061995850e-02
-3.258934348450588658e-02,-1.132290593239048369e-02
-3.115779072159608615e-02,-1.082212317102498704e-02
-2.963666245863248033e-02,-1.029256374712873498e-02
-2.805250874463615512e-02,-9.742943998089247104e-03
-2.642876863998833842e-02,-9.180973048551440904e-03
-2.478598629489072239e-02,-8.613419593296268648e-03
-2.314202378946445329e-02,-8.046178284510360768e-03
-2.151226910943584980e-02,-7.484335159590494412e-03
-1.990983977428823284e-02,-6.932232105817053881e-03
-1.834577240224817551e-02,-6.393527466586815602e-03
-1.682921310486723207e-02,-5.871256984182044933e-03
-1.536759944090619612e-02,-5.367892104520535432e-03
-1.396682444999358674e-02,-4.885393515304546457e-03
-1.263139849394496160e-02,-4.425263484654133259e-03
-1.136459979530068942e-02,-3.988594961723873969e-03
-1.016861440318029240e-02,-3.576117495596103403e-03
-9.044671498819474229e-03,-3.188240996043464458e-03
-7.993160971321730535e-03,-2.825095385415035947e-03
-7.013748923985318150e-03,-2.486567986931912787e-03
-6.105480402529010059e-03,-2.172337744203810435e-03
-5.266868444671613837e-03,-1.881905643931391188e-03
-4.496000013642594863e-03,-1.614626329219310099e-03
-3.790595440273891031e-03,-1.369732861725980961e-03
-3.148086308443268783e-03,-1.146359825526655288e-03
-2.565679193671428684e-03,-9.435651145498932758e-04
-2.040412779386671649e-03,-7.603491094773165426e-04
-1.569208699639758342e-03,-5.956717527200685496e-04
-1.148916048146934833e-03,-4.484675602898924177e-04
-7.763505756723789938e-04,-3.176588143496803678e-04
-4.483286849870019692e-04,-2.021670677684961955e-04
-1.616971870117207323e-04,-1.009231491380108153e-04
8.664178477462245603e-05,-1.287571107556687158e-05
2.997100030762753068e-04,6.300175148147320184e-05
4.804335798755087752e-04,1.277046714617129412e-04
6.316354609187983197e-04,1.821926594476041552e-04
7.560171700831276988e-04,2.273864931035715598e-04
8.561531887616654918e-04,2.641640800995871739e-04
9.344847858203521145e-04,2.933586550718580510e-04
9.933156575938656852e-04,3.157573974577199539e-04
1.034809465163181877e-03,3.321005690217242656e-04
1.060989668160605649e-03,3.430811196161390056e-04
1.073740268848088000e-03,3.493449790355321913e-04
1.074807862044909954e-03,3.514915661716653227e-04
1.065803981247905128e-03,3.500752031312817994e-04
1.048210117539459443e-03,3.456054804241808203e-04
1.023381277618542161e-03,3.385494111584976570e-04
9.925511777564800450e-04,3.293328870092464863e-04
9.568376812398157391e-04,3.183424524183802611e-04
9.172484511053614637e-04,3.059271833745272600e-04
8.746871114936728784e-04,2.924007648990229239e-04
8.299593246101193969e-04,2.780434402583736560e-04
7.837789126418962492e-04,2.631041158570441804e-04
7.367740170006799880e-04,2.478024165643231665e-04
6.894931859570978174e-04,2.323307333232090888e-04
6.424108503029200314e-04,2.168561101822104949e-04
5.959344859798553200e-04,2.015225380022691313e-04
5.504091434082986588e-04,1.864525854065037457e-04
5.061231786098992561e-04,1.717493133677025128e-04
4.633134746848274971e-04,1.574980332144632457e-04
4.221703984993608748e-04,1.437679922463731136e-04
3.828421456900701339e-04,1.306139157349156489e-04
3.454428012372647992e-04,1.180783684751017390e-04
3.100473058003910126e-04,1.061909412953700301e-04
2.767015427684796488e-04,9.497077871263096536e-05
2.454315205609465100e-04,8.442970306955213580e-05
2.162378360590776650e-04,7.457107644068777894e-05
1.891018304534042630e-04,6.539139299126364756e-05
1.639913658753124374e-04,5.688223692680819153e-05
1.408541313860691151e-04,4.902844475159198534e-05
1.196296749851584132e-04,4.181159089970712487e-05
1.002484942823208901e-04,3.520997087146275433e-05
8.263374515840235524e-05,2.919925428838713333e-05
6.670298646490646405e-05,2.375304853861343390e-05
5.236971277071995488e-05,1.884341972977020258e-05
3.954470506951544650e-05,1.444136700031014118e-05
2.813716623159928824e-05,1.051722351376343750e-05
1.805570430892807933e-05,7.040976125930693240e-06
9.209265095455428630e-06,3.982579881998349417e-06
1.507943791802032763e-06,1.312271484135866646e-06
-5.136295290090425766e-06,-9.991844103062675134e-07
-1.080901970833888613e-05,-2.980283007664779785e-06
-1.559286235006551063e-05,-4.658609169273669860e-06
-1.956717843290460847e-05,-6.060708341700631696e-06
-2.280791162760177003e-05,-7.212011165156609082e-06
-2.538717016768821480e-05,-8.136757372064133649e-06
-2.737316097679440830e-05,-8.857904332756989506e-06
-2.883011299404187119e-05,-9.397105344289459218e-06
-2.981811572595085397e-05,-9.774668787904925265e-06
-3.039322663549692455e-05,-1.000956045368312049e-05
-3.060752120118412015e-05,-1.011942573237621795e-05
-3.050916824508333359e-05,-1.012061293621362303e-05
-3.014252935672556165e-05,-1.002820327503318177e-05
-2.954827869399545871e-05,-9.856047855052728446e-06
-2.876354115512563307e-05,-9.616810523300530820e-06
-2.782204206675737080e-05,-9.322016210245544687e-06
-2.675426860985107220e-05,-8.982102451519471376e-06
-2.558763830495762036e-05,-8.606474076310018375e-06
-2.434667239240470471e-05,-8.203559788781085435e-06
-2.305317183046364326e-05,-7.780869892712260645e-06
-2.172639393130254424e-05,-7.345054474610081423e-06
-2.038326814517185632e-05,-6.901972419491879817e-06
-1.903850302274731607e-05,-6.456733868671225313e-06
-1.770475114223981990e-05,-6.013750650999248417e-06
-1.639280408710551160e-05,-5.576798938111877674e-06
-1.511175546976897211e-05,-5.149074617816244255e-06
-1.386914883672989806e-05,-4.733244766798374109e-06
-1.267112481913291730e-05,-4.331496195638323833e-06
-1.152255947805117369e-05,-3.945582101606612964e-06
-1.042721357914924139e-05,-3.576871713819800620e-06
-9.388375475761128402e-06,-3.226549582690757078e-06
-8.401489984175537448e-06,-2.893389640016679152e-06
-7.475593874427344703e-06,-2.580037943768025489e-06
-6.610646292514534896e-06,-2.286827362135351428e-06
-5.806045419685577971e-06,-2.013657445253259876e-06
-5.060726113707619645e-06,-1.760231892484603604e-06
-4.373228391523760366e-06,-1.526111113180249735e-06
-3.741766237542778007e-06,-1.310739426309553993e-06
-3.164291231816263614e-06,-1.113467304616259871e-06
-2.638522803660519305e-06,-9.335699692756834506e-07
-2.162193756140392780e-06,-7.703022816608696884e-07
-1.732796962044012834e-06,-6.228405367920655609e-07
-1.347750791638222748e-06,-4.903763124817443143e-07
-1.004225054954142690e-06,-3.719489265036307164e-07
-6.996450995811395156e-07,-2.667123641080183893e-07
-4.313366388648951021e-07,-1.737851955820520404e-07
-1.967094832264292410e-07,-9.229629378994864293e-08
6.798624381445110907e-09,-2.139571495146591900e-08
1.816768479577675964e-07,3.974789971438342256e-08
3.303291839558501797e-07,9.193969606455388681e-08
4.550548179184281818e-07,1.359539991603563574e-07
5.580727914388749611e-07,1.725308462184437310e-07
6.414782288833516307e-07,2.023789271415564788e-07
7.072588321451540706e-07,2.261674592260372141e-07
7.572739283085314455e-07,2.445291066081670814e-07
7.932752412841718927e-07,2.580545004681876973e-07
8.168975681785201693e-07,2.672974902135002844e-07
8.296604667149475050e-07,2.727739203397607496e-07
8.329704603139240700e-07,2.749620228886827727e-07
8.281239243007547445e-07,2.743032593646117157e-07
8.163105773912632166e-07,2.712034037180376142e-07
7.986174671628391297e-07,2.660338052413774363e-07
7.760333440970478489e-07,2.591327923141396732e-07
7.494533293443713925e-07,2.508071840024786397e-07
7.196837918842696112e-07,2.413338803873945919e-07
6.874473606476150644e-07,2.309615058856984179e-07
6.533880063699744317e-07,2.199120829542439427e-07
6.180761364571896320e-07,2.083827164611371733e-07
5.820136539866758294e-07,1.965472716763498229e-07
5.456389391602236110e-07,1.845580312857623513e-07
5.093317180918872000e-07,1.725473190749248641e-07
4.734177897845383138e-07,1.606290799704030551e-07
4.381735875497883874e-07,1.489004079768949141e-07
4.038305559881928261e-07,1.374430152169730449e-07
3.705793290007047594e-07,1.263246367776113091e-07
3.385736981792548971e-07,1.156003674035405886e-07
3.079343643555718118e-07,1.053139272626247085e-07
2.787524681033730495e-07,9.549885505267188733e-08
2.510928976206942368e-07,8.617962763290574952e-08
2.249973746957871079e-07,7.737270615630438568e-08
2.004873214106135019e-07,6.908750936095657424e-08
1.775665118881959070e-07,6.132731525873841134e-08
1.562235147706754090e-07,5.409009294688894622e-08
1.364339332491323855e-07,4.736926667102498430e-08
1.181624503782580614e-07,4.115441459486385915e-08
1.013646881215509232e-07,3.543190499017165376e-08
8.598888910727989676e-08,3.018547275731239866e-08
7.197743045201450803e-08,2.539673932924447787e-08
5.926817924585706272e-08,2.104567910597341591e-08
4.779569940897175323e-08,1.711103561848645926e-08
3.749231963839539316e-08,1.357069063623024798e-08
2.828907208277755128e-08,1.040198941560048345e-08
2.011651122335088230e-08,7.582025242969433249e-09
1.290542221538329888e-08,5.087886359016961823e-09
6.587427665868213019e-09,2.896868265154557220e-09
1.095501501272177575e-09,9.866543112442693433e-10
-3.635601777710770010e-09,-6.645326502565709498e-10
-7.668994540777192397e-09,-2.077804882421433750e-09
-1.106537266095106629e-08,-3.273508123925750901e-09
-1.388279424026116001e-08,-4.271141296695804087e-09
-1.617651375521105874e-08,-5.089295305795654966e-09
-1.799886537404513505e-08,-5.745608816456276045e-09
-1.939918962083098011e-08,-6.256739033380831989e-09
-2.042379797868735725e-08,-6.638345646047520716e-09
-2.111597043336875951e-08,-6.905086240043560971e-09
-2.151598135583770350e-08,-7.070621607132052390e-09
-2.166114950673426684e-08,-7.147629515432720169e-09
-2.158590831481710871e-08,-7.147825624852679100e-09
-2.132189293448761933e-08,-7.081990351594984932e-09
-2.089804092302518220e-08,-6.960000598462885981e-09
-2.034070369601775051e-08,-6.790865374889118833e-09
-1.967376621873887641e-08,-6.582764431674089285e-09
-1.891877267203885763e-08,-6.343089130438146729e-09
-1.809505609366086887e-08,-6.078484856645850054e-09
-1.721987023973668757e-08,-5.794894367826732516e-09
-1.630852213713165017e-08,-5.497601545388151479e-09
-1.537450400561738130e-08,-5.191275089316443721e-09
-1.442962342012266219e-08,-4.880011760263428867e-09
-1.348413075808789707e-08,-4.567378833216907015e-09
-1.254684313617892394e-08,-4.256455481371975959e-09
-1.162526418462413984e-08,-3.949872858201282990e-09
-1.072569913748139777e-08,-3.649852690328099902e-09
-9.853364833502260162e-09,-3.358244233823949886e-09
-9.012494326287892814e-09,-3.076559482416878371e-09
-8.206435894385505782e-09,-2.806006547829891299e-09
-7.437746323187116178e-09,-2.547521160597444128e-09
-6.708278401273366619e-09,-2.301796264291776501e-09
-6.019262635417740693e-09,-2.069309697506010820e-09
-5.371383241187096486e-09,-1.850349976386573411e-09
-4.764848510982527946e-09,-1.645040206262481020e-09
-4.199455698989972527e-09,-1.453360164183389148e-09
-3.674650593550718134e-09,-1.275166605202744580e-09
-3.189581972576322621e-09,-1.110211854222270237e-09
-2.743151157476643129e-09,-9.581607523755712736e-10
-2.334056896006342169e-09,-8.186060324506712764e-10
-1.957998021355225347e-09,-6.900838232552817405e-10
-1.617244230245091460e-09,-5.734015099253300034e-10
-1.309952157304375668e-09,-4.679928525188752208e-10
-1.034205411076590988e-09,-3.732330796989971766e-10
-7.880692621199959373e-10,-2.884848711783175438e-10
-5.696105542188384970e-10,-2.131086998632160961e-10
-3.769152268807025063e-10,-1.464693314056253785e-10
-2.081032567575934519e-10,-8.794110720444640748e-11
-6.149434339537529037e-11,-3.708771666701607122e-11
6.507249190455631298e-11,7.040983918609879516e-12
1.732680023981841546e-10,4.491994469918685119e-11
2.646750087530448841e-10,7.706789767196763411e-11
3.408064924006261643e-10,1.039913786742087205e-10
4.031037787960171315e-10,1.261750306545506919e-10
4.529335769142595212e-10,1.440793532016142266e-10
4.915858687688815158e-10,1.581397338930745476e-10
5.202727721332045399e-10,1.687659398649156267e-10
5.401282780298085661e-10,1.763419288118164921e-10
5.522087460474267480e-10,1.812259262577958183e-10
5.574940469639459069e-10,1.837507297763647228e-10
5.568892513000981693e-10,1.842242053293777645e-10
5.512267715842023011e-10,1.829299441569127778e-10
5.412688748627361876e-10,1.801280516132303425e-10
5.277104902689198723e-10,1.760560421402937225e-10
5.111822443266107290e-10,1.709298172282806678e-10
4.922536639523599560e-10,1.649447056562912984e-10
4.714364940720452937e-10,1.582765476962254351e-10
4.491880831107778245e-10,1.510828070736689202e-10
4.253257522304061933e-10,1.433490151812717794e-10
4.009340945872119787e-10,1.353493872921687919e-10
3.763076063093006590e-10,1.272318337674075087e-10
3.517054809711325745e-10,1.190923232156009844e-10
3.273511316530153817e-10,1.110095573172800092e-10
3.034341054668322943e-10,1.030501155995987894e-10
2.801130147974155240e-10,9.526993979188691739e-11
2.575184521001947505e-10,8.771536923175343214e-11
2.357557619393960355e-10,8.042408118283895784e-11
2.149076537529399311e-10,7.342597355568766403e-11
1.950366526681722898e-10,6.674399366232476203e-11
1.761873885654534861e-10,6.039491337643588327e-11
1.583887252755654137e-10,5.439005121461626481e-11
1.416557329139367856e-10,4.873594221646945165e-11
1.259915074615258041e-10,4.343495684409311853e-11
1.113888424542413928e-10,3.848587043618826817e-11
9.783175838672258172e-11,3.388438498463104391e-11
8.529689591042051141e-11,2.962360518017901141e-11
7.375477929397301351e-11,2.569447083297950980e-11
6.317095692888987085e-11,2.208614787362606102e-11
5.350702581114826214e-11,1.878638020006932634e-11
4.472154700726933077e-11,1.578180469413619171e-11
3.677085915321685310e-11,1.305823171777610809e-11
2.960979694033537921e-11,1.060089341358669967e-11
2.319232146633310802e-11,8.394662079538833809e-12
1.747206913881419107e-11,6.424240864413199076e-12
1.240282563429593557e-11,4.674328939236779724e-12
7.938931171812047384e-12,3.129763255164456961e-12
4.035623135182436538e-12,1.775638906025291691e-12
6.493217597620720689e-13,5.974100120215430455e-13
-2.262135662147786871e-12,-4.190270308796726287e-13
-4.739306920338185530e-12,-1.287266206319413760e-12
-6.820998486412675579e-12,-2.020338792783177490e-12
-8.544156089511217745e-12,-2.630673015720216407e-12
-9.943787980715207364e-12,-3.130064988587577054e-12
-1.105291698229121864e-11,-3.529659614003367548e-12
-1.190255767817524708e-11,-3.839940210452656510e-12
-1.252171534661589004e-11,-4.070725708310472684e-12
-1.293740361897725985e-11,-4.231174386007229944e-12
-1.317467798932732862e-11,-4.329793161675004549e-12
-1.325668264347659108e-11,-4.374451582909312302e-12
-1.320470827331023157e-11,-4.372399707788470981e-12
-1.303825879473183606e-11,-4.330289168252404256e-12
-1.277512506820171546e-11,-4.254196758646972852e-12
-1.243146397005892738e-11,-4.149649985851417919e-12
-1.202188130637486087e-11,-4.021654053814317464e-12
-1.155951727805642595e-11,-3.874719841826643905e-12
-1.105613331919279463e-11,-3.712892468348265232e-12
-1.052219934891537332e-11,-3.539780098634934032e-12
-9.966980533045984108e-12,-3.358582693707730337e-12
-9.398622856207445461e-12,-3.172120443302099542e-12
-8.824236863223667700e-12,-2.982861665915180176e-12
-8.249979070496254225e-12,-2.792949994835925702e-12
-7.681130621548676504e-12,-2.604230703103479575e-12
-7.122172847219478580e-12,-2.418276037743873489e-12
-6.576859480404518230e-12,-2.236409479473160774e-12
-6.048285331647167662e-12,-2.059728855105705579e-12
-5.538951293980060497e-12,-1.889128246236480329e-12
-5.050825593151494314e-12,-1.725318671725797402e-12
-4.585401265073790805e-12,-1.568847517076722376e-12
-4.143749854255511747e-12,-1.420116723062052280e-12
-3.726571364752854592e-12,-1.279399724548792185e-12
-3.334240566770282006e-12,-1.146857175655822361e-12
-2.966849718384807902e-12,-1.022551484189240668e-12
-2.624247823033297928e-12,-9.064601832071352397e-13
-2.306076571383552878e-12,-7.984881907788550174e-13
-2.011803081602526295e-12,-6.984790000279358207e-13
-1.740749602522958828e-12,-6.062248425555847037e-13
-1.492120347945513082e-12,-5.214758901840634239e-13
-1.265025588523040250e-12,-4.439485246445056500e-13
-1.058503210097757459e-12,-3.733327603564875744e-13
-8.715378689750054674e-13,-3.092988454010630986e-13
-7.030779170918880674e-13,-2.515031121492968451e-13
-5.520502658683630665e-13,-1.995931233395423036e-13
-4.173733317207761053e-13,-1.532121731120433576e-13
-2.979682185426200278e-13,-1.120031805466394456e-13
-1.927683023059943850e-13,-7.561204171622630161e-14
-1.007273231943366156e-13,-4.369047341180866510e-14
-2.082615006992128922e-14,-1.589839848770998415e-14
4.792166199703001108e-14,8.094076182380717397e-15
1.064654140685724397e-13,2.860506554388633825e-14
1.557137767434255984e-13,4.593964170279313170e-14
1.965321747722498639e-13,6.038887100469691894e-14
2.297409391844921518e-13,7.222911609350734979e-14
2.561141396552189059e-13,8.172157374381362036e-14
2.763790169460696050e-13,8.911201966755231851e-14
2.912159093575145575e-13,9.463072520838024470e-14
3.012586475099623944e-13,9.849254106596555415e-14
3.070952977910258742e-13,1.008970976446448665e-13
3.092692428004376236e-13,1.020291283334238008e-13
3.082805051321617967e-13,1.020588778246493942e-13
3.045872934936624842e-13,1.011425895029163141e-13
2.986077097844115067e-13,9.942305039448448706e-14
2.907215888652777617e-13,9.703018610402439497e-14
2.812724216170260319e-13,9.408168653756754818e-14
2.705693548304117160e-13,9.068365857562979174e-14
2.588892022083294563e-13,8.693128969182754600e-14
2.464784928442079616e-13,8.290952180516846634e-14
2.335554887163792756e-13,7.869372091361823769e-14
2.203121906500306446e-13,7.435034401126692283e-14
2.069162895814617964e-13,6.993758653973442405e-14
1.935130735585166473e-13,6.550602147203363445e-14
1.802272691084452626e-13,6.109921531952341020e-14
1.671648091068491804e-13,5.675431921967861151e-14
1.544145222636125775e-13,5.250263684896295763e-14
1.420497418436615961e-13,4.837016772103199539e-14
1.301298349953195255e-13,4.437812017457322088e-14
1.187016296146341130e-13,4.054339312805308154e-14
1.078007675972902875e-13,3.687903598133491334e-14
9.745296584378352831e-14,3.339467207853028427e-14
8.767518366936291854e-14,3.009689853759428888e-14
7.847671199464084109e-14,2.698965182922667801e-14
6.986017761238328407e-14,2.407455278367351952e-14
6.182246305204952237e-14,2.135121849778366387e-14
5.435555204823717899e-14,1.881755115816146938e-14
4.744729880734318699e-14,1.646999872113586350e-14
4.108213020830379129e-14,1.430379903929572432e-14
3.524166765202489021e-14,1.231319039344888089e-14
2.990530405520585117e-14,1.049160926185436452e-14
2.505070395792532803e-14,8.831865498229818708e-15
2.065425854349830066e-14,7.326294011835362443e-15
1.669148412048637737e-14,5.966897692643104899e-15
1.313737049348355122e-14,4.745465203347955909e-15
9.966688315716411676e-15,3.653677559494577889e-15
7.154251281039688312e-15,2.683201059611015550e-15
4.675144723628171294e-15,1.825766592868252011e-15
2.504916101021811923e-15,1.073234857300695279e-15
6.197314831478483144e-16,4.176544949132647155e-16
-1.003485594443972245e-15,-1.486911234740645176e-16
-2.386954618900666931e-15,-6.332461598922772828e-16
-3.551950033926037719e-15,-1.043153385527586211e-15
-4.518744269720334373e-15,-1.385229291899012589e-15
-5.306559545958903101e-15,-1.665948886131780897e-15
-5.933539584444084050e-15,-1.891434466097315020e-15
-6.416736224422626497e-15,-2.067447833264815335e-15
-6.772106442705068889e-15,-2.199389033591243721e-15
-7.014521961689053633e-15,-2.292299064369630288e-15
-7.157784152334409187e-15,-2.350862784565713528e-15
-7.214650871317852529e-15,-2.379416201205727954e-15
-7.196863905696396198e-15,-2.381957445077279006e-15
-7.115189375744419312e-15,-2.362157131077702162e-15
-6.979451495762422991e-15,-2.323369519012290347e-15
-6.798579941407017177e-15,-2.268648743387741587e-15
-6.580653875941529397e-15,-2.200763456814147821e-15
-6.332943560295586246e-15,-2.122207775642898595e-15
-6.061964742395170574e-15,-2.035222434681399513e-15
-5.773523227139190601e-15,-1.941807147185268967e-15
-5.472759771388481426e-15,-1.843737196673181051e-15
-5.164199814006946999e-15,-1.742578217399392361e-15
-4.851797385893818996e-15,-1.639702584473272967e-15
-4.538981089339681662e-15,-1.536302937124986964e-15
-4.228697614653587411e-15,-1.433408971014374291e-15
-3.923448420124093118e-15,-1.331897036056187672e-15
-3.625336901423256163e-15,-1.232508267894540401e-15
-3.336100293150440923e-15,-1.135858530642041022e-15
-3.057146977155082935e-15,-1.042450070003763454e-15
-2.789592573073654094e-15,-9.526860360734787931e-16
-2.534287244021939594e-15,-8.668762645570852481e-16
-2.291846007505808270e-15,-7.852509986236835565e-16
-2.062680582097454255e-15,-7.079696670005466267e-16
-1.847020685383999798e-15,-6.351288628994319647e-16
-1.644939156419901328e-15,-5.667699672660387883e-16
-1.456371851608807761e-15,-5.028870996796091748e-16
-1.281141061359648268e-15,-4.434348044815344445e-16
-1.118968497028831911e-15,-3.883322926820539337e-16
-9.694988492861635989e-16,-3.374703759226551371e-16
-8.323052025072118506e-16,-2.907162956985352421e-16
-7.069116824853760727e-16,-2.479183333999821675e-16
-5.928007590506857233e-16,-2.089095108296157187e-16
-4.894218418471002940e-16,-1.735119944528689225e-16
-3.962060173280435676e-16,-1.415395111424498031e-16
-3.125699824325266284e-16,-1.128008303631798287e-16
-2.379255809144679828e-16,-8.710209697585847239e-17
-1.716843593614830805e-16,-6.424838775213769781e-17
-1.132643131807960607e-16,-4.404659231525941260e-17
-6.209557398559201166e-17,-2.630788554984256025e-17
-1.761876713548069415e-17,-1.084433742112500239e-17
2.070553159945734629e-17,2.523513742752931236e-18
5.339554468540642817e-17,1.396933670339011822e-17
8.095265332060797599e-17,2.366157105379019800e-17
1.038493169273894617e-16,3.175907998339662546e-17
1.225352307924761672e-16,3.841345387240164140e-17
1.374386837769055913e-16,4.376857862336469879e-17
1.489560926138727591e-16,4.795944808326702843e-17
1.574652827778405177e-16,5.111271896954925025e-17
1.633115715728764281e-16,5.334657177170434802e-17
1.668207931181037259e-16,5.477056873839479896e-17
