0.000000000000000000e+00,0.000000000000000000e+00,0.000000000000000000e+00,0.000000000000000000e+00
1.371484462395791872e-22,8.851355985981581880e-21,3.856461962610599239e-23,2.490462084309858580e-21
2.928196353816313095e-22,7.471132420813168003e-21,8.852797432420650135e-23,2.501001290463715285e-21
4.232484347257405306e-22,6.243666940024107537e-21,1.331752347381265474e-22,2.154625801960994666e-21
5.311739904545299459e-22,5.148520303207545438e-21,1.705598089459838998e-22,1.786527959331589196e-21
6.189482909845381054e-22,4.166661304895356500e-21,2.009024362525858394e-22,1.439021872819688763e-21
6.884260228011189400e-22,3.271542751695375002e-21,2.254596903282905562e-22,1.166616207117338378e-21
7.416931642387044087e-22,2.485803175560719085e-21,2.444895164979220591e-22,8.890374811643903644e-22
7.805096856551070336e-22,1.781823881045549039e-21,2.586515612137322586e-22,6.555427380409878251e-22
8.067283176062409733e-22,1.173621219017395941e-21,2.681895321452124391e-22,4.249746194421815880e-22
8.218195584777838725e-22,6.324569292711932518e-22,2.739234549782767005e-22,2.464767319813655262e-22
8.272087438151810268e-22,1.637746024755238396e-22,2.764907468794724802e-22,9.397506377397163497e-23
8.241634023832685781e-22,-2.441957753612214094e-22,2.762308675984436797e-22,-4.417142309778634689e-23
8.139193338809554982e-22,-5.900777296135978153e-22,2.733575834729522220e-22,-1.726850180182525146e-22
7.975522186284548793e-22,-8.846011855766558981e-22,2.684520106204416183e-22,-2.664963748496102734e-22
7.762305650026072529e-22,-1.118659122149482301e-21,2.616333646402828502e-22,-3.626936342467038617e-22
7.507859127383861412e-22,-1.316641675819053563e-21,2.534680057679242427e-22,-4.216489508144934878e-22
7.221740861037867675e-22,-1.463440764229579264e-21,2.437476036315897499e-22,-5.048625390772734812e-22
6.909574872648513363e-22,-1.588829921482058031e-21,2.331897667972447519e-22,-5.347186631083674316e-22
6.577629305821309159e-22,-1.679997470445341334e-21,2.220066757737498779e-22,-5.663972628124142262e-22
6.231795424655467856e-22,-1.743099481546437825e-21,2.105627662512183943e-22,-5.740268556726074179e-22
5.876936811361207836e-22,-1.782980509172479321e-21,1.989838183071499277e-22,-5.805307421485715141e-22
5.518804330723332103e-22,-1.792505663339906449e-21,1.872021670986288013e-22,-5.917186003883392693e-22
5.160568814876072200e-22,-1.790399528951307553e-21,1.753130780359946460e-22,-5.953947822169823167e-22
4.804754762672562032e-22,-1.775381850959246916e-21,1.637435434404008837e-22,-5.737057384175789079e-22
4.455592190171236362e-22,-1.736827420229242230e-21,1.521364737196281210e-22,-5.824250918751041093e-22
4.115818057459573801e-22,-1.687457581704117479e-21,1.404599820121930150e-22,-5.843532063323499991e-22
3.786573282766413053e-22,-1.633869314180490941e-21,1.289922508540557952e-22,-5.703091869018929230e-22
3.468931939751100795e-22,-1.574573562138160292e-21,1.181330072652366647e-22,-5.351219693112229384e-22
3.164465418066686418e-22,-1.506798190241022334e-21,1.079142727916376467e-22,-5.040166758820720112e-22
2.873693974109873349e-22,-1.438132972284861374e-21,9.829557290755935946e-23,-4.743348996020517219e-22
2.599449132767497772e-22,-1.351458857864982930e-21,8.872839528676414569e-23,-4.796199980594975172e-22
2.339517433841427825e-22,-1.284301704717174352e-21,7.983440685292879391e-23,-4.346339447495967709e-22
2.094939426971990500e-22,-1.204753184219498291e-21,7.154897829997289328e-23,-4.084367037711071799e-22
1.864869746509540024e-22,-1.134264291618889056e-21,6.395017634377078141e-23,-3.717404379187390871e-22
1.651697283542289116e-22,-1.045728469782517352e-21,5.649092345741793670e-23,-3.733865205775495033e-22
1.452527024935383909e-22,-9.811170922062097941e-22,4.997424035658645877e-23,-3.120811941546748755e-22
1.269095677962850935e-22,-8.983470077135692393e-22,4.363026908189501372e-23,-3.187478313119446865e-22
1.099826795251366041e-22,-8.310277455204107078e-22,3.780877304273457605e-23,-2.830828637882490990e-22
9.439315993422038311e-23,-7.643044449938685533e-22,3.255723814407916492e-23,-2.566680971282621827e-22
8.008888470003710267e-23,-7.007714965450998149e-22,2.784439162096647337e-23,-2.295810324937018355e-22
6.708353248430780768e-23,-6.354280062352209350e-22,2.361897619286436182e-23,-2.059957628368921671e-22
5.539909177378381560e-23,-5.691967113688049742e-22,1.943881081490469723e-23,-2.099180188757545381e-22
4.490547949153219040e-23,-5.116137423816779098e-22,1.566484151066557745e-23,-1.825556497706873250e-22
3.542886466339192497e-23,-4.627321502692342410e-22,1.247566726681729860e-23,-1.527739629407846227e-22
2.701096469247009314e-23,-4.086316316621480791e-22,9.369072401811604185e-24,-1.560939081289648847e-22
1.944394326553632452e-23,-3.694568479210645731e-22,6.751563617516274341e-24,-1.235645591361128034e-22
1.271421678223918377e-23,-3.268175552880249775e-22,4.589543685540231433e-24,-1.036295677981506014e-22
6.778239674204226526e-24,-2.879972948406875654e-22,2.760655172166999957e-24,-8.792584331462934803e-23
1.723590675770028152e-24,-2.424177562805701310e-22,8.632444358725205235e-25,-9.690122480951698483e-23
-2.647540301649689886e-24,-2.115648123032865559e-22,-6.282225086136396081e-25,-6.809295894294338784e-23
-6.377534168402632513e-24,-1.791638288525397250e-22,-1.745498823935415875e-24,-5.232330360881865730e-23
-9.504541513132336816e-24,-1.496759783166256300e-22,-2.606225437389266596e-24,-4.035115401804178774e-23
-1.200178258413346723e-23,-1.176162995219449539e-22,-3.624501009555408050e-24,-5.398835246078403499e-23
-1.405111276386247650e-23,-9.803808992199033936e-23,-4.621109934332347588e-24,-4.861813239685975927e-23
-1.584845898693084358e-23,-8.746800780506137450e-23,-5.100183742197076915e-24,-1.678949021718623138e-23
-1.737327305960847705e-23,-7.295349789330917532e-23,-5.221909577852147992e-24,-2.990120671990524886e-24
-1.852725918700641511e-23,-5.324782293459734485e-23,-5.518360951323037100e-24,-1.827048858834037058e-23
-1.922005430138881403e-23,-2.922043371072140916e-23,-6.060124295455290924e-24,-2.964459038331124829e-23
-1.965423640147624849e-23,-1.952140373745090698e-23,-6.569324068063883413e-24,-2.423251279804432151e-23
-1.990847250795267163e-23,-1.072727139619408948e-23,-6.717688791306714396e-24,-2.525735458644191667e-24
-1.989661483230168356e-23,3.884568402163757127e-24,-6.936274971885873702e-24,-1.336582480819213194e-23
-1.973565053649543897e-23,9.256188841829321154e-24,-7.131609176099572857e-24,-8.711044589901459896e-24
-1.941337522038363885e-23,1.810288095857966565e-23,-7.360033045531562973e-24,-1.219720043070994598e-23
-1.902999389471869272e-23,1.947337666103641239e-23,-7.485201164327276192e-24,-4.521418071994551102e-24
-1.858811604860758776e-23,2.285059712815133709e-23,-7.488093523898860089e-24,1.135175576255962670e-24
-1.801512705932934111e-23,3.032863840168631704e-23,-7.521657928341387825e-24,-2.486815285237673475e-24
-1.730219885848908071e-23,3.718380395804718461e-23,-7.562542373862035056e-24,-1.903510206620449325e-24
-1.667427665216487381e-23,2.970827611348811370e-23,-7.103530225040261973e-24,3.017445399859429301e-23
-1.600306108479179763e-23,3.467573023646743504e-23,-6.671261167553475254e-24,1.911971946742018049e-23
-1.521355746446893685e-23,4.086212368512910422e-23,-6.477807653000791329e-24,6.930430368183469447e-24
-1.444370281015799252e-23,3.779722638850134364e-23,-6.019187110735059574e-24,2.758188658942696356e-23
-1.357270611475213760e-23,4.521378354208954706e-23,-5.713909623303051505e-24,1.168428427346577723e-23
-1.284410307962965952e-23,3.387022677718755898e-23,-5.092140207225633819e-24,3.672315821910168303e-23
-1.202316447999170306e-23,4.312628213321558954e-23,-4.713198427522750421e-24,1.377695468387447536e-23
-1.133642169093219696e-23,3.177589516284238465e-23,-4.109575938403787870e-24,3.494312535750610663e-23
-1.056624945067397782e-23,4.045891833539437631e-23,-3.791280429496731625e-24,1.038149838304159532e-23
-9.794409349030102852e-24,3.804229081117191113e-23,-3.355294360980621214e-24,2.511788909629838653e-23
-8.931259672932910488e-24,4.463517745886773414e-23,-3.146856935421455351e-24,6.153414500466618082e-24
-8.234555295087925006e-24,3.197891368225932216e-23,-2.654640940753004083e-24,2.997357324176713146e-23
-7.478237510204838055e-24,3.950514277992621137e-23,-2.416420858278257689e-24,6.660875871328496081e-24
-6.739197685907463798e-24,3.620253285262527245e-23,-2.046219315854971610e-24,2.195566878448268790e-23
-5.926135656996466234e-24,4.193761869382735478e-23,-1.896828922086456023e-24,3.263173939957746681e-24
-5.155518184747632513e-24,3.753242544825639239e-23,-1.559287622590897761e-24,2.083737268616194474e-23
-4.324962079693752240e-24,4.267962050684039816e-23,-1.416075965383303322e-24,3.190070790306671689e-24
-3.690263228777927336e-24,2.854594102721708163e-23,-9.802573591757122344e-25,2.719620782574913139e-23
-3.040098065971581255e-24,3.365286570905553643e-23,-8.120395372150438772e-25,2.951026922073183997e-24
-2.518604333862319932e-24,2.386640007405144875e-23,-4.180120173412082535e-25,2.456833031468133917e-23
-2.039616062562737213e-24,2.396819088131759704e-23,-1.977492170773154983e-25,7.070215621040731478e-24
-1.718523052790291432e-24,1.375146602561453040e-23,2.113731574698176573e-25,2.434103778414981417e-23
-1.312017272570775505e-24,2.223232169000631324e-23,2.899874299243783213e-25,-2.002328182229339973e-24
-9.153341442468506938e-25,1.913289517780992775e-23,4.705780590329199108e-25,1.223837209956409085e-23
-4.435269012516502936e-25,2.487994375143805374e-23,4.230253562255391848e-25,-6.620523710058174355e-24
-1.493186141893089616e-26,2.042178953107377162e-23,5.687418374877144047e-25,1.133225783777556190e-23
4.718961013352391827e-25,2.547439119518670948e-23,5.290924159469785923e-25,-5.846917051804769967e-24
7.647391286672830687e-25,1.148917322018102010e-23,7.943542910892031567e-25,1.881688252015554084e-23
1.022381366577402552e-24,1.328435847299585991e-23,9.203224613104360706e-25,2.656910974085559476e-24
1.165426470791521634e-24,5.369132000870224568e-24,1.239037172095170950e-24,1.978991351297706522e-23
1.296822684846932339e-24,6.917461229879280268e-24,1.333836792242367715e-24,3.612686962133952348e-25
1.288384801383825251e-24,-2.554740251369760043e-24,1.594686604247784710e-24,1.672236087894577431e-23
1.380441266736785160e-24,6.682767203399577985e-24,1.520661311606288565e-24,-9.637891823971402070e-24
1.476913324373853500e-24,4.282078148706061745e-24,1.552141987054818081e-24,4.835627017786713886e-24
1.667842431224536710e-24,1.107357266348490420e-23,1.366671257538745953e-24,-1.336866714178778287e-23
1.695156018216045307e-24,-1.457710879129669021e-24,1.482995084760747374e-24,1.139266897462267539e-23
1.786613959388849099e-24,6.324732830166420571e-24,1.366478867300933658e-24,-1.082889913848122170e-23
1.865782897761447298e-24,3.269693347755481788e-24,1.402314233404789876e-24,5.462711678271752409e-24
2.025658338856816333e-24,9.364247103531777374e-24,1.234601203721406297e-24,-1.240596519076631047e-23
2.151260991078128651e-24,5.381959776014921336e-24,1.271871231525955491e-24,6.014612936425653935e-24
2.352287005111276600e-24,1.140557751711799390e-23,1.134635691976414851e-24,-1.059972413599159981e-23
2.380655107749327269e-24,-1.485755176401547203e-24,1.312891194239668045e-24,1.458261939316715549e-23
2.468961380963012125e-24,6.129989314296507095e-24,1.258352728392292217e-24,-7.758487434866436784e-24
2.542943585345387298e-24,2.992068261122122408e-24,1.350377954995280305e-24,8.194477414466700755e-24
2.696447592992994521e-24,9.034219852720109658e-24,1.231115866480116055e-24,-1.007496891303871183e-23
2.674589881247279515e-24,-4.037149563073183712e-24,1.405165438841420451e-24,1.415790706015076851e-23
2.659953340547219343e-24,2.300279366315702662e-25,1.455476210479638034e-24,-8.725134687462282405e-25
2.676334706174534924e-24,9.890307214543740993e-25,1.333607764570204769e-24,-7.608006265568912554e-24
2.673536613528205276e-24,-4.700531297662486511e-25,1.135964024438070754e-24,-1.053768045787480727e-23
2.632132508323303204e-24,-2.537053118906713561e-24,9.146997986921417796e-25,-1.120991321515956912e-23
2.531293307683015906e-24,-5.771294466786818279e-24,6.879792963642363087e-25,-1.136730373114721516e-23
2.341967506475473425e-24,-1.054061541553718753e-23,4.705861188017526790e-25,-1.072116069300249089e-23
2.202728369039097799e-24,-5.921431902445180930e-24,1.605738699802362813e-25,-1.688290955681480778e-23
2.126465068245441427e-24,-3.201524804818051578e-24,-1.935943951079157970e-25,-1.793842136833240659e-23
1.950617990028638791e-24,-1.041844298538768279e-23,-4.332073342620349286e-25,-1.024317014917340037e-23
1.796099449228960510e-24,-6.942475116366283094e-24,-6.855445498597128652e-25,-1.330145730239168006e-23
1.693568082736068851e-24,-4.598909024040962322e-24,-9.523682962495800608e-25,-1.334575215112851461e-23
1.631692104422664178e-24,-2.656884789991736169e-24,-1.195732931786676065e-24,-1.181889331525984967e-23
1.472570639739609281e-24,-9.496388557690549011e-24,-1.297383755521004827e-24,-3.122624441189128267e-24
1.340105816601706473e-24,-5.786438789965146039e-24,-1.412000390148655338e-24,-6.487603963580386426e-24
1.271722883134003209e-24,-2.730475981675289471e-24,-1.548122737066457259e-24,-6.895310606600858197e-24
1.118751016726915391e-24,-9.077551838763254801e-24,-1.573778209609770232e-24,3.479983026586921888e-25
1.005186739004295205e-24,-4.688098029946396646e-24,-1.628404157045090357e-24,-3.626654038069140799e-24
8.248276796655262774e-25,-1.027514512033130198e-23,-1.618047404418611673e-24,1.720115527151161058e-24
6.881293001777376583e-25,-5.832570923689450295e-24,-1.664539242031788206e-24,-3.501351709711614285e-24
6.290500812067889297e-25,-2.116283918324790198e-24,-1.753503432590051531e-24,-4.721469485718987115e-24
5.104703508669604060e-25,-7.036619011982781967e-24,-1.756227330816649122e-24,1.195637784935540270e-24
4.395463222820998248e-25,-2.529947477123972706e-24,-1.786212823995072688e-24,-2.282968386158388905e-24
3.194313314517705949e-25,-7.015135043464198530e-24,-1.759178582781815100e-24,2.406113295835828644e-24
2.524826701954948943e-25,-2.279553903486368159e-24,-1.774755156803913585e-24,-1.705439981757401289e-24
1.391641866593730277e-25,-6.649335847061445617e-24,-1.740951470901250221e-24,2.674942767831367928e-24
8.038472986919220717e-26,-1.858770313520118020e-24,-1.753310530057293343e-24,-1.575945214769859498e-24
-2.414862786003893766e-26,-6.204811756974746362e-24,-1.717769473449874995e-24,2.749485845164166119e-24
-7.391178282581834473e-26,-1.406237733592898941e-24,-1.728880577218014370e-24,-1.516989009370023372e-24
-1.693889838307802929e-25,-5.752037325208987127e-24,-1.692148938907015920e-24,2.809274710250689614e-24
-2.101507051503024532e-25,-9.570642835072445080e-25,-1.701970642891566695e-24,-1.451068342909762439e-24
-2.967297237780325402e-25,-5.308478400882482280e-24,-1.663822082313691648e-24,2.881636980995990082e-24
-3.287245953713409072e-25,-5.203464850770583130e-25,-1.672123150059003059e-24,-1.373890893145844522e-24
-4.066880275839210866e-25,-4.879531384634665771e-24,-1.632390529387727365e-24,2.961503206470162158e-24
-4.302358187467919067e-25,-1.000128239287756085e-25,-1.639084872790244392e-24,-1.293347123769449567e-24
-4.999373274286243380e-25,-4.468640748844221199e-24,-1.597757963787763133e-24,3.041044891157845924e-24
-5.154249461450879064e-25,3.006050815819579872e-25,-1.602898370533710818e-24,-1.216120110270137835e-24
-5.662305532476416162e-25,-3.365696543169748317e-24,-1.555495673386235336e-24,3.410865043494191638e-24
-7.009732088748116067e-25,-7.715472889342256579e-24,-1.456452049986598591e-24,5.395215891065051303e-24
-7.706098062828603432e-25,-2.249159877084351055e-24,-1.451318565248602533e-24,-1.238839807208763674e-24
-7.531619357400350248e-25,1.779942623547645870e-24,-1.508832957829251191e-24,-3.349553562858164794e-24
-7.805536366832495206e-25,-2.285284577895747564e-24,-1.486110503335238364e-24,2.439557867922958504e-24
-8.790901231980465899e-25,-5.693440259544130699e-24,-1.408127327849650296e-24,4.319661962325551862e-24
-9.107595675352548119e-25,-3.872968476201024200e-25,-1.407007011341868579e-24,-1.184346613390398144e-24
-9.816525118758275416e-25,-4.462011263019214030e-24,-1.372510294561527590e-24,2.568704937539058949e-24
-9.943657580211889064e-25,4.776090107399162627e-25,-1.390719610176989583e-24,-1.921787633586651900e-24
-1.051034632728569103e-24,-3.795761019832272704e-24,-1.362949008087767644e-24,2.349483312756384717e-24
-1.052103222959131350e-24,1.035240941221425902e-24,-1.381655953608173496e-24,-1.889963256028655825e-24
-1.098579400827973075e-24,-3.300208128758596609e-24,-1.351520823159395629e-24,2.492911354538534323e-24
-1.090338951004789165e-24,1.491837086789151221e-24,-1.366721771823421792e-24,-1.705370407640530430e-24
-1.128117081591547528e-24,-2.871705853682475640e-24,-1.332785032863478039e-24,2.684592808069968719e-24
-1.111668464581955453e-24,1.896898184395585167e-24,-1.344281480561203189e-24,-1.522022332497866358e-24
-1.141681739421690487e-24,-2.488435442312486999e-24,-1.306902550960367677e-24,2.853436237214888300e-24
-1.117899379865904586e-24,2.258684576993280769e-24,-1.315274765100870680e-24,-1.369478287785247061e-24
-1.141011857072940546e-24,-2.148340493733001306e-24,-1.275095640422301534e-24,2.989810565583343222e-24
-1.110767619471467485e-24,2.576762998629232798e-24,-1.280977648696552939e-24,-1.248405128077187299e-24
-1.116808840959879389e-24,-1.139127993411094152e-24,-1.234014502338094138e-24,3.392539931028880405e-24
-1.049916573878536491e-24,4.648158787929384028e-24,-1.242201560356352123e-24,-1.513661330201844225e-24
-1.015758140413274850e-24,8.525329926420811083e-25,-1.187261787067588463e-24,3.984866438610058550e-24
-1.041614940283293066e-24,-1.915835150671295277e-24,-1.079846718328732754e-24,5.769984070960776691e-24
-9.827325307497191557e-25,4.357387015355730915e-24,-1.063740336436493771e-24,-6.380589990468173998e-25
-9.508296925334954440e-25,7.915970136578977731e-25,-1.002881152894436894e-24,4.112030747670641039e-24
-9.764395489904980107e-25,-1.882202450963892269e-24,-8.983186381707991259e-25,5.548977412890684490e-24
-9.164754276555522505e-25,4.417351049851590786e-24,-8.888637898325319322e-25,-1.002864814395569777e-24
-8.834649374492505159e-25,8.455660235381723410e-25,-8.359925948824711187e-25,3.702833120477497225e-24
-9.082997141423533813e-25,-1.847951637490674828e-24,-7.396086268219927356e-25,5.140393416791066497e-24
-8.480242256977053730e-25,4.427416523290911084e-24,-7.380424683334627219e-25,-1.392934753037814987e-24
-8.151880266226868375e-25,8.313305688221209230e-25,-6.926101903494463750e-25,3.336386953972954112e-24
-8.406562170570526057e-25,-1.884741960451242234e-24,-6.031988685405022893e-25,4.797149526025622751e-24
-7.814282541951858241e-25,4.370467665876409897e-24,-6.081786307938261632e-25,-1.715404249716209937e-24
-7.500042534409645187e-25,7.567160126037655132e-25,-5.689203663391081423e-25,3.031862306256728379e-24
-7.772014712517558396e-25,-1.974660381628450451e-24,-4.853638867985940803e-25,4.507991319143218991e-24
-7.199752812299315806e-25,4.267402746063084039e-24,-4.959238663505724362e-25,-1.991319194943029123e-24
-6.907859024237955551e-25,6.424513055757424462e-25,-4.620064937278851479e-25,2.767531502457571268e-24
-7.204146130526188637e-25,-2.098369661395014937e-24,-3.835785851265966323e-25,4.253985625345823135e-24
-6.657842459235152287e-25,4.135838044095343061e-24,-3.990750701676452890e-25,-2.235939830257371486e-24
-6.393254316406132858e-25,5.044781610360010215e-25,-3.699171795420263118e-25,2.531599384925073894e-24
-6.717923974479736131e-25,-2.241426627588307443e-24,-2.960828664373453106e-25,4.026226537672859072e-24
-6.200831333762301230e-25,3.988914995286186835e-24,-3.160153299099394564e-25,-2.455909077244784389e-24
-5.966053836444211811e-25,3.548116279079546366e-25,-2.911419936424254764e-25,2.319132236258014533e-24
-6.320922559245112640e-25,-2.392800373778822190e-24,-2.214455176861624721e-25,3.821041830854148221e-24
-5.834222447919666129e-25,3.836790621364125993e-24,-2.453727571853763593e-25,-2.653983037924868369e-24
-5.629851143384167572e-25,2.028186116204893536e-25,-2.243540604342630814e-25,2.128030543316211899e-24
-6.014974224492417034e-25,-2.543850644004978638e-24,-1.583745143987625098e-25,3.636796352524763523e-24
-5.558224755580530241e-25,3.687427155951049197e-24,-1.858830746625585646e-25,-2.831473835371907978e-24
-5.383361534315758667e-25,5.582146039986594646e-26,-1.683119890130538948e-25,1.957201614657849335e-24
-5.797423826515469609e-25,-2.687864052598537341e-24,-1.056481350299055713e-25,3.472540949873867320e-24
-5.368930449347544956e-25,3.546955115378955917e-24,-1.363422174587206825e-25,-2.989242697863433872e-24
-5.221537580130025248e-25,-8.060921956174094962e-26,-1.218282409498961503e-25,1.805831398374069821e-24
-5.662193065056832261e-25,-2.819808894111195744e-24,-6.209488313150444140e-26,3.327478948010476395e-24
-5.259335081153200924e-25,3.419887177429457534e-24,-9.559471715339060119e-26,-3.128090604081840067e-24
-5.136549523560235264e-25,-2.024604930657121099e-25,-8.376370174459335560e-26,1.673098999638764423e-24
-5.600723889463274294e-25,-2.936152918681027369e-24,-2.659256557714523892e-26,3.200758498997429347e-24
-5.220245510439790159e-25,3.309293963175373309e-24,-6.253603643829036586e-26,-3.248907912209826322e-24
-5.118658504839287467e-25,-3.071041786354137165e-25,-5.303233428547552307e-26,1.558070661603984605e-24
-5.602817221749902709e-25,-3.034690995259298752e-24,1.925444233860340201e-27,3.091399621132737989e-24
-5.241084029066944259e-25,3.216977163432843723e-24,-3.611990131431062614e-26,-3.352722051053169490e-24
-5.156985818351714938e-25,-3.931222056359916711e-25,-2.860916437522376374e-26,1.459671539955230768e-24
-5.657366999328110029e-25,-3.114368676780442822e-24,2.446188928291113599e-26,2.998281069560957322e-24
-5.310586837955100110e-25,3.143647726733154512e-24,-1.536669924350287130e-26,-3.440698879003311506e-24
-5.240175512251476956e-25,-4.601269282884393609e-25,-9.538564101607059900e-27,1.376693554768871025e-24
-5.752986660225608943e-25,-3.175101417025003816e-24,4.194761375532546369e-26,2.920155406288497821e-24
-5.417394275336084386e-25,3.089107244204696963e-24,6.288939724528589408e-28,-3.514121965194382617e-24
-5.356948325103207973e-25,-5.085796916318431675e-25,5.058603232171376342e-27,1.307820507851016892e-24
-5.878526868604314477e-25,-3.217593669764402307e-24,5.523497245220421488e-26,2.855677508281480397e-24
-5.550532529581592323e-25,3.052427725380762607e-24,1.269193306557920409e-26,-3.574361512134124227e-24
-5.496547701998455872e-25,-5.396127672201914910e-25,1.597965236484557455e-26,1.251661052295100068e-24
-6.023486264900123239e-25,-3.243163106004669082e-24,6.509317956264530262e-26,2.803438865277326607e-24
-5.699789664330758590e-25,3.032124553840235207e-24,2.156325082784066668e-26,-3.622839203894408622e-24
-5.649081740067133408e-25,-5.548597398671582536e-25,2.393683322468772195e-26,1.206784296001284856e-24
-6.178320074846370098e-25,-3.253574823955947517e-24,7.220577915928573566e-26,2.762003291222823556e-24
-5.855991724562208262e-25,3.026318010425943851e-24,2.789763955122818201e-26,-3.660992682342321331e-24
-5.805767707811297208e-25,-5.562986557619640823e-25,2.955621562197208169e-26,1.171754882447300168e-24
-6.334654032991982196e-25,-3.250889532950942464e-24,7.717022087340976035e-26,2.729941340899995435e-24
-6.011187121859314386e-25,3.032879729481669723e-24,3.226410144810441922e-26,-3.690241986391007888e-24
-5.959088008256463570e-25,-5.461112098377049394e-25,3.337859474062550801e-26,1.145165529550235397e-24
-6.485413090475541300e-25,-3.237328628407227095e-24,8.049939781512666367e-26,2.705861683590897636e-24
-6.158749296318058430e-25,3.049561531226034393e-24,3.514799380577758490e-26,-3.711959466499974326e-24
-6.102868039662225943e-25,-5.265601732996592507e-25,3.586221615798565756e-26,1.125665722401416113e-24
-6.624875747001275652e-25,-3.215158009976187533e-24,8.262492225699117017e-26,2.688438315241380665e-24
-6.293408812963531059e-25,3.074105117338825697e-24,3.695482461479023885e-26,-3.727444125491038035e-24
-6.232287363495369098e-25,-4.998862464510608545e-25,3.738705947028375213e-26,1.111985761275216151e-24
-6.748665604983476112e-25,-3.186591513096672069e-24,8.390186434866878053e-26,2.676432950246931327e-24
-6.411226618082165392e-25,3.104332060448724008e-24,3.801541275277129554e-26,-3.737900915814177905e-24
-6.343835974628956038e-25,-4.682246201079518518e-25,3.826038584496925948e-26,1.102955753856353771e-24
-6.853691955578789525e-25,-3.153713966796727516e-24,8.461465267142018324e-26,2.668712292295124256e-24
-6.509520228333281655e-25,3.138214329079848183e-24,3.859210710886246138e-26,-3.744425191154655125e-24
-6.435227361419239623e-25,-4.335407659898229618e-25,3.872324140171809912e-26,1.097519449190036598e-24
-6.938050953983140402e-25,-3.118423176567157616e-24,8.498382785183910168e-26,2.664260170256357282e-24
-6.586754237983701227e-25,3.173926254262012235e-24,3.888575685314897438e-26,-3.747992244501089666e-24
-6.505279530514973636e-25,-3.975843613494551934e-25,3.895761115182992415e-26,1.094743056837636751e-24
-7.000898313183375926e-25,-3.082389565412709382e-24,8.517334790871814859e-26,2.662184752200706280e-24
-6.642405795857429033e-25,3.209879360699616399e-24,3.904313677105561233e-26,-3.749451655805245292e-24
-6.553774341644719375e-25,-3.618597848028321799e-25,3.909393385014627447e-26,1.093819386238464287e-24
-7.042303529429120663e-25,-3.047031785384899594e-24,8.529816319794327999e-26,2.661721225122425003e-24
-6.676814710688463267e-25,3.244741859762901782e-24,3.916455400669469867e-26,-3.749526014446305524e-24
-6.581304436843340692e-25,-3.276112911618517933e-25,3.921871344564435299e-26,1.094067783040832285e-24
-7.063094532863390462e-25,-3.013506326624223275e-24,8.543180674540704190e-26,2.662230454085926543e-24
-6.691026673245334991e-25,3.277444844429487659e-24,3.931139277209469336e-26,-3.748813470736083434e-24
-6.589115836010177020e-25,-2.958207710688273805e-25,3.938199502309858597e-26,1.094930435536092611e-24
-7.064700409848514519e-25,-2.982708988135633930e-24,8.561377967321947226e-26,2.663194216777318282e-24
-6.686636809937855685e-25,3.307177351613447761e-24,3.951338893100019112e-26,-3.747793501925346055e-24
-6.578952977499368212e-25,-2.672159116225860483e-25,3.960450965497042484e-26,1.095965680152348794e-24
-7.048998537654346502e-25,-2.955286018772387870e-24,8.585654887595663279e-26,2.664207652878390921e-24
-6.665639470549370653e-25,3.333372481099355789e-24,3.977546450253852697e-26,-3.746835246597888811e-24
-6.552911670277436137e-25,-2.422865804686406748e-25,3.988433117616554595e-26,1.096838955252970537e-24
-7.018171165631527444e-25,-2.931652771350921844e-24,8.615201293842209713e-26,2.664969577332664036e-24
-6.630288857153978903e-25,3.355686699588438406e-24,4.008399100353771751e-26,-3.746207761663955664e-24
-6.513304144521409395e-25,-2.213073409155569900e-25,4.020292661794092737e-26,1.097312042887967550e-24
-6.974575217834634401e-25,-2.912017820385404302e-24,8.647733068428104064e-26,2.665271288318115579e-24
-6.582973866829600052e-25,3.373974330197075991e-24,4.041238845712298746e-26,-3.746091582441131181e-24
-6.462539181623554682e-25,-2.043641525439387891e-25,4.053051930574165670e-26,1.097231204436925680e-24
-6.920627918161945861e-25,-2.896410657763188041e-24,8.680004323440194809e-26,2.664984460242543632e-24
-6.526109382000124467e-25,3.388259048760374694e-24,4.072600247954623030e-26,-3.746591012975594449e-24
-6.403019203674623476e-25,-1.913835041835791466e-25,4.083071819089924513e-26,1.096514763850791759e-24
-6.858709778492425553e-25,-2.884711284833727020e-24,8.708245389766773168e-26,2.664048654878420148e-24
-6.462045224058221733e-25,3.398703994029163168e-24,4.098623408946701852e-26,-3.747746635348054510e-24
-6.337055228502682225e-25,-1.821624489595183002e-25,4.106439792839212010e-26,1.095140626830124585e-24
-6.791085561970448161e-25,-2.876680249256461284e-24,8.728525980199699501e-26,2.662458915140089650e-24
-6.392993104441291239e-25,3.405581863370718045e-24,4.115392505495735349e-26,-3.749547598034356110e-24
-6.266799762621765547e-25,-1.763982507976675888e-25,4.119284092296925608e-26,1.093134150705495535e-24
-6.719843048262801784e-25,-2.871987917551088249e-24,8.737045438536208610e-26,2.660253830693251527e-24
-6.320971170793178745e-25,3.409246121319246868e-24,4.119202527985131334e-26,-3.751943319980901784e-24
-6.194197016844877158e-25,-1.737165965534889499e-25,4.118017470844167682e-26,1.090556702395980016e-24
-6.646848788882510120e-25,-2.870242018464882708e-24,8.730354045523429459e-26,2.657504386783593991e-24
-6.247765155704514438e-25,3.410104205779571964e-24,4.106758776367534494e-26,-3.754854324877434958e-24
-6.120949287287189658e-25,-1.736975678521855021e-25,4.099515550539019032e-26,1.087495164254703289e-24
-6.573719546097926536e-25,-2.871012728707927519e-24,8.705510946422002056e-26,2.654303830744795364e-24
-6.174904687575161704e-25,3.408593384566157612e-24,4.075315108486417149e-26,-3.758181996108834941e-24
-6.048497942193610758e-25,-1.758987938513438427e-25,4.061236171996491456e-26,1.084052573008778948e-24
-6.501807751203461671e-25,-2.873854794033095978e-24,8.660185410017728342e-26,2.650758717648478851e-24
-6.103653008718767590e-25,3.405159699820398446e-24,4.022757937727331705e-26,-3.761817113963361173e-24
-5.978017182564675872e-25,-1.798754143589247550e-25,4.001286977408602690e-26,1.080340007776141699e-24
-6.432199085976646729e-25,-2.878326379483999699e-24,8.592708856549232711e-26,2.646981229464559732e-24
-6.035008152843227967e-25,3.400240244815707622e-24,3.947643573956819636e-26,-3.765647101520816081e-24
-5.910418588930114252e-25,-1.851966676949476096e-25,3.918448937155715200e-26,1.076469780963769546e-24
-6.365720171217342803e-25,-2.884004519188043774e-24,8.502085443331004006e-26,2.643082802650344758e-24
-5.969713548089544339e-25,3.394248849748950640e-24,3.849196738546287673e-26,-3.769561962248724486e-24
-5.846364412874057117e-25,-1.914590766773185147e-25,3.812163658274886252e-26,1.072549931936218673e-24
-6.302954322923926120e-25,-2.890497186033777865e-24,8.387969021260052080e-26,2.639169048016634036e-24
-5.908276017058283813e-25,3.387565112253358702e-24,3.727278011158008552e-26,-3.773458940438521053e-24
-5.786287603933848308e-25,-1.982963379005853800e-25,3.682492148703595678e-26,1.068679978444712450e-24
-6.244263393629609879e-25,-2.897452124247324772e-24,8.250614026106128889e-26,2.635335904946070364e-24
-5.850989225346871297e-25,3.380526594814947102e-24,3.582327637791452912e-26,-3.777245974390180114e-24
-5.730416663892360485e-25,-2.053861239262212960e-25,3.530052309878677147e-26,1.064947844858949084e-24
-6.189813837324610785e-25,-2.904562683369777176e-24,8.090807399750063974e-26,2.631666938988540822e-24
-5.797960768765765748e-25,3.373423924554576108e-24,3.415292599438818821e-26,-3.780844042284770634e-24
-5.678803575150368058e-25,-2.124540861708506012e-25,3.355941844870015738e-26,1.061427859312780281e-24
-6.139605305394869694e-25,-2.911570961928701037e-24,7.909788001892618021e-26,2.628231667904661907e-24
-5.749141271097070996e-25,3.366498469243250685e-24,3.227543162473681948e-26,-3.784188521850973574e-24
-5.631353242642896047e-25,-2.192753998764718814e-25,3.161652552679414708e-26,1.058179693292405635e-24
-6.093500283310831223e-25,-2.918268614976629984e-24,7.709159222990989169e-26,2.625084785191839258e-24
-7.105758740970768048e-25,-5.683115760966766063e-24,1.264128022135756654e-25,2.416631586925182878e-24
-7.379488206461306446e-25,-1.134772927758166795e-25,7.500079623167180845e-26,-4.019724712788809043e-24
-8.023263388690700124e-25,-4.121719167593375329e-24,4.747360596781649332e-26,-6.077810712085562580e-25
-8.086048298211755130e-25,7.933439868628943337e-25,-3.512509453806048423e-26,-5.151662576233562549e-24
-8.489137353200128845e-25,-2.832290437168801297e-24,-6.615043596547363519e-26,-5.038262436635329556e-25
-8.150879443244797902e-25,3.006276626408332523e-24,-1.500836440649410676e-25,-5.267357553700480553e-24
-8.131410440850536317e-25,-7.490656766674064898e-25,-1.672437251724761368e-25,4.249149118003409161e-25
-8.703810365052993243e-25,-3.475665339464246886e-24,-1.278688838607802933e-25,2.415586172380417759e-24
-8.419460090511659400e-25,2.845827948334733740e-24,-1.757751564701936455e-25,-3.792404299298785914e-24
-8.394037192315194525e-25,-6.638386315400835249e-25,-1.751111555581638400e-25,1.145786220966799484e-24
-8.931353629972838605e-25,-3.273996973024673671e-24,-1.271871042417409712e-25,2.757490473946566364e-24
-8.599195270093211930e-25,3.095703687372461516e-24,-1.710698246898906848e-25,-3.632214998427386920e-24
-8.521723067608014331e-25,-4.006325353304555157e-25,-1.684658799513760676e-25,1.224417250895960499e-24
-9.006975773640042063e-25,-3.014581952018461057e-24,-1.194800138348949386e-25,2.803193546887115558e-24
-1.002614545714546595e-24,-5.699661791020239726e-24,-6.641206390904781056e-26,2.606531390900147646e-24
-1.029168766546908237e-24,-5.579338160330738651e-26,-1.138337765570523638e-25,-3.817521013778048855e-24
-1.091311723485575052e-24,-3.994261105719323594e-24,-1.371156697402586758e-25,-3.926852425019791134e-25
-1.094077831995941622e-24,9.829663708594429803e-25,-2.151675840347542121e-25,-4.920849005709748203e-24
-1.129681195882313985e-24,-2.583753547198384219e-24,-2.413746502170074907e-25,-2.600531783988788993e-25
-1.090059502470815191e-24,3.308039644649957934e-24,-3.202176042445253053e-25,-5.009792708729146137e-24
-1.081331066486738705e-24,-3.991800483674165094e-25,-3.320207334066618910e-25,6.956872823874420717e-25
-1.130897396457267938e-24,-3.082206864731959166e-24,-2.870538055704744207e-25,2.697698468417428124e-24
-1.093984767522325412e-24,3.278491608559265529e-24,-3.291726602782154190e-25,-3.500977904340714612e-24
-1.082247087196236847e-24,-1.962589047852427527e-25,-3.225636391582314253e-25,1.444680744283377177e-24
-1.126150152663467018e-24,-2.775713167668094004e-24,-2.685705337860230529e-25,3.062223273702842432e-24
-1.082555245809112425e-24,3.620580173194587340e-24,-3.062900249692257618e-25,-3.323097278852834819e-24
-1.063958771428401961e-24,1.468499607991476553e-25,-2.974556977247615273e-25,1.536598232203505765e-24
-1.101242124240270528e-24,-2.448336359117010857e-24,-2.421971954388622620e-25,3.117214786125831391e-24
-1.191598942915842318e-24,-5.118338558216100457e-24,-1.828376017318888503e-25,2.921247906617704931e-24
-1.206362466229515010e-24,5.360209535507874706e-25,-2.239735355299381631e-25,-3.503382087168415550e-24
-1.256539015972856280e-24,-3.394160713087164788e-24,-2.410432038891925392e-25,-8.312110707238477067e-26
-1.247218732409120737e-24,1.588398008369393960e-24,-3.129949677953868344e-25,-4.617182862964102168e-24
-1.270680336538053527e-24,-1.976300936112730280e-24,-3.332164466909844627e-25,3.793836329086417906e-26
-1.218925485137915798e-24,3.914348209791849526e-24,-4.061822899632775024e-25,-4.717148996628974012e-24
-1.198131478910931354e-24,2.030987533658431468e-25,-4.122144618843786651e-25,9.830371476375318688e-25
-1.235753182077270574e-24,-2.486561505599450069e-24,-3.615858192373533065e-25,2.979538760301444851e-24
-1.187065019310029909e-24,3.865153731109942417e-24,-3.981593075418625215e-25,-3.225043538202923978e-24
-1.163764408287077074e-24,3.792957000683554673e-25,-3.861306597811048259e-25,1.714218001534863792e-24
-1.196356481391011312e-24,-2.213186553444226966e-24,-3.268539848227302783e-25,3.324840147158440539e-24
-1.281878481727332737e-24,-4.874711109124223003e-24,-2.632313346547713069e-25,3.135945799990667217e-24
-1.291617360680283584e-24,7.894316635332018036e-25,-3.001129783344145465e-25,-3.291304191260744027e-24
-1.325531513479558274e-24,-2.418315286371206085e-24,-3.084506553374649431e-25,4.187962642361503150e-25
-1.279768930507892356e-24,3.656243050192226662e-24,-3.806227615853149276e-25,-4.776801495368738915e-24
-1.262669577666174029e-24,3.972792696815584586e-26,-3.906632503716939749e-25,7.417537552647410184e-25
-1.302775575289265029e-24,-2.599395984658731937e-24,-3.457091399460075062e-25,2.683610572466437117e-24
-1.255883427560467961e-24,3.782033100829684185e-24,-3.881472543950475700e-25,-3.517331528239945166e-24
-1.233925833171280874e-24,3.167677247636119136e-25,-3.815422613942981798e-25,1.449325418613244165e-24
-1.267504196569720300e-24,-2.258679576693392264e-24,-3.270293652003664239e-25,3.094554170242822067e-24
-1.353689163589400359e-24,-4.904289635788197260e-24,-2.674804611358607292e-25,2.940113996354556347e-24
-1.363776006468333184e-24,7.755561955203223974e-25,-3.077931510930516588e-25,-3.455691121799448103e-24
-1.397724154487685831e-24,-2.416493507011974601e-24,-3.189912286593325626e-25,2.820811342106064697e-25
-1.351683041245737729e-24,3.673670045731897999e-24,-3.935266693845438846e-25,-4.889494170491962112e-24
-1.333997285840721179e-24,7.248610760782615789e-26,-4.054996963297216567e-25,6.498697276449286835e-25
-1.373217439886579528e-24,-2.551771433334933413e-24,-3.621040285772633449e-25,2.609811959892309799e-24
-1.325151867849851680e-24,3.843893501459417016e-24,-4.057740917342049311e-25,-3.575323681898824584e-24
-1.301747910948063289e-24,3.921021765451229671e-25,-4.001144407290823564e-25,1.405229168055700752e-24
-1.333623724565901003e-24,-2.170730693165358548e-24,-3.462939597650221509e-25,3.062736529418895164e-24
-1.417868215642797221e-24,-4.804654898495036914e-24,-2.872133431847493441e-25,2.919187230216401950e-24
-1.425795931491599827e-24,8.859028659914430103e-25,-3.277951771847321518e-25,-3.466935437178087728e-24
-1.457386191437179851e-24,-2.296435294805851130e-24,-3.390852430186067824e-25,2.794520016039364604e-25
-1.408808617101937063e-24,3.802427898500388039e-24,-4.135551196474484823e-25,-4.884462636042234657e-24
-1.388428062122162521e-24,2.089320617800641389e-25,-4.253227023609693391e-25,6.616992022005460671e-25
-1.424815158807818716e-24,-2.408639081766555970e-24,-3.815977854847127162e-25,2.627652976966173234e-24
-1.373798037743387968e-24,3.992727996403239902e-24,-4.248295202089732059e-25,-3.552192647184388366e-24
-1.347343361822795865e-24,5.456781744834774745e-25,-4.186360219150443472e-25,1.432984998016300190e-24
-1.371853727340158471e-24,-1.740043715728914128e-24,-3.606712798126380379e-25,3.322145126249446238e-24
-1.436279357518541772e-24,-3.650879936489699678e-24,-2.930808900145000402e-25,3.393052214468850723e-24
-1.404323275634175620e-24,3.124060019111759060e-24,-3.352166915233555959e-25,-3.704381205485211992e-24
-1.392192519035257761e-24,-1.260443671409202202e-25,-3.382496934677920363e-25,8.818321843153786454e-25
-1.432711276147661193e-24,-2.577840693051111494e-24,-2.969390500471450782e-25,2.407819856517527288e-24
-1.383919977150589549e-24,3.898255312304343718e-24,-3.472556691573280170e-25,-3.945340973188252859e-24
-1.358883611980009462e-24,4.815668763588460630e-25,-3.496009012105794040e-25,9.964677618055239911e-25
-1.384515399412349773e-24,-1.793827356461512586e-24,-3.001348221661000865e-25,2.900830935220042642e-24
-1.449977602419426738e-24,-3.702186907453775986e-24,-2.403865354693778773e-25,3.009673047782986506e-24
-1.419041016566156294e-24,3.073141410263497893e-24,-2.895174063380400372e-25,-4.044150242967368427e-24
-1.407916016531120326e-24,-1.761826095755493068e-25,-2.987002898558838200e-25,5.839035174252221554e-25
-1.449405423146136110e-24,-2.625934384177778766e-24,-2.627720224488376990e-25,2.147235207037859722e-24
-1.401522311958754485e-24,3.853602856531703604e-24,-3.178019687067349370e-25,-4.173625025687311642e-24
-1.377306387436915433e-24,4.415803076968089126e-25,-3.242868209682924941e-25,7.958009108843117018e-25
-1.403650522114373596e-24,-1.828191978251022751e-24,-2.784701641232317025e-25,2.723756469646866088e-24
-1.469702072556012994e-24,-3.730246320023346980e-24,-2.219509991511319705e-25,2.852852615193189062e-24
-1.439221898012333040e-24,3.051829198359937515e-24,-2.739480502679587054e-25,-4.183445846518838740e-24
-1.428414628928874877e-24,-1.905058814732159177e-25,-2.856809822236918885e-25,4.599068594985416714e-25
-1.470080738055078511e-24,-2.633187815063095452e-24,-2.520249486184958610e-25,2.036713033813282447e-24
-1.422233645335914445e-24,3.853373258538442313e-24,-3.090809409228723394e-25,-4.272182367693149679e-24
-1.397915508508852879e-24,4.482294048822054794e-25,-3.173720540247363809e-25,7.079441832760369123e-25
-1.424023292378903686e-24,-1.814886221831156309e-24,-2.731641988816347852e-25,2.645527710195254139e-24
-1.489709710899857584e-24,-3.710565185259647865e-24,-2.180755073088694611e-25,2.783329570005664773e-24
-1.458741948680434064e-24,3.077559220457076125e-24,-2.713413096754096437e-25,-4.245066316056973988e-24
-1.447331692113032388e-24,-1.590874413706752428e-25,-2.841958612921355259e-25,4.054812005069276808e-25
-1.488287009180228865e-24,-2.596466329950553955e-24,-2.515272780291938087e-25,1.988851716500633936e-24
-1.439629298563633197e-24,3.894994922745097113e-24,-3.094481813760159568e-25,-4.314046353875831695e-24
-1.414408952020807238e-24,4.943370059925343179e-25,-3.184921916956969377e-25,6.715633128851222069e-25
-1.439531317069633439e-24,-1.764713204556950162e-24,-2.749348172684283376e-25,2.614160259124888116e-24
-1.504157549692905869e-24,-3.656749267524886077e-24,-2.204029967331871205e-25,2.756543888886747606e-24
-1.472063260383733815e-24,3.134597150620948329e-24,-2.741401850086780481e-25,-4.267668927844561111e-24
-1.459468481246008321e-24,-9.924368180853619624e-26,-2.873881654001438273e-25,3.866918601269661682e-25
-1.499189491314264272e-24,-2.534225598662415836e-24,-2.550420536113661262e-25,1.973531517638858978e-24
-1.449255719258802379e-24,3.959233325240132323e-24,-3.132209977867827695e-25,-4.326218478584585255e-24
-1.422725366299930966e-24,5.601852333218592628e-25,-3.224647163118410267e-25,6.622391421383039784e-25
-1.446511335462710470e-24,-1.697629939489685581e-24,-2.790544232504727176e-25,2.607403137215298459e-24
-1.509782056151550278e-24,-3.588791344449477037e-24,-2.246224007943950550e-25,2.752090694103488160e-24
-1.476320106762955112e-24,3.203084879118474679e-24,-2.784171101797230637e-25,-4.270064729578694651e-24
-1.462352162548107059e-24,-3.055455780141211641e-26,-2.916850248535158652e-25,3.861224944671956351e-25
-1.500700805463778701e-24,-2.465646314629370470e-24,-2.593256524554883861e-25,1.974572343058087692e-24
-1.589541881448996918e-24,-5.015648712007321390e-24,-2.212572917335217562e-25,1.880091539079985743e-24
-1.600697840146066673e-24,7.388114129762578449e-25,-2.811304024972292120e-25,-4.409260487232200336e-24
-1.634369689111255701e-24,-2.388103718325032691e-24,-3.095703877294559220e-25,-5.528606933398065728e-25
-1.586816738952753816e-24,3.762861329306770540e-24,-3.990269955461400216e-25,-5.609207330305723865e-24
-1.566439781791594269e-24,2.201130542402965356e-25,-4.237638401224954644e-25,3.583238643247755216e-26
-1.597595059705474711e-24,-2.074303505990377243e-24,-3.876640754027377136e-25,2.317881463524198038e-24
-1.668115107209380815e-24,-3.947044434185733602e-24,-3.364099077009847856e-25,2.631191482839898127e-24
-1.641124257886269987e-24,2.889708360071241314e-24,-3.913329629877722744e-25,-4.307780405535334389e-24
-1.632555692703469334e-24,-2.878186088368529197e-25,-4.047085724011926534e-25,3.900715849682613168e-25
-1.670894733576693103e-24,-2.390126311134081064e-24,-3.683905199895924465e-25,2.228831337483869919e-24
-1.746153670247744477e-24,-4.161015509454728166e-24,-3.217389732837954015e-25,2.360104470518539566e-24
-1.722565653558768775e-24,2.732314870043310272e-24,-3.829022227366690071e-25,-4.631544588824536511e-24
-1.716603258105428928e-24,-4.102609901567135637e-25,-4.026441167851765848e-25,7.350580976650513257e-26
-1.756998907426589219e-24,-2.487267556226530671e-24,-3.721678964086532806e-25,1.944012922674777544e-24
-1.833868575408505423e-24,-4.236737766173452642e-24,-3.306081407389526430e-25,2.114444827110402056e-24
-1.811483308268366441e-24,2.676695590726121260e-24,-3.960848003684433799e-25,-4.838373395209526049e-24
-1.806326830940563326e-24,-4.461144898116793164e-25,-4.194157405506323492e-25,-9.788164889345823824e-26
-1.847134657183507335e-24,-2.503457264319263648e-24,-3.918852273862804526e-25,1.803825555489902067e-24
-1.924026051644907392e-24,-4.233447037863769408e-24,-3.527110330852146608e-25,2.001324173854963558e-24
-1.901278676255602934e-24,2.699092572531776694e-24,-4.200886819695826148e-25,-4.928100600526772096e-24
-1.895386926107197329e-24,-4.051914800901581054e-25,-4.449012472013622438e-25,-1.673538401404015362e-25
-1.935100750223638649e-24,-2.444771401490588795e-24,-4.184881088993968696e-25,1.751965505318403215e-24
-2.010556967033589998e-24,-4.157909449677000777e-24,-3.801134153473997653e-25,1.964852909943425132e-24
-1.986053204947345003e-24,2.790458159721686474e-24,-4.480118968843556848e-25,-4.951065934199007821e-24
-1.978105592845335981e-24,-2.991028668829641535e-25,-4.731000916359950600e-25,-1.784247957113812402e-25
-2.015487032373310580e-24,-2.325119717519650122e-24,-4.467462859492051025e-25,1.751392539931016056e-24
-2.088358062614941997e-24,-4.025888189336954848e-24,-4.082399078105678299e-25,1.973552907583331743e-24
-2.061040435249958966e-24,2.933639300458524143e-24,-4.758380575877325006e-25,-4.934180139467317339e-24
-2.050074509806964346e-24,-1.459737390963331619e-25,-5.004772784868288044e-25,-1.543279020342729379e-25
-2.084257286880682929e-24,-2.163245342435174214e-24,-4.735439094016339277e-25,1.781819085863989552e-24
-2.153773078296304239e-24,-3.856452905683685756e-24,-4.343437911308565726e-25,2.009506323317129249e-24
-2.122966923247696602e-24,3.109477124786841480e-24,-5.011490356728217945e-25,-4.893435116591557767e-24
-2.108401853082988988e-24,3.514044456448001801e-26,-5.249099800897094995e-25,-1.094676034887606355e-25
-2.138896817362578308e-24,-1.977943688388917511e-24,-4.970256817709499890e-25,1.830170571973489806e-24
-2.204657266203419941e-24,-3.668011196844111970e-24,-4.568137364928938807e-25,2.060771883539046020e-24
-2.170048494908182367e-24,3.300056343799354582e-24,-5.225571366510382028e-25,-4.839789825126118628e-24
-2.151652851209852303e-24,2.269022243475166732e-25,-5.452162968165619442e-25,-5.393755447461134717e-26
-2.178307615911598858e-24,-1.785904564090766886e-24,-5.161996076484122791e-25,1.887126980439577578e-24
-2.240235550452676600e-24,-3.476548589170394108e-24,-4.748333026991923902e-25,2.118730497264033119e-24
-2.201818216181291672e-24,3.490141092924767000e-24,-5.394083578565133889e-25,-4.781220896370685057e-24
-2.179653164643851068e-24,4.148610474329193881e-25,-5.608925523651613669e-25,4.880351201163780442e-27
-2.202591808796384585e-24,-1.600766071631608082e-24,-5.307010538298129499e-25,1.945861569352984004e-24
-2.260869967907132927e-24,-3.294871110395360488e-24,-4.881663127849849880e-25,2.177077167595574210e-24
-2.218881190256031636e-24,3.667770358091711846e-24,-5.515849873800471209e-25,-4.723540289752060832e-24
-2.193233952333659112e-24,5.879078763944198695e-25,-5.719300277448462325e-25,6.164205885384542534e-26
-2.212789543893520102e-24,-1.432783670365694642e-24,-5.406212829121255181e-25,2.001475771932105433e-24
-2.267792631119636211e-24,-3.132383858978076525e-24,-4.969954162482877860e-25,2.231338456435505801e-24
-2.222644601545913919e-24,3.824381852571214058e-24,-5.593528502172883919e-25,-4.670815121450566730e-24
-2.193960788992759243e-24,7.383117966349449135e-25,-5.786698702512701506e-25,1.126691325722977792e-25
-2.210608387465777710e-24,-1.288871828016174798e-24,-5.463692507577697010e-25,2.050663060034385568e-24
-2.262837045894587887e-24,-2.995202892607385583e-24,-5.017901893252854684e-25,2.278563615482807960e-24
-2.215052246986882321e-24,3.954637128222399011e-24,-5.632352700282199448e-25,-4.625656011839698769e-24
-2.183872568122737376e-24,8.614887306126374240e-25,-5.816825856540408109e-25,1.556757795969361521e-25
-2.198167632913134126e-24,-1.172885623961272256e-24,-5.485563819101169748e-25,2.091447430293502168e-24
-2.248188744998194783e-24,-2.886481511703138848e-24,-5.031970096832585914e-25,2.317071592683572303e-24
-2.198342307075374613e-24,4.056055867529036581e-24,-5.639079062511326638e-25,-4.589463739774800189e-24
-2.165247122814689556e-24,9.556012250615260390e-25,-5.816677352565000853e-25,1.895269531081890852e-25
-2.177772390033300730e-24,-1.086050848992675431e-24,-5.479010484827021577e-25,2.122945154079694220e-24
-2.226168376469313696e-24,-2.806865904104344558e-24,-5.019482554786902177e-25,2.346215691849268427e-24
-2.174839880924839202e-24,4.128538780176738836e-24,-5.621126219043916110e-25,-4.562662117921320554e-24
-2.140403577230278496e-24,1.021063734624781646e-24,-5.793724263767119081e-25,2.140077265442480349e-25
-2.151726049211918223e-24,-1.027472717151662084e-24,-5.451516388223533633e-25,2.145136364047665749e-24
-2.199054507826719841e-24,-2.755014453535407334e-24,-4.987899063534824489e-25,2.366157470515729942e-24
-2.146790293072561821e-24,4.173840886077963522e-24,-5.585895675049122498e-25,-4.544921581708280182e-24
-2.111546257977803818e-24,1.060011480407124685e-24,-5.755278245819682059e-25,2.296024951422462457e-25
-2.122184842717511629e-24,-9.946686458943458683e-25,-5.410274370955713281e-25,2.158647376478257183e-24
-2.168948829898522709e-24,-2.728129565815401523e-24,-4.944267222726124944e-25,2.377652548144028174e-24
-2.116234883512495981e-24,4.195043047554037818e-24,-5.540265834545161334e-25,-4.535369510339467670e-24
-2.080650968763888999e-24,1.075777561421260228e-24,-5.708026961097270160e-25,2.372889183301995916e-25
-2.091054460735152796e-24,-9.840835234985902324e-25,-5.361762144155033726e-25,2.164549287588142843e-24
-2.137682932857576623e-24,-2.722463447607916364e-24,-4.894837843787773026e-25,2.381854236803565201e-24
-2.084927727624129918e-24,4.196057377081300524e-24,-5.490245842931184037e-25,-4.532781197696915621e-24
-2.049391406698965197e-24,1.072411081810881874e-24,-5.657725222444006735e-25,2.383526898802181907e-25
-2.059925888343557722e-24,-9.915574892453162175e-25,-5.311469536100741646e-25,2.164178802046384544e-24
-2.106763263095169623e-24,-2.733770575608264921e-24,-4.844827045139404132e-25,2.380140717095732093e-24
-2.054289390110293757e-24,4.181191148096928563e-24,-5.440771220282086113e-25,-4.535746070374344591e-24
-2.019101371312616404e-24,1.054258366746439359e-24,-5.609022808326013773e-25,2.342281526583577357e-25
-2.030045711258429777e-24,-1.012726625597756798e-24,-5.263757092751166302e-25,2.158985874489581958e-24
-2.077349153655721650e-24,-2.757689642421332635e-24,-4.798304207982546752e-25,2.373969867232065408e-24
-2.025392296957253524e-24,4.154784123265713815e-24,-5.395619715266113422e-25,-4.542805543416766836e-24
-1.990767086181433638e-24,1.025619972180623499e-24,-5.565406737317725115e-25,2.263678528631320552e-25
-2.002314988894208114e-24,-1.043345973983131517e-24,-5.221823281274552854e-25,2.150410736337507688e-24
-2.050257846314304572e-24,-2.790046413093758268e-24,-4.758182609684352534e-25,2.364763793736155403e-24
-1.998971501993227388e-24,4.120925940028513105e-24,-5.357423867609843270e-25,-4.552560984622635373e-24
-1.965043305259704635e-24,9.904882996019011746e-25,-5.529234263138906289e-25,2.161420528945940000e-25
-1.977310297401866816e-24,-1.079531793177152615e-24,-5.187756430976949673e-25,2.139790830494270883e-24
-2.025990071593398235e-24,-2.827076042218556907e-24,-4.726288839015012700e-25,2.353823106607129886e-24
-1.975454409062287559e-24,4.083253472127382650e-24,-5.327756446121135953e-25,-4.563752204720332340e-24
-1.942286788742040674e-24,9.523643025767138416e-25,-5.501832908625890505e-25,2.047673472564335560e-25
-1.955320578431336333e-24,-1.117925906293855773e-24,-5.162647965367117835e-25,2.128296383640715160e-24
-2.004769898523169917e-24,-2.865568932040027386e-24,-4.703487861383842591e-25,2.342269278957787308e-24
