1.000000000000000056e-01,0.000000000000000000e+00,-1.000000000000000056e-01,0.000000000000000000e+00
9.790281257678279392e-02,-2.095938016691394068e-01,-9.475940033622543002e-02,5.237180996383332676e-01
9.338892637509571548e-02,-2.414259405665757363e-01,-8.410758026020850875e-02,5.404721195997416183e-01
8.852050313597027709e-02,-2.450313544205097727e-01,-7.382321529523544479e-02,4.869548754549695158e-01
8.363082746888701735e-02,-2.435747479915120473e-01,-6.464698981131100641e-02,4.297474054089792106e-01
7.878751492218823149e-02,-2.404211047010491875e-01,-5.656514833149445254e-02,3.776093016051882412e-01
7.401881574129508257e-02,-2.361375420404720205e-01,-4.946976223664596717e-02,3.311859350595509066e-01
6.934554081578285512e-02,-2.309007233615023025e-01,-4.325078441312552036e-02,2.900434798924246271e-01
6.478551692614074875e-02,-2.248326891860878418e-01,-3.780784483103118154e-02,2.536490847334448295e-01
6.035422363283574759e-02,-2.180463854337176266e-01,-3.305091227823363231e-02,2.215027080416650807e-01
5.606492303538591210e-02,-2.106508303692619100e-01,-2.889949876853400990e-02,1.931509497494089955e-01
5.192874001068558537e-02,-2.027508691790176898e-01,-2.528174575480032077e-02,1.681849282062315709e-01
4.795475375274509122e-02,-1.944463648877837181e-01,-2.213357321586169671e-02,1.462363350366947257e-01
4.415010386223904709e-02,-1.858315031950306950e-01,-1.939790459173446058e-02,1.269736357434318175e-01
4.052010912300071238e-02,-1.769942654625324685e-01,-1.702396590011484231e-02,1.100985851081933142e-01
3.706839475162549552e-02,-1.680160751109353034e-01,-1.496665013992341808e-02,9.534309033806676048e-02
3.379702581358715735e-02,-1.589715849190334873e-01,-1.318594296612182401e-02,8.246635476060035219e-02
3.070664327624028980e-02,-1.499285971642327631e-01,-1.164640188724623548e-02,7.125230480168738556e-02
2.779660071915013991e-02,-1.409480882581533034e-01,-1.031668489369993655e-02,6.150724731670300510e-02
2.506509966051725935e-02,-1.320843232083739605e-01,-9.169123822518681147e-03,5.305774230202917746e-02
2.250932186885342898e-02,-1.233850436613594809e-01,-8.179338362333480467e-03,4.574866965154556625e-02
2.012555735068598251e-02,-1.148917148216427320e-01,-7.325887038044247117e-03,3.944147088591973965e-02
1.790932686908495997e-02,-1.066398188425482091e-01,-6.589951652379559370e-03,3.401255069397512293e-02
1.585549832976246992e-02,-9.865918207780231819e-02,-5.955052449167107763e-03,2.935182047045772208e-02
1.395839647709670381e-02,-9.097432870229928137e-02,-5.406791222184377001e-03,2.536137658721522928e-02
1.221190505411651715e-02,-8.360484950609207988e-02,-4.932619224917766769e-03,2.195429601024508764e-02
1.060956179233023787e-02,-7.656577972865136195e-02,-4.521628561897978425e-03,1.905354057331191606e-02
9.144645639652797600e-03,-6.986798053251458418e-02,-4.164364208700897969e-03,1.659096332182984079e-02
7.810256279103031281e-03,-6.351851610880537846e-02,-3.852654893765434987e-03,1.450640181003066270e-02
6.599386905904790906e-03,-5.752102749569493190e-02,-3.579462321455467548e-03,1.274686026062464214e-02
5.504988623762933388e-03,-5.187609161693077647e-02,-3.338744561278455831e-03,1.126576133911262774e-02
4.520028365135053856e-03,-4.658156956333963511e-02,-3.125334531800247513e-03,1.002227087346976679e-02
3.637539778674979494e-03,-4.163293837549972287e-02,-2.934831055175881817e-03,8.980684572120355494e-03
2.850667886702420561e-03,-3.702360604373655661e-02,-2.763501934365746038e-03,8.109872851334484420e-03
2.152707289558711008e-03,-3.274520675294102789e-02,-2.608197135935270885e-03,7.382777389275618773e-03
1.537135151536605333e-03,-2.878787904370460823e-02,-2.466272246775007369e-03,6.775958594630568203e-03
9.976384088804968620e-04,-2.514052267488711689e-02,-2.335519974394833793e-03,6.269185575592165112e-03
5.281361769126490403e-04,-2.179103572991386573e-02,-2.214109643845581146e-03,5.845065999452701139e-03
1.227976076327516337e-04,-1.872653208524328872e-02,-2.100533724612425098e-03,5.488713093316314844e-03
-2.239444117297342460e-04,-1.593353943500852229e-02,-1.993560680902705870e-03,5.187446160362738784e-03
-5.173833456168886813e-04,-1.339817837930946248e-02,-1.892193492304761757e-03,4.930521641400702725e-03
-7.625325416270981082e-04,-1.110632288645498067e-02,-1.795633211262356605e-03,4.708891512525108930e-03
-9.641214947731697755e-04,-9.043743931167877101e-03,-1.703247520971925503e-03,4.514987336513613669e-03
-1.126595321055189579e-03,-7.196235998585935774e-03,-1.614542685252713574e-03,4.342528520900812081e-03
-1.254116229408821365e-03,-5.549727385578567297e-03,-1.529139646038958113e-03,4.186348679426879667e-03
-1.350567184490805012e-03,-4.090376549623360447e-03,-1.446753229625766593e-03,4.042243515068827051e-03
-1.419557392924385630e-03,-2.804653761062192267e-03,-1.367174155049526250e-03,3.906834255209682902e-03
-1.464429069039026397e-03,-1.679410918830995768e-03,-1.290253975899390481e-03,3.777447610443725266e-03
-1.488265807465740222e-03,-7.019385761142690706e-04,-1.215891766830017214e-03,3.652009671712847568e-03
-1.493901768347075153e-03,1.399875003071649458e-04,-1.144023153021864582e-03,3.528951859654301960e-03
-1.483931751003461641e-03,8.580696274024224822e-04,-1.074611018785807167e-03,3.407128892940677715e-03
-1.460721938739459541e-03,1.463460538020651446e-03,-1.007637714052441336e-03,3.285746952887349734e-03
-1.426421060760102010e-03,1.966743904016342651e-03,-9.430986894050962313e-04,3.164300645344716133e-03
-1.382971920936890966e-03,2.377921903089007510e-03,-8.809972335283581179e-04,3.042518863713184005e-03
-1.332123087051671154e-03,2.706409351861842946e-03,-8.213402576529006899e-04,2.920317557309433810e-03
-1.275440642272196445e-03,2.961033428417015473e-03,-7.641349575291801581e-04,2.797759264615059822e-03
-1.214319893447468298e-03,3.150038316282192247e-03,-7.093862286590362594e-04,2.675018526284064432e-03
-1.149996954010281281e-03,3.281094123718776134e-03,-6.570946956439394733e-04,2.552352514736544106e-03
-1.083560099995538014e-03,3.361309482243554376e-03,-6.072552978878479734e-04,2.430076101191299895e-03
-1.015960844393945820e-03,3.397247108942651281e-03,-5.598563743949361293e-04,2.308541144608232832e-03
-9.480246804572544555e-04,3.394941962597854135e-03,-5.148790605677617312e-04,2.188119352183883273e-03
-8.804614401803706946e-04,3.359921431670777336e-03,-4.722970439746617972e-04,2.069188172498146860e-03
-8.138752287660722031e-04,3.297227147287634576e-03,-4.320765427320944971e-04,1.952119450026871010e-03
-7.487739136713671834e-04,3.211437991285112734e-03,-3.941765147615159531e-04,1.837270422656792817e-03
-6.855781445892430862e-04,3.106693957815410967e-03,-3.585490157151490702e-04,1.724976808814058290e-03
-6.246298903285975486e-04,2.986720564663608839e-03,-3.251396782962094612e-04,1.615547622771763359e-03
-5.662004845278843877e-04,2.854853526102054360e-03,-2.938882805872841631e-04,1.509261484670110275e-03
-5.104981774309458754e-04,2.714063441076013886e-03,-2.647293756511432273e-04,1.406364198078655266e-03
-4.576751955668615854e-04,2.566980282677530645e-03,-2.375929592651335924e-04,1.307067391470994157e-03
-4.078343152473061094e-04,2.415917504921775896e-03,-2.124051562042264844e-04,1.211548045359501970e-03
-3.610349591470280090e-04,2.262895610863104034e-03,-1.890889089329765896e-04,1.119948746155382223e-03
-3.172988280751114481e-04,2.109665051227063107e-03,-1.675646555290376651e-04,1.032378527750745694e-03
-2.766150837582130053e-04,1.957728346826208971e-03,-1.477509864995834785e-04,9.489141817148753809e-04
-2.389450943491643151e-04,1.808361346025338890e-03,-1.295652712689200300e-04,8.696019200876761984e-04
-2.042267658234386872e-04,1.662633547539334351e-03,-1.129242493381427619e-04,7.944593176380638187e-04
-1.723784769916934258e-04,1.521427445410609113e-03,-9.774458080236897233e-05,7.234774427625109390e-04
-1.433026382236577789e-04,1.385456852029438727e-03,-8.394335314100881862e-05,6.566231147485949082e-04
-1.168888929900513261e-04,1.255284185425235236e-03,-7.143854213357065026e-05,5.938412242891204880e-04
-9.301698431443270116e-05,1.131336705574109052e-03,-6.014942625503974500e-05,5.350570781497287912e-04
-7.155933267505564530e-05,1.013921846071742490e-03,-4.999695557355877804e-05,4.801787266759295495e-04
-5.238321269298207208e-05,9.032409167301568790e-04,-4.090407014693537950e-05,4.290992378287969184e-04
-3.535280436177451653e-05,7.994025558081377424e-04,-3.279597948285077071e-05,3.816988977973366135e-04
-2.033096483169328275e-05,7.024351273446183090e-04,-2.560039905927344490e-05,3.378472946944906046e-04
-7.180653902574398016e-06,6.122974389648796730e-04,-1.924774028193349158e-05,2.974053470809479016e-04
4.233752996827367574e-06,5.288891273397582559e-04,-1.367126623390531018e-05,2.602271460550287761e-04
1.404537467939521157e-05,4.520599860493380905e-04,-8.807210469927019859e-06,2.261616956812693242e-04
2.238392414811084277e-05,3.816183605478092912e-04,-4.594859769798152272e-06,1.950545188228660232e-04
2.937491520167076215e-05,3.173391095177904310e-04,-9.766176866925382567e-07,1.667490796898532122e-04
3.513910736006836910e-05,2.589701389454811742e-04,2.101977806024349777e-06,1.410881969394721239e-04
3.979201113126274217e-05,2.062387716019457482e-04,4.692249582654129894e-06,1.179151531817628049e-04
4.344352900174316436e-05,1.588571801157872892e-04,6.842400132901708892e-06,9.707478499309270378e-05
4.619772145723352537e-05,1.165268951721339850e-04,8.597566673515568818e-06,7.841443033594370365e-05
4.815257956354481589e-05,7.894421175928650598e-05,9.999840672690896509e-06,6.178453212271626854e-05
4.940001690422013794e-05,4.580267672827497961e-05,1.108837589668077755e-05,4.703977314427986117e-05
5.002582736914141571e-05,1.679679633298568090e-05,1.189946483997489447e-05,3.403930545880122163e-05
5.010973151318642106e-05,-8.375239545634537437e-06,1.246663399676821512e-05,2.264731086041592197e-05
4.972547218150205758e-05,-3.000922365300872095e-05,1.282074834599242727e-05,1.273339588799525941e-05
4.894095555240171981e-05,-4.839298312952077950e-05,1.299012236898199005e-05,4.172898822290442157e-06
4.781842446603092251e-05,-6.380478957657691891e-05,1.300063698040903600e-05,-3.152886938718160876e-06
4.641466141129232584e-05,-7.651207295167092412e-05,1.287585989829140797e-05,-9.356566387935871942e-06
4.478121409128365898e-05,-8.677042120100277099e-05,1.263716908626568267e-05,-1.454455867364648176e-05
4.296464272479180876e-05,-9.482281749204304780e-05,1.230387568127011312e-05,-1.881706950401735838e-05
4.100677910816354359e-05,-1.008991259375489202e-04,1.189334848356859535e-05,-2.226810244183796900e-05
3.894498751087761384e-05,-1.052157597467552418e-04,1.142113596492401323e-05,-2.498553793385525188e-05
3.681246891801366394e-05,-1.079755040750433930e-04,1.090107134080619868e-05,-2.705119847931526775e-05
3.463845093873696966e-05,-1.093676523865478581e-04,1.034544408254964869e-05,-2.854099487244052068e-05
3.244853548288070507e-05,-1.095679022740419015e-04,9.765065051553984394e-06,-2.952527250779039052e-05
3.026494026083916618e-05,-1.087387259246876451e-04,9.169395439779465880e-06,-3.006879347194263812e-05
2.810675573124603386e-05,-1.070296629539564968e-04,8.566657742072227231e-06,-3.023102156044257490e-05
2.599020299268299956e-05,-1.045777091646492166e-04,7.963937391100839167e-06,-3.006636228906184498e-05
2.392889206011331027e-05,-1.015077996157688102e-04,7.367275898394537135e-06,-2.962437449641951455e-05
2.193404941138672577e-05,-9.793332487266803211e-05,6.781769891096788933e-06,-2.895000429082595020e-05
2.001474359874281736e-05,-9.395667224543754537e-05,6.211660600621360900e-06,-2.808385470972072899e-05
1.817807099662632739e-05,-8.966972983117025534e-05,5.660430329888021142e-06,-2.706248657330865878e-05
1.642945079508589964e-05,-8.515467773372083367e-05,5.130841577657676628e-06,-2.591856117666902230e-05
1.477271635171764671e-05,-8.048442116913980340e-05,4.625054460845108024e-06,-2.468113148679765260e-05
1.321032994438128061e-05,-7.572321122185541546e-05,4.144681272713997246e-06,-2.337596063156928186e-05
1.174354895720701561e-05,-7.092726253065474761e-05,3.690850064770582095e-06,-2.202572216814137470e-05
1.037257992323448808e-05,-6.614534358898314969e-05,3.264264405209810670e-06,-2.065023271283500863e-05
9.096717955218778967e-06,-6.141934073599501808e-05,2.865259723188744798e-06,-1.926668615586992018e-05
7.914489097103960522e-06,-5.678485696108233409e-05,2.493849352102625704e-06,-1.788985536950546502e-05
6.823764497031380096e-06,-5.227173873196261361e-05,2.149773444895592882e-06,-1.653230286153341581e-05
5.821870557378978563e-06,-4.790459322313957754e-05,1.832541008502215285e-06,-1.520458861541994874e-05
4.905688652258120814e-06,-4.370328593329415016e-05,1.541468112667771479e-06,-1.391545792907892332e-05
4.071745230801893162e-06,-3.968341266084833568e-05,1.275712393064230169e-06,-1.267202061616552316e-05
3.316290392373026320e-06,-3.585671406412280991e-05,1.034307020833520275e-06,-1.147993285576440599e-05
2.635374452663532441e-06,-3.223157517744721891e-05,8.161805985742998184e-07,-1.034351932304696210e-05
2.024911981490315640e-06,-2.881336049179536739e-05,6.201882844099436895e-07,-9.265947727046905825e-06
1.480736751682559348e-06,-2.560479195075845518e-05,4.451321187508887485e-07,-8.249360818141651135e-06
9.986510730086820217e-07,-2.260628990629952133e-05,2.897803109347514718e-07,-7.295002248871762217e-06
5.744686897725234730e-07,-1.981628726230544947e-05,1.528840387889508524e-07,-6.403334607419888660e-06
2.040449337373302892e-07,-1.723148274565497213e-05,3.319341235493403285e-08,-5.574162248766337165e-06
-1.167058480886488312e-07,-1.484725638971104881e-05,-7.054588811178451886e-08,-4.806662570007943933e-06
-3.917032069159225370e-07,-1.265764576632901210e-05,-1.595435893652225351e-07,-4.099605208084837062e-06
-6.247349231984775815e-07,-1.065575265310896803e-05,-2.349785924266616972e-07,-3.451312403162394944e-06
-8.195171675276068330e-07,-8.834005629590744094e-06,-2.980171720937555652e-07,-2.859746792094988635e-06
-9.795704572738347333e-07,-7.184166496303071972e-06,-3.497710651441259779e-07,-2.322660076078507069e-06
-1.108246325472295246e-06,-5.697562417616131580e-06,-3.913047988197988304e-07,-1.837584560944077186e-06
-1.208766146655021364e-06,-4.365248917553405202e-06,-4.236469200697044681e-07,-1.401888597656934939e-06
-1.284081096334034801e-06,-3.178015941270572835e-06,-4.477433171170935961e-07,-1.012870647977906321e-06
-1.337004120156458193e-06,-2.126642259636988449e-06,-4.644994427149964434e-07,-6.677293014645226785e-07
-1.370160665558263281e-06,-1.201952494482307264e-06,-4.747644097703064299e-07,-3.636364301230060842e-07
-1.385994406607066799e-06,-3.948757351876845413e-07,-4.793310121401121235e-07,-9.777646383032965626e-08
-1.386770427791329715e-06,3.034843772245161518e-07,-4.789363601584533453e-07,1.326344483883486241e-07
-1.374579399133252531e-06,9.017924949007126790e-07,-4.742627056297281584e-07,3.303278126788360512e-07
-1.351342872834688889e-06,1.408435445725161713e-06,-4.659388486589880384e-07,4.979641141526731240e-07
-1.318818895715311927e-06,1.831486244010354162e-06,-4.545417113326702894e-07,6.381177729320053507e-07
-1.278606260084298596e-06,2.178670458761102918e-06,-4.405973836523445925e-07,7.532676026498460639e-07
-1.232150535026035954e-06,2.457339466598871751e-06,-4.245825644671853541e-07,8.457867213349998587e-07
-1.180752613745344456e-06,2.674456252861325878e-06,-4.069271470126994380e-07,9.179311139908810873e-07
-1.125577135594334466e-06,2.836583446489975062e-06,-3.880168322852057861e-07,9.718355278017028931e-07
-1.067661233336266408e-06,2.949877716807529417e-06,-3.681957893356749211e-07,1.009509990173625086e-06
-1.007923092224102294e-06,3.020089638037224130e-06,-3.477693091414990555e-07,1.032837796530190084e-06
-9.471702342219574985e-07,3.052568341387228352e-06,-3.270064101232297033e-07,1.043575066489847439e-06
-8.861071446597077475e-07,3.052274500848750537e-06,-3.061423196612928181e-07,1.043350299725095628e-06
-8.253422056592209230e-07,3.023774932643172738e-06,-2.853806057292260195e-07,1.033674543283188982e-06
-7.653961275080517821e-07,2.971262107457322523e-06,-2.648958335687272706e-07,1.015935860751774293e-06
-7.067092256773562083e-07,2.898567365508370717e-06,-2.448359395315391676e-07,9.914049894584192494e-07
-6.496492684729057890e-07,2.809171329982070544e-06,-2.253247522990345146e-07,9.612416457144760845e-07
-5.945179879786185720e-07,2.706225092020780250e-06,-2.064641100422760666e-07,9.264959049481287740e-07
-5.415574078530747314e-07,2.592566727449963455e-06,-1.883359483115690488e-07,8.881151003701431815e-07
-4.909558739179566653e-07,2.470738577190276615e-06,-1.710042761290433081e-07,8.469495640809402487e-07
-4.428537583709606718e-07,2.343004893307749216e-06,-1.545170473990365249e-07,8.037582016082889068e-07
-3.973488193312535143e-07,2.211369575583369777e-06,-1.389079260754191371e-07,7.592141130128936656e-07
-3.545012250024067396e-07,2.077593958729065526e-06,-1.241979381128503037e-07,7.139101177356668743e-07
-3.143382108266770113e-07,1.943214183115982290e-06,-1.103970194276098351e-07,6.683644612157936804e-07
-2.768584071632949264e-07,1.809558358715993918e-06,-9.750544896384108939e-08,6.230262535292241219e-07
-2.420358272900386580e-07,1.677763221035999265e-06,-8.551517519554297686e-08,5.782808691058993312e-07
-2.098235290506836446e-07,1.548790239758708329e-06,-7.441103674640773794e-08,5.344551850862890328e-07
-1.801569615133278342e-07,1.423441105722933016e-06,-6.417188043166744716e-08,4.918226375815294670e-07
-1.529570094116910903e-07,1.302372539697618698e-06,-5.477158048725278543e-08,4.506080746147034940e-07
-1.281321325316833763e-07,1.186110813569643536e-06,-4.617981971738272844e-08,4.109922568879444607e-07
-1.055817062418733858e-07,1.075063878306095822e-06,-3.836311487878321702e-08,3.731168672544124461e-07
-8.519842242833654290e-08,9.695343630239742333e-07,-3.128560804393117900e-08,3.370879815333078697e-07
-6.686986699035833963e-08,8.697318658127221660e-07,-2.490965277585113489e-08,3.029798736261900105e-07
-5.048030198576821499e-08,7.757841876076879826e-07,-1.919639935288348152e-08,2.708388277368277555e-07
-3.591216346653626446e-08,6.877471800525364132e-07,-1.410632876244897934e-08,2.406868725887510044e-07
-2.304741440852164206e-08,6.056143619874763817e-07,-9.599703386421909341e-09,2.125248037230039301e-07
-1.176870267039199201e-08,5.293256490191039101e-07,-5.636961906649377099e-09,1.863351291410449605e-07
-1.960080335730288461e-09,4.587755885479593439e-07,-2.178971705356488394e-09,1.620846947816895569e-07
6.499594291310990459e-09,3.938273349553059832e-07,8.151724342794910268e-10,1.397251365467957986e-07
1.362899775197219968e-08,3.342226300259174568e-07,3.352137456520856241e-09,1.192248925545108229e-07
1.963363609981036764e-08,2.799081067984743829e-07,5.501337997975203445e-09,1.004654305042330934e-07
2.461575174719908668e-08,2.306297173638730989e-07,7.297037994442695875e-09,8.341298053432854065e-08
2.867253897243135067e-08,1.861336914846381942e-07,8.772280560400351942e-09,6.798964275861239587e-08
3.189601734152856668e-08,1.461594831007098985e-07,9.958437892031098673e-09,5.410895501672198601e-08
3.437292339583640116e-08,1.104417764227895195e-07,1.088511595836906695e-08,4.168191206114672019e-08
3.618465899373638649e-08,7.871345758092763550e-08,1.158012664022099301e-08,3.061864880498237184e-08
3.740730586774300208e-08,5.070833974764330432e-08,1.206948844481942550e-08,2.082945244657089984e-08
3.811196636657081899e-08,2.616135080155938877e-08,1.237753113142041865e-08,1.222628495886053581e-08
3.836597914940670309e-08,4.817791206015464351e-09,1.252739056893477951e-08,4.720262709234917768e-09
3.822972470350718836e-08,-1.357189710218677701e-08,1.253968437896409270e-08,-1.773674779178022075e-09
3.776171224936857599e-08,-2.925770960456168576e-08,1.243459617210027046e-08,-7.334213461474431818e-09
3.700968059502427631e-08,-4.247319562290242957e-08,1.222856239536490600e-08,-1.204474063548422817e-08
3.602163815670633656e-08,-5.344226769744989218e-08,1.193810339691483532e-08,-1.598060385847361462e-08
3.483970548539560025e-08,-6.237970498472902365e-08,1.157784472941072230e-08,-1.921410383992278952e-08
3.350207284162056648e-08,-6.948687667361776673e-08,1.116090716802627146e-08,-2.181511099980593295e-08
3.204293962324203985e-08,-7.495522527939579703e-08,1.069912585386342477e-08,-2.384796030041649714e-08
3.049282571299878549e-08,-7.896427636606773470e-08,1.020309076597896264e-08,-2.537372228193913527e-08
2.887880771358449600e-08,-8.168181056123683316e-08,9.682219152654852541e-09,-2.644963464299194266e-08
2.722490412994232828e-08,-8.326386682945995237e-08,9.144774475766980713e-09,-2.712903670615298734e-08
2.555185056724188564e-08,-8.385560446443831558e-08,8.598124740484502537e-09,-2.746098335799571707e-08
2.387777414383094037e-08,-8.359038590255221450e-08,8.048634671169560251e-09,-2.749171533489978155e-08
2.221811909102896561e-08,-8.259078102339599087e-08,7.501851880515422237e-09,-2.726347380136629673e-08
2.058631416140828962e-08,-8.096895496052026831e-08,6.962406985465936633e-09,-2.681507388461991419e-08
1.899351490193490823e-08,-7.882730913212998394e-08,6.434263034152211470e-09,-2.618132915122823038e-08
1.744895022489184684e-08,-7.625858100230082959e-08,5.920723730795010392e-09,-2.539414028761304875e-08
1.596010842905538750e-08,-7.334642346504103266e-08,5.424493164062471929e-09,-2.448237691807842916e-08
1.453291245774046456e-08,-7.016591859505647580e-08,4.947734811567947691e-09,-2.347200440220881849e-08
1.317188491399161791e-08,-6.678408861992394484e-08,4.492127534340494850e-09,-2.238624831499045573e-08
1.188030283472949408e-08,-6.326040838012462649e-08,4.058918210187341073e-09,-2.124576467962328563e-08
1.066034224281931119e-08,-5.964731541606302955e-08,3.648970960691244853e-09,-2.006881041740070539e-08
9.513212578105712543e-09,-5.599071343717153749e-08,3.262812992600868129e-09,-1.887141202351147370e-08
8.439281186572457155e-09,-5.233046546754456338e-08,2.900677106122389983e-09,-1.766753111721886712e-08
7.438188113331500929e-09,-4.870087356361712238e-08,2.562540946356580852e-09,-1.646922577561630632e-08
6.508951500208854015e-09,-4.513114255756388564e-08,2.248163093453714941e-09,-1.528680675698378693e-08
5.650063933263410489e-09,-4.164582578499097509e-08,1.957116102753728056e-09,-1.412898789262747629e-08
4.859580120697328147e-09,-3.826525120854374294e-08,1.688816618646464515e-09,-1.300303008081316390e-08
4.135196308292685828e-09,-3.500592675318804828e-08,1.442552695469007125e-09,-1.191487845460759416e-08
3.474321858678530236e-09,-3.188092402724743691e-08,1.217508465770209947e-09,-1.086929241823980746e-08
2.874143433271944284e-09,-2.890023991892162359e-08,1.012786301011869399e-09,-9.869968355002760923e-09
2.331682222461550042e-09,-2.607113583404607500e-08,8.274266125162787710e-10,-8.919654904758436520e-09
1.843844671266275207e-09,-2.339845458029082856e-08,6.604254414658456442e-10,-8.020260791783977714e-09
1.407467145001405277e-09,-2.088491510876864304e-08,5.107499862472077846e-10,-7.172955254963857655e-09
1.019354973055792552e-09,-1.853138549895066955e-08,3.773522136259095773e-10,-6.378261193146594205e-09
6.763162993113611350e-10,-1.633713471959225016e-08,2.591806973360202669e-10,-5.636141189731137004e-09
3.751911555486438781e-10,-1.430006381963986955e-08,1.551908238521964924e-10,-4.946076623114671031e-09
1.128761598597710260e-10,-1.241691730129289460e-08,6.435350054302869860e-11,-4.307140104323988329e-09
-1.136547739348944423e-10,-1.068347550485800011e-08,-1.433750376858054692e-11,-3.718061510768838102e-09
-3.073333472112502057e-10,-9.094728893960343390e-09,-8.185946145740209020e-11,-3.177287906317741284e-09
-4.709830574636687630e-10,-7.645035172119195464e-09,-1.391557135786865491e-10,-2.683037653510764982e-09
-6.073083178587112629e-10,-6.328260189580085114e-09,-1.871317100484038913e-10,-2.233349034332730655e-09
-7.188862034279721311e-10,-5.137903614408377146e-09,-2.266519567922844527e-10,-1.826123702175396128e-09
-8.081605314435454700e-10,-4.067210345842072599e-09,-2.585377706154587314e-10,-1.459165289983337011e-09
-8.774380030142695251e-10,-3.109268642300809592e-09,-2.835657490302882308e-10,-1.130213498616926354e-09
-9.288861522200881383e-10,-2.257095922650637835e-09,-3.024668687106549737e-10,-8.369739856567793635e-10
-9.645328680177430799e-10,-1.503713178610759954e-09,-3.159261325649831037e-10,-5.771443686440643038e-10
-9.862672725798425190e-10,-8.422089097171361123e-10,-3.245826915943565811e-10,-3.484366485100362744e-10
-9.958417575693117051e-10,-2.657934610878652653e-10,-3.290303736903457353e-10,-1.485963490352951393e-10
-9.948749970201966558e-10,2.321553906925939236e-10,-3.298185573004890404e-10,2.458134305990645284e-11
-9.848557719293806064e-10,6.580547960837156616e-10,-3.274533334247199914e-10,1.732381650852862582e-10
-9.671474573134319059e-10,1.018086367985406072e-09,-3.223989046857566968e-10,2.994418331745385928e-10
-9.429930373160364836e-10,1.318172167968039467e-09,-3.150791752277779412e-10,4.051773192992882147e-10
-9.135205279421868579e-10,1.563956459623834440e-09,-3.058794899320496306e-10,4.923401188811466058e-10
-8.797487001342746635e-10,1.760792588041392062e-09,-2.951484858907866473e-10,5.627312915332845627e-10
-8.425930081906719165e-10,1.913734387040062888e-09,-2.832000232498683432e-10,6.180540716407807657e-10
-8.028716399656585683e-10,2.027531557980405291e-09,-2.703151664184301575e-10,6.599118595446256603e-10
-7.613116158939188764e-10,2.106628505359697889e-09,-2.567441902525144971e-10,6.898074179289463384e-10
-7.185548736724239910e-10,2.155166154739345099e-09,-2.427085891566544251e-10,7.091431115176625900e-10
-6.751642844313029211e-10,2.176986317608350456e-09,-2.284030701189685885e-10,7.192220412913404121e-10
-6.316295544611761023e-10,2.175638205381609345e-09,-2.139975135108927669e-10,7.212499370754687277e-10
-5.883729740684122609e-10,2.154386730724998323e-09,-1.996388880520946195e-10,7.163376844675004705e-10
-5.457549819353237263e-10,2.116222268678443250e-09,-1.854531086752008325e-10,7.055043736382991454e-10
-5.040795195046089887e-10,2.063871582543601720e-09,-1.715468281352762604e-10,6.896807685147609776e-10
-4.635991554227692619e-10,1.999809650158344947e-09,-1.580091551074177930e-10,6.697131052292421814e-10
-4.245199650028359861e-10,1.926272154976666054e-09,-1.449132932146366715e-10,6.463671384734142849e-10
-3.870061540398413928e-10,1.845268433300384071e-09,-1.323180969397176313e-10,6.203323635364093265e-10
-3.511844201702222555e-10,1.758594694085829095e-09,-1.202695417113449556e-10,5.922263503247691057e-10
-3.171480483454804573e-10,1.667847350998550895e-09,-1.088021066286459848e-10,5.625991335793930619e-10
-2.849607399269141514e-10,1.574436327858002757e-09,-9.794006931149040256e-11,5.319376108170121109e-10
-2.546601774370849965e-10,1.479598218350419537e-09,-8.769871324808174583e-11,5.006699062637574198e-10
-2.262613291587843114e-10,1.384409198954591081e-09,-7.808544876794557023e-11,4.691696652228605524e-10
-1.997594995861565627e-10,1.289797610488513364e-09,-6.910084940828878110e-11,4.377602489572156118e-10
-1.751331332364699340e-10,1.196556138619562966e-09,-6.073960597537811001e-11,4.067188052870773942e-10
-1.523463805544423885e-10,1.105353537160602215e-09,-5.299140104002467554e-11,3.762801947368687883e-10
-1.313514356120913956e-10,1.016745850082220460e-09,-4.584170695694573061e-11,3.466407562313584379e-10
-1.120906560522326960e-10,9.311870989861225239e-10,-3.927251077066215166e-11,3.179619000711402126e-10
-9.449847626783811850e-11,8.490394123883479005e-10,-3.326296957407730844e-11,2.903735192368574527e-10
-7.850312517568105296e-11,7.705825816346887565e-10,-2.779000002782435422e-11,2.639772130083542297e-10
-6.402816015262020785e-11,6.960230356965786343e-10,-2.282880583623291072e-11,2.388493194615646449e-10
-5.099382877651671393e-11,6.255022335483765968e-10,-1.835334701610658284e-11,2.150437556578239295e-10
-3.931826996958197368e-11,5.591044783884565012e-10,-1.433675479373729585e-11,1.925946662813220029e-10
-2.891856599686917767e-11,4.968641627060771210e-10,-1.075169592949007933e-11,1.715188831452324954e-10
-1.971165654215219227e-11,4.387724571880382549e-10,-7.570690203142273798e-12,1.518181993956775289e-10
-1.161512578169014712e-11,3.847834597708207663e-10,-4.766384701821964273e-12,1.334814634153553921e-10
-4.547873016149107484e-12,3.348198238398627857e-10,-2.311788440218633384e-12,1.164864983939532818e-10
1.569322986216169372e-12,2.887778867194847903e-10,-1.804707136929688205e-13,1.008018543053282107e-10
6.813336225791389267e-12,2.465323212441206600e-10,1.653273557415470135e-12,8.638839963209580199e-11
1.125831304904423043e-11,2.079403344052654122e-10,3.214288386445090170e-12,7.320076063004276963e-11
1.497537031928017372e-11,1.728454378831143836e-10,4.526448235951078207e-12,6.118861623860418968e-11
1.803236393507170425e-11,1.410808157425905941e-10,5.612573708579518828e-12,5.029785693895164801e-11
2.049371995861070987e-11,1.124723147443947145e-10,6.494368798869148013e-12,4.047161595326248521e-11
2.242032112428138258e-11,8.684108263408925573e-11,7.192377259398401606e-12,3.165118117923792044e-11
2.386944200124375174e-11,6.400587946259896076e-11,7.725955801558730107e-12,2.377679617731811272e-11
2.489472657873446493e-11,4.378508649313736914e-11,8.113262015752914068e-12,1.678835838686538328e-11
2.549487652195424720e-11,2.599198487239447646e-11,8.353555999380491717e-12,1.062611842124530185e-11
2.577455838422761399e-11,1.048702714316083552e-11,8.482580380194419804e-12,5.235813843533224638e-12
2.577670350841913537e-11,-2.913028745474630016e-12,8.514919099500322444e-12,5.624255519879055639e-13
2.554069916509923325e-11,-1.438359045685029095e-11,8.464007636327756884e-12,-3.452183517633601169e-12
2.510253660422738068e-11,-2.409279046424171182e-11,8.342144661693168213e-12,-6.864489528548573823e-12
2.449496220278139413e-11,-3.220112341515155610e-11,8.160536825198652257e-12,-9.728560258353169559e-12
2.374763612353153809e-11,-3.886106688298660809e-11,7.929350127491221633e-12,-1.209584754635507972e-11
2.288729681987132896e-11,-4.421681442605123247e-11,7.657763909418959532e-12,-1.401507877928407077e-11
2.194956228056668897e-11,-4.842869981002050483e-11,7.358549186175733032e-12,-1.552260301477074633e-11
2.094073039063383635e-11,-5.159750749799407460e-11,7.033498640557179866e-12,-1.668854574538389757e-11
1.988013908093204540e-11,-5.384442716034776106e-11,6.689120254517756189e-12,-1.753841282653429301e-11
1.878485298120547945e-11,-5.527866836330105519e-11,6.331293409683613720e-12,-1.810712698540706875e-11
1.766985677585823316e-11,-5.600113222242506165e-11,5.965210557669150219e-12,-1.842871425059500516e-11
1.654821312933305196e-11,-5.610506851449792402e-11,5.595413065928205656e-12,-1.853488195892251474e-11
1.543121239919563856e-11,-5.567634163133619618e-11,5.225839116172640084e-12,-1.845489660392602306e-11
1.432851722500634121e-11,-5.479368094824532311e-11,4.859871835059550441e-12,-1.821563707197956499e-11
1.324830179323453645e-11,-5.352895616573819839e-11,4.500385964408757294e-12,-1.784167930848185504e-11
1.219738529117470998e-11,-5.194747663217546746e-11,4.149792694115311687e-12,-1.735539244947181269e-11
1.118135913955888832e-11,-5.010830914487335760e-11,3.810082483112459224e-12,-1.677704208671181942e-11
1.020470770299246433e-11,-4.806460877818242434e-11,3.482865753240482122e-12,-1.612489848591119690e-11
9.270922279113781577e-12,-4.586395786438891577e-11,3.169411378702788294e-12,-1.541534803538341306e-11
8.382608257312343826e-12,-4.354870885355094771e-11,2.870682925240004066e-12,-1.466300643998448393e-11
7.541585416234614802e-12,-4.115632734156397052e-11,2.587372620387932529e-12,-1.388083237024831398e-11
6.748981396990068461e-12,-3.871973207482980540e-11,2.319933059741368754e-12,-1.308024045415843229e-11
6.005318446811896493e-12,-3.626762921601513690e-11,2.068606674348142607e-12,-1.227121266099814868e-11
5.310593576771307859e-12,-3.382483858966841791e-11,1.833453001503730488e-12,-1.146240727423386704e-11
4.664352317810622856e-12,-3.141261002036388026e-11,1.614373815545778471e-12,-1.066126478739497925e-11
4.065756292610564276e-12,-2.904892823316080245e-11,1.411136187063977876e-12,-9.874110175963040908e-12
3.520505315261798577e-12,-2.673678870269625385e-11,1.225516360418955885e-12,-9.110370557126272855e-12
3.020203896550677267e-12,-2.450861770717888538e-11,1.054901017849480275e-12,-8.363904374875060221e-12
2.563071147179029526e-12,-2.237094846434208642e-11,8.987789241617718195e-13,-7.645420974354721280e-12
2.147194258351118824e-12,-2.033039396562381854e-11,7.565374734997032662e-13,-6.958346823744447182e-12
1.770552933028606580e-12,-1.839196706967524409e-11,6.275182180401830257e-13,-6.304644067552145749e-12
1.431051830591534034e-12,-1.655905230626363891e-11,5.110337294964284242e-13,-5.685612541912458758e-12
1.126550399654400981e-12,-1.483358266182548774e-11,4.063785227995774805e-13,-5.102039600161939294e-12
8.548890356633807100e-13,-1.321622533184541580e-11,3.128381755381494131e-13,-4.554272981695472348e-12
6.139117155624967074e-13,-1.170655503398680855e-11,2.296971897370493950e-13,-4.042280800956386058e-12
4.014853869206659551e-13,-1.030321303827269152e-11,1.562457428184117229e-13,-3.565705805609310611e-12
2.155163919420643313e-13,-9.004052255378080628e-12,9.178542755601651970e-14,-3.123914858545544886e-12
5.396419567844735128e-14,-7.806269000428880067e-12,3.563407204798121585e-14,-2.716043933085813323e-12
-8.514732545883898045e-14,-6.706522105910379944e-12,-1.287027412943271990e-14,-2.341038851056048353e-12
-2.037207926191533956e-13,-5.701040080224873165e-12,-5.436610601940610462e-14,-1.997691993587498473e-12
-3.035782027272375278e-13,-4.785717021146744540e-12,-8.946590468679124210e-14,-1.684675216083172041e-12
-3.864555620691095467e-13,-3.956197995190946505e-12,-1.187541816888654998e-13,-1.400569204129528664e-12
-4.539990755090484387e-13,-3.207954591349249539e-12,-1.427860590569509352e-13,-1.143889503503691506e-12
-5.077627056053873943e-13,-2.536351347087172495e-12,-1.620863218754770437e-13,-9.131094562709630740e-13
-5.492069296203479533e-13,-1.936703729475862730e-12,-1.771488851267462943e-13,-7.066802712638092804e-13
-5.796985357933532332e-13,-1.404328335901392469e-12,-1.884366209188490825e-13,-5.230484497577477495e-13
-6.005113131831731160e-13,-9.345859558707444012e-13,-1.963814965331572096e-13,-3.606707809276614010e-13
-6.128275018217145403e-13,-5.229181099350687017e-13,-2.013849779088144407e-13,-2.180271145712570279e-13
-6.177398818343992489e-13,-1.648776552658459227e-13,-2.038186571584931036e-13,-9.363110747329298813e-14
-6.162543915111285752e-13,1.438459825034964599e-13,-2.040250665344358273e-13,1.396086680404982550e-14
-6.092931750574953503e-13,4.074064205025131219e-13,-2.023186448657753302e-13,1.061424673832743756e-13
-5.976979708825923909e-13,6.297842737719410381e-13,-1.989868259165085488e-13,1.842516250470935587e-13
-5.822337607998982569e-13,8.147749851655053915e-13,-1.942912213120381837e-13,2.495661136193990704e-13
-5.635926094122492965e-13,9.659800924881021929e-13,-1.884688737050443693e-13,3.033003043128534764e-13
-5.423976312433189786e-13,1.086801525067862784e-12,-1.817335586503420317e-13,3.466029658300124565e-13
-5.192070308654156107e-13,1.180438552295049705e-12,-1.742771162612505923e-13,3.805559821033531732e-13
-4.945181683712930980e-13,1.249887035879515966e-12,-1.662707961417395643e-13,4.061738686069443907e-13
-4.687716090719915348e-13,1.297940665447279863e-12,-1.578666013046744269e-13,4.244039788175011931e-13
-4.423551222897081981e-13,1.327193884312386954e-12,-1.491986188198656322e-13,4.361273010993279687e-13
-4.156075995687555785e-13,1.340046238734011281e-12,-1.403843268038677859e-13,4.421597544189468738e-13
-3.888228675882623348e-13,1.338707908113276494e-12,-1.315258690539113614e-13,4.432539004077005159e-13
-3.622533755396266265e-13,1.325206197616578820e-12,-1.227112901637643651e-13,4.401009966478271260e-13
-3.361137407654891925e-13,1.301392796477612286e-12,-1.140157253367779065e-13,4.333333241140440582e-13
-3.105841400670909536e-13,1.268951626238931461e-12,-1.055025403510729805e-13,4.235267282519525777e-13
-2.858135372957289425e-13,1.229407122976848766e-12,-9.722441823943128904e-14,4.112033197973873120e-13
-2.619227406894474121e-13,1.184132815251519708e-12,-8.922439022762960300e-14,3.968342876756742371e-13
-2.390072859170653540e-13,1.134360076605344582e-12,-8.153680933023726791e-14,3.808427826330079279e-13
-2.171401429712593132e-13,1.081186947201281266e-12,-7.418826576641170407e-14,3.636068343403867452e-13
-1.963742469430006968e-13,1.025586933258432615e-12,-6.719844401017877587e-14,3.454622707226006099e-13
-1.767448543303949240e-13,9.684177062638755872e-13,-6.058092185687922876e-14,3.267056119877927102e-13
-1.582717279103687485e-13,9.104296358976309758e-13,-5.434391236469482790e-14,3.075969165573015749e-13
-1.409611543526696395e-13,8.522741016093285578e-13,-4.849094994062914459e-14,2.883625590320808350e-13
-1.248077997071637426e-13,7.945115374590618230e-13,-4.302152216915478740e-14,2.691979247463935305e-13
-1.097964086632701467e-13,7.376191738734696401e-13,-3.793164925739086338e-14,2.502700076091285359e-13
-9.590335408130361702e-14,6.819984481107692974e-13,-3.321441319346401473e-14,2.317199007204508259e-13
-8.309804375932934770e-14,6.279820617074941233e-13,-2.886043887082852586e-14,2.136651727434660099e-13
-7.134419172313322758e-14,5.758406703186476435e-13,-2.485832956460727453e-14,1.962021234701026504e-13
-6.060096154534888306e-14,5.257891960987459908e-13,-2.119505922143293769e-14,1.794079156213734848e-13
-5.082398931368275086e-14,4.779927581396716342e-13,-1.785632407560181161e-14,1.633425804300638209e-13
-4.196629389758164108e-14,4.325722203725214985e-13,-1.482685612159175999e-14,1.480508966067385196e-13
-3.397908211490384371e-14,3.896093601897108816e-13,-1.209070097136024907e-14,1.335641429116239061e-13
-2.681245629279755569e-14,3.491516637685748019e-13,-9.631462586398506859e-15,1.199017267492184145e-13
-2.041603155297200769e-14,3.112167569413924892e-13,-7.432517328968683499e-15,1.070726910236609487e-13
-1.473946994224161421e-14,2.757964825462535480e-13,-5.477199718128320995e-15,9.507710240182148758e-14
-9.732938288298806721e-15,2.428606366259694826e-13,-3.748962189963454128e-15,8.390732563219143926e-14
-5.347496383489602025e-15,2.123603777650389643e-13,-2.231511085851225141e-15,7.354918744884827489e-14
-1.535421810474261480e-15,1.842313240512757089e-13,-9.089209811243610885e-16,6.398303622793313389e-14
1.749522592956070865e-15,1.583963538800501013e-13,2.342706190757760808e-16,5.518470112868748904e-14
4.551872954284921066e-15,1.347681266407815270e-13,1.212986302633233962e-15,4.712635690626146650e-14
6.914294921786047045e-15,1.132513396262540439e-13,2.041547691339709690e-15,3.977729992252205351e-14
8.877455541167258261e-15,9.374473810304831199e-14,2.733628597348042577e-15,3.310464008497050828e-14
1.047993176898265614e-14,7.614289488765126974e-14,3.302220809067994068e-15,2.707391484851652073e-14
1.175815126266014324e-14,6.033777559599759239e-14,3.759611033704532009e-15,2.164963081146955929e-14
1.274636141223579554e-14,4.622010585249063812e-14,4.117367619983963761e-15,1.679573751696823626e-14
1.347662288893039488e-14,3.368055572933713669e-14,4.386335797525312737e-15,1.247603940720525119e-14
1.397882428933972129e-14,2.261075656867008351e-14,4.576640263196600965e-15,8.654550261449823140e-15
1.428071474317692038e-14,1.290416444082165722e-14,4.697694054877926218e-15,5.295795963883575377e-15
1.440795163500467544e-14,4.456784323037566330e-15,4.758212730053753737e-15,2.365068872332547901e-15
1.438416085205935419e-14,-2.832232212085589544e-15,4.766232969137729673e-15,-1.713605485831600232e-16
1.423100722457683982e-14,-9.060103107486282175e-15,4.729134801528471958e-15,-2.346071435499386046e-15
1.396827305941999743e-14,-1.432003429744873165e-14,4.653666739589481065e-15,-4.190354934448748576e-15
1.361394289544377288e-14,-1.870092918450041843e-14,4.545973168616582728e-15,-5.734108599891373716e-15
1.318429281437936032e-14,-2.228717917127637098e-14,4.411623423324605239e-15,-7.005758249561965251e-15
1.269398283492489010e-14,-2.515852562722609902e-14,4.255642044153192026e-15,-8.032204542175063669e-15
1.215615110128933234e-14,-2.738998424290715777e-14,4.082539763298797313e-15,-8.838791418462278111e-15
1.158250874081679996e-14,-2.905182386006409623e-14,3.896344835583899499e-15,-9.449293028547078751e-15
1.098343442161207145e-14,-3.020959199293603687e-14,3.700634370427943972e-15,-9.885917470796601976e-15
1.036806777916213513e-14,-3.092418039475162700e-14,3.498565379593498017e-15,-1.016932405928761384e-14
9.744401010841628750e-15,-3.125192422034380770e-14,3.292905293410344061e-15,-1.031865261958125692e-14
9.119368053454986798e-15,-3.124472915787189480e-14,3.086061738742192822e-15,-1.035156263082805235e-14
8.498930863764781948e-15,-3.095022140363165173e-14,2.880111408970065093e-15,-1.028428045984351431e-14
7.888162416651157198e-15,-3.041191586005075109e-14,2.676827889649685941e-15,-1.013165304248339163e-14
7.291326122054699460e-15,-2.966939831817245145e-14,2.477708330487834432e-15,-9.907206748454397555e-15
6.711951436161304496e-15,-2.875851806243457041e-14,2.283998878640661159e-15,-9.623210224760540870e-15
6.152905508636976986e-15,-2.771158765211070695e-14,2.096718820232059306e-15,-9.290739509661815395e-15
5.616460768327771486e-15,-2.655758691250159140e-14,1.916683386076231099e-15,-8.919745326984665855e-15
5.104358400665678963e-15,-2.532236871889057674e-14,1.744525202007307895e-15,-8.519121010992985063e-15
4.617867713662699182e-15,-2.402886446005922976e-14,1.580714379122404276e-15,-8.096770550547560111e-15
4.157841428656892001e-15,-2.269728726110964308e-14,1.425577251559750066e-15,-7.659676106227703996e-15
3.724766964684070409e-15,-2.134533141333185326e-14,1.279313779321563633e-15,-7.213964550068085944e-15
3.318813811907254736e-15,-1.998836674872320419e-14,1.142013646529989540e-15,-6.764972327705077736e-15
2.939877111424086106e-15,-1.863962691388978722e-14,1.013671092883678044e-15,-6.317308370252125855e-15
2.587617579895894096e-15,-1.731039048426487546e-14,8.941985178551618304e-16,-5.874915020562530133e-15
2.261497927183396735e-15,-1.601015459802002855e-14,7.834389103523662840e-16,-5.441126133582624454e-15
1.960815930828137228e-15,-1.474680019279768622e-14,6.811771526634621134e-16,-5.018722846824938109e-15
1.684734335970740550e-15,-1.352674880527995350e-14,5.871502555660338689e-16,-4.609986356575976514e-15
1.432307755295202999e-15,-1.235511055814194898e-14,5.010565840456802771e-16,-4.216747727568087129e-15
1.202506747927532914e-15,-1.123582316367460308e-14,4.225641268863195661e-16,-3.840435126873109822e-15
9.942392546683109052e-16,-1.017178209358631492e-14,3.513178728983177085e-16,-3.482117755276173378e-15
8.063695668526146963e-16,-9.164961877095972846e-15,2.869463540184887345e-16,-3.142546850865507746e-15
6.377350050497124338e-16,-8.216528608149146613e-15,2.290674098488257684e-16,-2.822194021464774164e-15
4.871604787811520426e-16,-7.326943963056321643e-15,1.772932307110626813e-16,-2.521286669403639498e-15
3.534710922148461624e-16,-6.496061042334188045e-15,1.312347396802708531e-16,-2.239840359064174762e-15
2.355029587362477292e-16,-5.723212078278553832e-15,9.050536348977866224e-17,-1.977688852680601229e-15
1.321123787372397870e-16,-5.007288548600944560e-15,5.472424267633381817e-17,-1.734511572770819271e-15
4.218352691656905807e-17,-4.346814058168158662e-15,2.351893611585449130e-17,-1.509858253123425694e-15
-3.536520801631214547e-17,-3.740010103200416371e-15,-3.472338927499600449e-18,-1.303171752587420099e-15
-1.015761008068863675e-16,-3.184855488922592580e-15,-2.659887990894329720e-17,-1.113808089995634046e-15
-1.574480565214202453e-16,-2.679139348055345164e-15,-4.619604993160272120e-17,-9.410550059550650859e-16
-2.039335506298354158e-16,-2.220508523012717123e-15,-6.258416171542137763e-17,-7.841480625992330671e-16
-2.419364323167702365e-16,-1.806509489714481593e-15,-7.606765831984800178e-17,-6.422851169783037236e-16
-2.723104887209640437e-16,-1.434625267433935529e-15,-8.693455589948939811e-17,-5.146390261445923018e-16
-2.958586738733516471e-16,-1.102307577188647054e-15,-9.545612079917403931e-17,-4.003690786465745706e-16
-3.133329168890242437e-16,-8.070048681707178515e-16,-1.018867439366328516e-16,-2.986304049793838688e-16
-3.254344287032718599e-16,-5.461863377052160264e-16,-1.064639887413068318e-16,-2.085824437794717280e-16
-3.328144322966504621e-16,-3.173622731117747259e-16,-1.094087898036413858e-16,-1.293962077890352187e-16
-3.360752519952831414e-16,-1.181013066018278199e-16,-1.109257727581725490e-16,-6.025999642975992129e-17
-3.357716977451878017e-16,5.395556842241656270e-17,-1.112036840605966411e-16,-3.848277335930784903e-19
-3.324126921205390904e-16,2.010834103029839294e-16,-1.104159034378905237e-16,5.099180489315183410e-17
-3.264630899292008377e-16,3.254642708582549653e-16,-1.087210251480647865e-16,9.460258372750483222e-17
-3.183456454479052934e-16,4.291803034042979282e-16,-1.062634950289121090e-16,1.311477397821447052e-16
-3.084430893197417477e-16,5.142086908068424637e-16,-1.031742864267733632e-16,1.612933072137714101e-16
-2.971002801724235317e-16,5.824182989865818666e-16,-9.957160328909060298e-17,1.856698777057782276e-16
-2.846263992235920133e-16,6.355678763444384628e-16,-9.556160401180297961e-17,2.048716233219906649e-16
-2.712971634908345492e-16,6.753053770133118369e-16,-9.123913162737716635e-17,2.194561714929916359e-16
-2.573570329383366232e-16,7.031685490718807989e-16,-8.668844572080082717e-17,2.299445300735540988e-16
-2.430213933275669556e-16,7.205863314236311550e-16,-8.198394646298764460e-17,2.368216180726187238e-16
-2.284786962191968602e-16,7.288812126642676634e-16,-7.719088989803597154e-17,2.405366761916595124e-16
-2.138925448429688759e-16,7.292720383226416484e-16,-7.236608309599375287e-17,2.415044471490448232e-16
-1.994037129864744896e-16,7.228775168196837693e-16,-6.755855892265874605e-17,2.401061483184193992e-16
-1.851320871132366409e-16,7.107201539159953773e-16,-6.281022880765451533e-17,2.366906093332546594e-16
-1.711785259988357073e-16,6.937304311163949229e-16,-5.815650690659032218e-17,2.315757878316484420e-16
-1.576266320580327393e-16,6.727512891281881032e-16,-5.362690498256395370e-17,2.250502188243344998e-16
-1.445444299617937595e-16,6.485428065752691147e-16,-4.924559888214643161e-17,2.173744269688999740e-16
-1.319859505701582818e-16,6.217869493231798744e-16,-4.503196383107395235e-17,2.087825286629984297e-16
-1.199927199444504431e-16,5.930923145407032080e-16,-4.100107571709515764e-17,1.994839616574002291e-16
-1.085951513070107088e-16,5.629990138125056479e-16,-3.716418350216064936e-17,1.896648458783897891e-16
-9.781384235578592619e-17,5.319833604851586321e-16,-3.352914918929914632e-17,1.794896820797157817e-16
-8.766077920066446273e-17,5.004625322050280344e-16,-3.010085515758495467e-17,1.691029642568233957e-16
-7.814044866233911797e-17,4.687991283054919712e-16,-2.688158186730017264e-17,1.586306234413582075e-16
-6.925086127546361296e-17,4.373056066494462300e-16,-2.387135810987183163e-17,1.481813802208487564e-16
-6.098448949386839586e-17,4.062484653353823647e-16,-2.106827907013634741e-17,1.378484290391703000e-16
-5.332912337396044612e-17,3.758523516680600457e-16,-1.846879893797766677e-17,1.277105913406546139e-16
-4.626864842738223125e-17,3.463038895970004633e-16,-1.606799616033576941e-17,1.178337462921890944e-16
-3.978374848584858785e-17,3.177554055569060682e-16,-1.385981492245678455e-17,1.082719492052119895e-16
-3.385253879359664743e-17,2.903283473191410926e-16,-1.183728145972345074e-17,9.906873094347264564e-17
-2.845113244701761625e-17,2.641165907973676489e-16,-9.992699369117018289e-18,9.025807569548628751e-17
-2.355414539799305756e-17,2.391894428360683035e-16,-8.317822383145816425e-18,8.186559138430728375e-17
-1.913514301019250022e-17,2.155945394871566097e-16,-6.804009795537538500e-18,7.390928923590550032e-17
-1.516703329282211459e-17,1.933604440379499034e-16,-5.442361245797139829e-18,6.640068938419639580e-17
-1.162241033799270917e-17,1.724991047783713588e-16,-4.223835682622929103e-18,5.934552064589175921e-17
-8.473851590759464633e-18,1.530081193877610960e-16,-3.139355454500506906e-18,5.274447710937831213e-17
-5.694173549642355727e-18,1.348727588806516675e-16,-2.179894225655154623e-18,4.659404211244566767e-17
-3.256648289677772603e-18,1.180679070805276468e-16,-1.336554623925392992e-18,4.088691154395443352e-17
-1.135185937713130885e-18,1.025596936957732971e-16,-6.006305169188671425e-19,3.561286285727575421e-17
6.955154557417683991e-19,8.830712325407926333e-17,3.633949227719437830e-20,3.075906921100465631e-17
2.259848338277238515e-18,7.526342714165579316e-17,5.825284499920288823e-19,2.631064590687424437e-17
3.581199836266467834e-18,6.337733261264787636e-17,1.045786052879087085e-18,2.225104765011179046e-17
4.681878389959053856e-18,5.259414271371297765e-17,1.433612887544633377e-18,1.856254932119083007e-17
5.583061058160014143e-18,4.285675601099573009e-17,1.753141041306499532e-18,1.522651744170198171e-17
6.304758824905690473e-18,3.410653167864416672e-17,2.011120088104722038e-18,1.222367822550283298e-17
6.865797866757684063e-18,2.628406784325700245e-17,2.213908459234598445e-18,9.534387222068867753e-18
7.283813321053776967e-18,1.932978191611784046e-17,2.367471950485925894e-18,7.139011439522151343e-18
7.575256306419546329e-18,1.318459695940881993e-17,2.477383063659529517e-18,5.017872217630625175e-18
7.755410156832873514e-18,7.790336622788887688e-18,2.548825505248621072e-18,3.151594662348562140e-18
7.838414675044378071e-18,3.090127783122614036e-18,2.586602771580169805e-18,1.521269747022194991e-18
7.837298601908700840e-18,-9.711864086632996353e-19,2.595146468436170829e-18,1.083901494733391702e-19
7.764016912775431540e-18,-4.446855154604807652e-18,2.578528774830659648e-18,-1.104863677567415461e-18
7.629493020042713502e-18,-7.387959078352628999e-18,2.540475770532404210e-18,-2.135650921267783739e-18
7.443664479662635379e-18,-9.843260007992788111e-18,2.484382030118245572e-18,-3.000380683435026649e-18
7.215531139510461055e-18,-1.185908708633135871e-17,2.413326913601492715e-18,-3.714628596174672337e-18
6.953205207836058157e-18,-1.347924599894142625e-17,2.330091073160892627e-18,-4.293147109469342732e-18
6.663962840230006849e-18,-1.474494740412770959e-17,2.237171453405971438e-18,-4.749959664485944986e-18
6.354295116451842787e-18,-1.569486708319919397e-17,2.136800819208341166e-18,-5.098041231114148809e-18
6.029959945184575350e-18,-1.636506860496632821e-17,2.030963725954800654e-18,-5.349640721207641772e-18
5.696032990274972484e-18,-1.678908895800909759e-17,1.921412987793101881e-18,-5.516155102187411151e-18
5.356957853256238250e-18,-1.699796162866333797e-17,1.809686778632365613e-18,-5.608125200864934001e-18
5.016594662442693983e-18,-1.702031272638800778e-17,1.697124991332948488e-18,-5.635284808044362781e-18
4.678267066069325561e-18,-1.688243600957838277e-17,1.584885296920063648e-18,-5.606565768822904564e-18
4.344808390065562856e-18,-1.660832498559098697e-17,1.473957194109236342e-18,-5.530226161994323757e-18
4.018604285198446834e-18,-1.621989009935369043e-17,1.365178533375944893e-18,-5.413653437434097604e-18
3.701635116298308395e-18,-1.573691223536666142e-17,1.259247544963989735e-18,-5.263711720457007341e-18
3.395514459144549369e-18,-1.517730739573029949e-17,1.156737825365563806e-18,-5.086450003875898963e-18
3.101526823281516190e-18,-1.455709969272756956e-17,1.058109350277990382e-18,-4.887443365364970097e-18
