1.499999999999999944e-01,1.000000000000000000e+00,-5.000000000000000278e-02,-1.000000000000000000e+00
1.642907750290887869e-01,4.285280377240756611e-01,-5.567783702076735397e-02,4.328792040931848661e-01
1.713049641307632376e-01,2.728788050345510308e-01,-4.543240196430751304e-02,5.910566171081538256e-01
1.758604210530327339e-01,1.827767569347133747e-01,-3.405595769339369444e-02,5.457815861282686587e-01
1.786911610449000432e-01,1.004287299800849242e-01,-2.384677403054129979e-02,4.743918949995448164e-01
1.798518316199617939e-01,1.578705262188299929e-02,-1.501293214404346259e-02,4.083216955851398100e-01
1.793296188303017125e-01,-6.783413055036495443e-02,-7.406575968456246932e-03,3.516937913569093133e-01
1.772842342107664448e-01,-1.365048237449592028e-01,-9.680071639341884934e-04,2.915850187380491509e-01
1.739731252064048439e-01,-1.943872466014772982e-01,4.325328693950927783e-03,2.372149497520001371e-01
1.695986591493029161e-01,-2.428244136755392801e-01,8.596222734087744302e-03,1.893806668066225773e-01
1.643409972133000052e-01,-2.826939184717237596e-01,1.197103089421505326e-02,1.476423296625178627e-01
1.583636450763756809e-01,-3.147837867037065473e-01,1.456602138557145515e-02,1.114321448883583421e-01
1.518147495171625616e-01,-3.398417636883097614e-01,1.648632576142969319e-02,8.020487439959071707e-02
1.448278598263958994e-01,-3.585796102053623313e-01,1.782656726292972463e-02,5.345523987666504773e-02
1.375226590718101327e-01,-3.716718818384953660e-01,1.867165838640262587e-02,3.071753717357301669e-02
1.300057215549304812e-01,-3.797545655360576311e-01,1.909756891387817332e-02,1.156322852784300720e-02
1.223712927753188295e-01,-3.834242384825135019e-01,1.917204600517820670e-02,-4.401424203861797370e-03
1.147020809940872410e-01,-3.832377507287344498e-01,1.895528842951626700e-02,-1.753752700915027843e-02
1.070700507634178289e-01,-3.797123634129201397e-01,1.850057869724492515e-02,-2.817555286595008202e-02
9.953720958201738023e-02,-3.733262713156320634e-01,1.785487707982809022e-02,-3.661721487519330881e-02
9.215638126098488203e-02,-3.645194371930377542e-01,1.705937844856290561e-02,-4.313726023962833472e-02
8.497195988593074512e-02,-3.536946843508002591e-01,1.615003421941371697e-02,-4.798519196992442198e-02
7.802063984035835509e-02,-3.412189948628031044e-01,1.515804051226031512e-02,-5.138693242670462624e-02
7.133211815891842000e-02,-3.274249701749558095e-01,1.411029373882700770e-02,-5.354643006718243226e-02
6.492976663716450159e-02,-3.126124139284753856e-01,1.302981434701197365e-02,-5.464721298779869063e-02
5.883127100448353602e-02,-2.970500092174654383e-01,1.193614063932838323e-02,-5.485387542598436222e-02
5.304923615305795481e-02,-2.809770545268540642e-01,1.084569312676631272e-02,-5.431351075391306626e-02
4.759175619177345717e-02,-2.646052383549882814e-01,9.772111000550552651e-03,-5.315707591676237936e-02
4.246294885572211159e-02,-2.481204289846769273e-01,8.726561965127917556e-03,-5.150069015630324293e-02
3.766345414309528461e-02,-2.316844609562700441e-01,7.718026774385216768e-03,-4.944686592638751488e-02
3.319089743096061140e-02,-2.154369019978265576e-01,6.753559807987047185e-03,-4.708567174753527235e-02
2.904031749544424418e-02,-1.994967871462486608e-01,5.838527131466726000e-03,-4.449582627603599488e-02
2.520456046221442037e-02,-1.839643072084664599e-01,4.976823193161809475e-03,-4.174572711482500698e-02
2.167464032625870257e-02,-1.689224434140483844e-01,4.171067751146635000e-03,-3.889441179908201957e-02
1.844006755076222498e-02,-1.544385402901467252e-01,3.422784112445790422e-03,-3.599245512126404006e-02
1.548914678369071873e-02,-1.405658081835435280e-01,2.732560069384941566e-03,-3.308280678667332997e-02
1.280924532205206592e-02,-1.273447540238474285e-01,2.100192657514801577e-03,-3.020156705959483115e-02
1.038703370196504723e-02,-1.148045347467319677e-01,1.524817967268585249e-03,-2.737870647326882956e-02
8.208700005263124336e-03,-1.029642317037712945e-01,1.005027101918146582e-03,-2.463873101418660727e-02
6.260139491291802014e-03,-9.183404479041669399e-02,5.389693366292795012e-04,-2.200129554726745415e-02
4.527121095432507653e-03,-8.141640622146024964e-02,1.244435309978003776e-04,-1.948176771192676807e-02
2.995432264462944295e-03,-7.170701312333951916e-02,-2.410211686113149416e-04,-1.709174620503306485e-02
1.651004801306719515e-03,-6.269578503939780834e-02,-5.600950753648690052e-04,-1.483953350683971974e-02
4.800210711873837506e-04,-5.436773955600285313e-02,-8.355859917833763622e-04,-1.273056824543255389e-02
-5.309958034189767809e-04,-4.670379622661739033e-02,-1.070385962650285527e-03,-1.076781846986772304e-02
-1.395107284887091596e-03,-3.968150791887810336e-02,-1.267425418071499920e-03,-8.952138090207190785e-03
-2.124898720399298439e-03,-3.327572319028271330e-02,-1.429634093137186054e-03,-7.282589089344388561e-03
-2.732431177783513614e-03,-2.745918313801689117e-02,-1.559908106028663755e-03,-5.756731765052628194e-03
-3.229204607594759070e-03,-2.220305609728678506e-02,-1.661082536477278323e-03,-4.370884956911006390e-03
-3.626131142482961079e-03,-1.747741360654470402e-02,-1.735908915681902030e-03,-3.120358580050303521e-03
-3.933517333404492472e-03,-1.325165159122337379e-02,-1.787037134484215214e-03,-1.999660410495947890e-03
-4.161054746082082367e-03,-9.494857562741427018e-03,-1.817000961735491197e-03,-1.002680182291627474e-03
-4.317816349703055938e-03,-6.176136434962317505e-03,-1.828207713587929727e-03,-1.228495226594594563e-04
-4.412260039701526235e-03,-3.264885274492601314e-03,-1.822930240236018962e-03,6.467158900633616274e-04
-4.452236769863590453e-03,-7.310310348337792407e-04,-1.803301880820697622e-03,1.313094079551176520e-03
-4.445003149232303920e-03,1.454769801284014254e-03,-1.771313644315947872e-03,1.883450797616066348e-03
-4.397237748267006537e-03,3.320965889028850478e-03,-1.728813313847921227e-03,2.364948774954620404e-03
-4.315060218093583894e-03,4.894975249937154500e-03,-1.677506374606972011e-03,2.764671403410111101e-03
-4.204053052773591183e-03,6.203078933372841580e-03,-1.618958181901016587e-03,3.089558341393953966e-03
-4.069285254237303695e-03,7.270339819566048502e-03,-1.554597260580835782e-03,3.346352110383766718e-03
-3.915337152843552555e-03,8.120541424798927155e-03,-1.485719828574456154e-03,3.541556164296915873e-03
-3.746326487157431058e-03,8.776149479024868832e-03,-1.413494799836214353e-03,3.681400033944827455e-03
-3.565934923581523964e-03,9.258289371964210576e-03,-1.338969545844813109e-03,3.771813668888571430e-03
-3.377434979469766049e-03,9.586738473503249661e-03,-1.263076088810862873e-03,3.818409153896319339e-03
-3.183716961162035442e-03,9.779932493621922712e-03,-1.186637574752997517e-03,3.826467670624461841e-03
-2.987315574778153394e-03,9.854983452067691760e-03,-1.110374955835783045e-03,3.800931602491028870e-03
-2.790436134831689955e-03,9.827706354678542033e-03,-1.034913804007167853e-03,3.746402548383765286e-03
-2.594980216688261721e-03,9.712654604880183520e-03,-9.607910910111245369e-04,3.667142198191540841e-03
-2.402570752499200678e-03,9.523162177412452731e-03,-8.884618689433682178e-04,3.567076887569199748e-03
-2.214575008218438393e-03,9.271390432368806570e-03,-8.183061410220214072e-04,3.449804093843183983e-03
-2.032128506409364328e-03,8.968379103652050766e-03,-7.506350788108691113e-04,3.318604630654557828e-03
-1.856156574375150822e-03,8.624101529998510693e-03,-6.856973404072746114e-04,3.176451878485241423e-03
-1.687395114586169717e-03,8.247521145751703087e-03,-6.236850795432563295e-04,3.026025428498362990e-03
-1.526410230092205668e-03,7.846649538702017701e-03,-5.647396757849820932e-04,2.869725320135204857e-03
-1.373616681205460125e-03,7.428605199005245026e-03,-5.089571728942204106e-04,2.709687010721490655e-03
-1.229295165254978362e-03,6.999672302424026112e-03,-4.563934129706578662e-04,2.547796879195939317e-03
-1.093608424423939173e-03,6.565358981401131673e-03,-4.070688579075852631e-04,2.385708037727267330e-03
-9.666161972497896385e-04,6.130454623003270959e-03,-3.609730938556236866e-04,2.224856245638271324e-03
-8.482890375745198936e-04,5.699085805942154595e-03,-3.180690183086637554e-04,2.066475748190543717e-03
-7.385210314746551430e-04,5.274770554491723176e-03,-2.782967127469677623e-04,1.911614889802354476e-03
-6.371412289144618530e-04,4.860469815553348019e-03,-2.415770689699573304e-04,1.761151590238000048e-03
-5.439249579155461386e-04,4.458640059625986266e-03,-2.078148562513746668e-04,1.615807676289123364e-03
-4.586027520051932623e-04,4.071278789015257867e-03,-1.769018987831013896e-04,1.476163258046735843e-03
-3.808693137442950723e-04,3.699970573749036037e-03,-1.487197003162334271e-04,1.342670764714052950e-03
-3.103913461720587681e-04,3.345929998641370643e-03,-1.231418683348293661e-04,1.215667792691230717e-03
-2.468145519183652164e-04,3.010042002468061445e-03,-1.000362865693439949e-04,1.095389412012285832e-03
-1.897698570397847136e-04,2.692899640145739702e-03,-7.926704659860327044e-05,9.819797880920196065e-04
-1.388788799218946461e-04,2.394839280139031499e-03,-6.069616219791529197e-05,8.755030205652550345e-04
-9.375875110099100667e-05,2.115973243531642060e-03,-4.418506445698012266e-05,7.759533887800861571e-04
-5.402629316964336118e-05,1.856220002400100089e-03,-2.959590373398035142e-05,6.832647454219611862e-04
-1.930162121050170657e-05,1.615331952056037320e-03,-1.679267067686678332e-05,5.973192287397572969e-04
1.078878918725495840e-05,1.392920851203209012e-03,-5.642150003670332517e-06,5.179552724850763424e-04
3.660952040860660373e-05,1.188481018271500328e-03,3.985279010697815042e-06,4.449749363531777728e-04
5.851407154182022710e-05,1.001410388636263032e-03,1.221498271122012820e-05,3.781505790050152687e-04
7.684312576191440101e-05,8.310295163055428629e-04,1.916753804783413552e-05,3.172308934941790856e-04
9.192317096528639607e-05,6.765986526361573994e-04,2.495831458199449781e-05,2.619463611345483611e-04
1.040654454799107867e-04,5.373330085557561199e-04,2.969715920882624112e-05,2.120141180822450791e-04
1.135652118420833051e-04,4.124158919869352837e-04,3.348816878744395050e-05,1.671424094338848062e-04
1.207011138463895590e-04,3.010119791869231222e-04,3.642956337362392887e-05,1.270339189774727612e-04
1.257350401821877653e-04,2.022763586281763764e-04,3.861359739700066714e-05,9.138985389183845113e-05
1.289119740356514513e-04,1.153641728068063285e-04,4.012656170240807153e-05,5.991242976862725289e-05
1.304600837329713159e-04,3.943843423846939849e-05,4.104882721852069673e-05,3.230744240721382355e-05
1.305909357137462949e-04,-2.632333044741346308e-05,4.145494093670170282e-05,8.286451259785859060e-06
1.294998469627006992e-04,-8.272347131816727500e-05,4.141375849431358622e-05,-1.243144798270419597e-05
1.273663325331809905e-04,-1.305395750070270373e-04,4.098860988982740361e-05,-3.011813445945603942e-05
1.243546366911321309e-04,-1.705207054920802423e-04,4.023749153349589992e-05,-4.503525902061708021e-05
1.206143304207134352e-04,-2.033844296663367196e-04,3.921327957198137489e-05,-5.743329934923733056e-05
1.162809627270054204e-04,-2.298145416837483448e-04,3.796396000108267241e-05,-6.755084494507274605e-05
1.114767569037295136e-04,-2.504594202661404329e-04,3.653287258286267038e-05,-7.561408041482003744e-05
1.063113252841678662e-04,-2.659309338027044290e-04,3.495895964096947867e-05,-8.183645828670302758e-05
1.008824091284632593e-04,-2.768038518213195346e-04,3.327702356515808502e-05,-8.641851492959700710e-05
9.527670956838175389e-05,-2.836155923804334713e-04,3.151795055623444965e-05,-8.954782766523059704e-05
8.957037501075078994e-05,-2.868668827240440753e-04,2.970908043476720077e-05,-9.139886435561570867e-05
8.382999358779033095e-05,-2.870215058677868841e-04,2.787434770469391260e-05,-9.213399161769329261e-05
7.811323338349899809e-05,-2.845075841147408206e-04,2.603456672988727088e-05,-9.190293084246680202e-05
7.246954578142329750e-05,-2.797185012641674700e-04,2.420767885529849988e-05,-9.084334875973690780e-05
6.694085751797490156e-05,-2.730140911358774078e-04,2.240898554678580936e-05,-8.908129335958300061e-05
6.156219222059094358e-05,-2.647219289171635556e-04,2.065139008458493659e-05,-8.673167165139990947e-05
5.636234161359807978e-05,-2.551387883045723036e-04,1.894559905797187099e-05,-8.389879184762555776e-05
5.136445125552410924e-05,-2.445321876836084509e-04,1.730033554228253774e-05,-8.067682072152448523e-05
4.658659230813991725e-05,-2.331419749120522335e-04,1.572253530969941617e-05,-7.715034993174039546e-05
4.204229996363121973e-05,-2.211819556717609472e-04,1.421753230747624451e-05,-7.339495135166961145e-05
3.774107778648643651e-05,-2.088415343226844340e-04,1.278923348216172103e-05,-6.947773878400693786e-05
3.368886886773421674e-05,-1.962873501250020293e-04,1.144028249283838388e-05,-6.545793157443302536e-05
2.988849458166044254e-05,-1.836648961577782159e-04,1.017221214555196828e-05,-6.138741251643206511e-05
2.634006147140912466e-05,-1.711001092386039328e-04,8.985585699375548042e-06,-5.731127469425533253e-05
2.304130379911423749e-05,-1.587007986271945224e-04,7.880138117159376281e-06,-5.326840414939399006e-05
1.998803127584345248e-05,-1.465585041349689612e-04,6.854862264100364636e-06,-4.929185968823463502e-05
1.717433845101055983e-05,-1.347496118470076091e-04,5.908153222675080563e-06,-4.540946114177190187e-05
1.459292952119298747e-05,-1.233368202616870100e-04,5.037897659088556188e-06,-4.164428459176160467e-05
1.223537790128653428e-05,-1.123704711850059801e-04,4.241564075782568224e-06,-3.801508991809334441e-05
1.009236061125944839e-05,-1.018898000670382141e-04,3.516284887338285084e-06,-3.453674861587502219e-05
8.153868777024480635e-06,-9.192411353945643786e-05,2.858930058512450953e-06,-3.122065100041754326e-05
6.409390534158861625e-06,-8.249387114543074630e-05,2.266174496120149744e-06,-2.807509553389099706e-05
4.848086989558194216e-06,-7.361177085636021330e-05,1.734553115135969277e-06,-2.510562473043065056e-05
3.458934914588615320e-06,-6.528370004134424710e-05,1.260513660939507813e-06,-2.231536191968026939e-05
2.230852096324541919e-06,-5.750961309402698412e-05,8.404626340497214915e-07,-1.970532835754023622e-05
1.152805793082632243e-06,-5.028434199060840079e-05,4.708051258471615007e-07,-1.727473078875227733e-05
2.139122209478246474e-07,-4.359834773121168904e-05,1.479796999855735227e-07,-1.502122301692125412e-05
-5.965251863943711446e-07,-3.743854904398017812e-05,-1.315334409390324501e-07,-1.294109306395017742e-05
-1.288792605006865852e-06,-3.178862202827558884e-05,-3.711259854501749390e-07,-1.102961832384222001e-05
-1.872942306106602950e-06,-2.663001042174960509e-05,-5.741265246415093067e-07,-9.281061073459601448e-06
-2.358608288136138688e-06,-2.194202285660165941e-05,-7.437267455860288514e-07,-7.689066975006978653e-06
-2.754971549076082524e-06,-1.770268212723588512e-05,-8.829890055040089406e-07,-6.246610744765071976e-06
-3.070775346054332536e-06,-1.388882669061340681e-05,-9.948294132554844697e-07,-4.946323004687271087e-06
-3.314294711394096217e-06,-1.047656274419620348e-05,-1.082013282644562512e-06,-3.780534519904356769e-06
-3.493320118446604898e-06,-7.441639996853776880e-06,-1.147151242820809182e-06,-2.741372931125496700e-06
-3.615156518757272180e-06,-4.759686747198288538e-06,-1.192695749320206371e-06,-1.820893573641150670e-06
-3.686624563998788901e-06,-2.406438496873723635e-06,-1.220940726047182448e-06,-1.011161739140716278e-06
-3.714062517104740730e-06,-3.579792772969063871e-07,-1.234022530067662845e-06,-3.043065699148659907e-07
-3.703393164853612448e-06,1.409097302856281851e-06,-1.233941469011892904e-06,3.073996023305126252e-07
-3.659967781249764202e-06,2.917603339910589815e-06,-1.222507922349002230e-06,8.314964914363382007e-07
-3.588740934209525974e-06,4.189500685492659056e-06,-1.201400751725378815e-06,1.275304976843921943e-06
-3.494239371748157655e-06,5.245915195773775814e-06,-1.172156683880682463e-06,1.645846474006199016e-06
-3.380575165853624019e-06,6.107028865095702155e-06,-1.136174328128430807e-06,1.949855215878595113e-06
-3.251464510186003698e-06,6.792029192631703996e-06,-1.094720403718195720e-06,2.193747496605527955e-06
-3.110250039533341737e-06,7.319061579723386053e-06,-1.048936003697626792e-06,2.383609699945902511e-06
-2.959918296314961271e-06,7.705211165567922983e-06,-9.998434559715107101e-07,2.525181276277634352e-06
-2.803126315580445587e-06,7.966488054199359319e-06,-9.483539741929287024e-07,2.623853563789778802e-06
-2.642222602048903362e-06,8.117841811167181184e-06,-8.952751623749076152e-07,2.684661221046195207e-06
-2.479265304875569544e-06,8.173151158687879704e-06,-8.413165224130302077e-07,2.712299149409096205e-06
-2.316045489576623275e-06,8.145252488349398749e-06,-7.870971630179081090e-07,2.711114312722698682e-06
-2.154107952288484062e-06,8.045967352531941633e-06,-7.331527839892783210e-07,2.685115076251463731e-06
-1.994771142426698010e-06,7.886134027674040502e-06,-6.799423117447619820e-07,2.637982556619909767e-06
-1.839146408065195591e-06,7.675644097098854694e-06,-6.278543063248743022e-07,2.573082273479055520e-06
-1.688156103184974098e-06,7.423482428566797548e-06,-5.772132224985464997e-07,2.493477083470627087e-06
-1.542550970990311830e-06,7.137773366827885586e-06,-5.282849042506209203e-07,2.401940192669356281e-06
-1.402928086551326303e-06,6.825814011679788031e-06,-4.812831274991593149e-07,2.300974427176709875e-06
-1.269747024305983031e-06,6.494138374474101997e-06,-4.363733939891530143e-07,2.192817429676426544e-06
-1.143343699428833873e-06,6.148551150827478264e-06,-3.936794034883431017e-07,2.079463955799764234e-06
-1.023944779631514487e-06,5.794179177610124290e-06,-3.532872808179430720e-07,1.962680036077269596e-06
-9.116807593788342900e-07,5.435518258592783982e-06,-3.152499902563552997e-07,1.844018402237790621e-06
-8.065981124083869466e-07,5.076479255484785163e-06,-2.795914429058541120e-07,1.724833798207665566e-06
-7.086705187709958372e-07,4.720433397224356652e-06,-2.463103100417715882e-07,1.606297709169703082e-06
-6.178092243897701934e-07,4.370255894775775236e-06,-2.153835328369652340e-07,1.489413317102411587e-06
-5.338725290994219390e-07,4.028368382000631165e-06,-1.867695489003976631e-07,1.375029387597131491e-06
-4.566744478359492668e-07,3.696779539445449877e-06,-1.604112430206911629e-07,1.263853893499170298e-06
-3.859925783211890821e-07,3.377123896998145848e-06,-1.362386319279835069e-07,1.156467021332677668e-06
-3.215752126587826217e-07,3.070698702465914540e-06,-1.141712954709064534e-07,1.053333548967627227e-06
-2.631468945960972990e-07,2.778498026530868574e-06,-9.412049122817130614e-08,9.548148922692816959e-07
-2.104152626967346991e-07,2.501246031003151051e-06,-7.599118751368138257e-08,8.611800521612460254e-07
-1.630765087874935592e-07,2.239428500358839732e-06,-5.968386217570496362e-08,7.726152299270234536e-07
-1.208192291465924998e-07,1.993321542414946664e-06,-4.509601172218922022e-08,6.892335245430466496e-07
-8.332835100244422557e-08,1.763017674849605863e-06,-3.212351569310391084e-08,6.110847460260223352e-07
-5.028855653529561850e-08,1.548450648383618674e-06,-2.066182079451515307e-08,5.381634954938433116e-07
-2.138722927947580952e-08,1.349418206687375416e-06,-1.060696800903495966e-08,4.704168718827131297e-07
3.683052532018756944e-09,1.165602738324287928e-06,-1.856463887750876452e-09,4.077517017401899165e-07
2.522539891939170991e-08,9.965930871606270205e-07,5.690978889854012905e-09,3.500400274031350296e-07
4.352560427427861375e-08,8.418881232654152832e-07,1.213100161616760415e-08,2.971296673831966705e-07
5.886813158176942606e-08,7.009363575762198863e-07,1.755904029210149374e-08,2.488397444093579155e-07
7.152158016139403688e-08,5.731299044833182902e-07,2.206539896006424696e-08,2.049757648782194160e-07
8.174201053974705087e-08,4.578249061552026029e-07,2.573633357604254007e-08,1.653281055575882303e-07
8.967016649952782220e-08,3.543027541236405264e-07,2.861919983985738071e-08,1.296905906274803544e-07
9.564604751372649504e-08,2.620011869208806721e-07,3.082901231470306252e-08,9.781233605182911609e-08
9.988654863858441346e-08,1.802034689480733562e-07,3.243882646425565576e-08,6.949069965404015962e-08
1.025943818564537447e-07,1.082030774032318023e-07,3.351733303531757994e-08,4.449588108958381451e-08
1.039715454469185548e-07,4.530236382417010941e-08,3.413323472375556081e-08,2.259695308437604423e-08
1.041963013656310316e-07,-9.192730035065360719e-09,3.434728378508847226e-08,3.564284211103352601e-09
1.034155554590987708e-07,-5.595164945114868117e-08,3.420934654912669837e-08,-1.283170495267565278e-08
1.017998649767594392e-07,-9.563737409417218815e-08,3.377819262331395815e-08,-2.679747025329769467e-08
9.947069257266367500e-08,-1.288711937665667512e-07,3.309521878366412571e-08,-3.855857167801421314e-08
9.654978376477333725e-08,-1.562523877647303187e-07,3.220210559710380907e-08,-4.831232151063165084e-08
9.314729046679235307e-08,-1.783493872761629746e-07,3.113666746451963714e-08,-5.624985931200881019e-08
8.936228395433828117e-08,-1.956996381319436416e-07,2.993298210125772813e-08,-6.255279663359024532e-08
8.528339471943637717e-08,-2.088089976584063493e-07,2.862159512176710374e-08,-6.739246428946309508e-08
8.098949631516099891e-08,-2.181514687763469983e-07,2.722974570675544143e-08,-7.092966574840502937e-08
7.655037381045448821e-08,-2.241692952938253650e-07,2.578158883679451909e-08,-7.331463786597388622e-08
7.202736638742505279e-08,-2.272733466998174406e-07,2.429840945406488059e-08,-7.468714635341108955e-08
6.747398883841372067e-08,-2.278437370620995166e-07,2.279882989281270533e-08,-7.517667288608152357e-08
6.293653496088021713e-08,-2.262306374528809778e-07,2.129901159254552912e-08,-7.490266979196322871e-08
5.845466244726193168e-08,-2.227552480828934085e-07,1.981285099160290144e-08,-7.397486883139340696e-08
5.406195729104895873e-08,-2.177108999063637545e-07,1.835216893380782163e-08,-7.249363440263330939e-08
4.978647547882262548e-08,-2.113642582060929318e-07,1.692689280621435536e-08,-7.055035262949787905e-08
4.565126005024459794e-08,-2.039566032483463746e-07,1.554523071682347093e-08,-6.822784831886822486e-08
4.167483207977577353e-08,-1.957051656353966906e-07,1.421383717673814938e-08,-6.560082234261690849e-08
3.787165460497288642e-08,-1.868044964633843911e-07,1.293796991203796122e-08,-6.273630267299259498e-08
3.425256894619016141e-08,-1.774278547754717314e-07,1.172163757633784110e-08,-5.969410303115206668e-08
3.082520322216599692e-08,-1.677285970530808548e-07,1.056773826082007911e-08,-5.652728384335639554e-08
2.759435316905633023e-08,-1.578415555915388179e-07,9.478188805098610138e-09,-5.328261090631268322e-08
2.456233562374472203e-08,-1.478843945508695473e-07,8.454045001655645257e-09,-5.000100782605083383e-08
2.172906147761278385e-08,-1.379579758358442100e-07,7.495701955927882200e-09,-4.671839279569420859e-08
1.909290328584869822e-08,-1.281510534869939706e-07,6.602633265159350497e-09,-4.346484081298536049e-08
1.665049784638865278e-08,-1.185374646833971009e-07,5.773920998012759542e-09,-4.026637435642540079e-08
1.439719986156846645e-08,-1.091788225181640052e-07,5.008188076506262040e-09,-3.714486896783632664e-08
1.232727009534273182e-08,-1.001257524913287863e-07,4.303668296731284309e-09,-3.411837203092835687e-08
1.043408178493632530e-08,-9.141895437693654181e-08,3.658277707821570061e-09,-3.120151221960071009e-08
8.710306393002768328e-09,-8.309021784448182091e-08,3.069678549886112993e-09,-2.840584979382182587e-08
7.148214614978993803e-09,-7.516410949921385823e-08,2.535290433658330638e-09,-2.573992404865940226e-08
5.739270909787806970e-09,-6.765589541974235628e-08,2.052530581475143698e-09,-2.321071760918875684e-08
4.475115936141242414e-09,-6.057692235785943803e-08,1.618567039910990168e-09,-2.082210538135961058e-08
3.347098019564337642e-09,-5.393229989085506580e-08,1.230559301056445840e-09,-1.857642805717684598e-08
2.346522903877201885e-09,-4.772241192626005231e-08,8.856409470220045699e-10,-1.647436893465567404e-08
1.464739987449940525e-09,-4.194357464235393862e-08,5.809498497346813000e-10,-1.451518700767461117e-08
6.932160697615602038e-10,-3.658864112196363117e-08,3.136540271520182469e-10,-1.269692492075855774e-08
2.359766543263452500e-11,-3.164755341214772944e-08,8.097358003924136221e-11,-1.101659801121197946e-08
-5.522370877882392009e-10,-2.710784401375345943e-08,-1.198009344021699652e-10,-9.470366172287213477e-09
-1.042135946089387883e-09,-2.295508923243426936e-08,-2.912933603086601295e-10,-8.053689467854147541e-09
-1.453638571062472134e-09,-1.917331695741684215e-08,-4.360297182731251615e-10,-6.761468356318388204e-09
-1.793950157074821640e-09,-1.574537149884668590e-08,-5.564286010274163052e-10,-5.588169391715932951e-09
-2.069921849033448546e-09,-1.265323814229049622e-08,-6.547939103974971100e-10,-4.527937280689657970e-09
-2.288037178198524022e-09,-9.878330077846855992e-09,-7.333096738389519460e-10,-3.574694176460206504e-09
-2.454403796545165705e-09,-7.401740335753020629e-09,-7.940366964028704441e-10,-2.722227084994545735e-09
-2.574749842240543321e-09,-5.204461314087590214e-09,-8.389108213152614116e-10,-1.964264245442651836e-09
-2.654424319726030991e-09,-3.267574420498922631e-09,-8.697425893466600742e-10,-1.294541327667708933e-09
-2.698400927362049387e-09,-1.572412271867187488e-09,-8.882181036933423828e-10,-7.068582653741867331e-10
-2.711284813353607226e-09,-1.006958061678930761e-10,-8.959009230978617473e-10,-1.951275148773697465e-10
-2.697412848937521837e-09,1.165246700429147574e-09,-8.942640236059737229e-10,2.466141138135023843e-10
-2.660501775103452803e-09,2.242879079848034565e-09,-8.845764211549082643e-10,6.240159969864336339e-10
-2.604202800152811512e-09,3.148506775293866380e-09,-8.680827897054496537e-10,9.427337532986861299e-10
-2.531757629723689769e-09,3.897925202019876333e-09,-8.458902112058180574e-10,1.208022454648331616e-09
-2.446101888960615304e-09,4.506144106529858443e-09,-8.190033604471575443e-10,1.424926018184501937e-09
-2.349881080845736764e-09,4.987368506438114058e-09,-7.883292978191346861e-10,1.598231893784041021e-09
-2.245466897501578245e-09,5.354981870389823242e-09,-7.546827518962981864e-10,1.732458777649531730e-09
-2.134973757746850505e-09,5.621538032685327832e-09,-7.187915498433152770e-10,1.831852089231210523e-09
-2.020275397331978315e-09,5.798761750630214517e-09,-6.813020927907247028e-10,1.900383055360946949e-09
-1.903021352635932128e-09,5.897556820395350096e-09,-6.427848152751350283e-10,1.941750511602613051e-09
-1.784653200737725601e-09,5.928020632119177671e-09,-6.037395800488856671e-10,1.959384973920711533e-09
-1.666420440119349771e-09,5.899464128027640571e-09,-5.646009674350280779e-10,1.956454618228613093e-09
-1.549395915803987653e-09,5.820436221097540385e-09,-5.257434251639413472e-10,1.935872843944628394e-09
-1.434490710441114467e-09,5.698751822670364252e-09,-4.874862507062361392e-10,1.900307129188936445e-09
-1.322468438798974658e-09,5.541522713610678099e-09,-4.500983835940867824e-10,1.852188914454571597e-09
-1.213958897412778472e-09,5.355190574782936815e-09,-4.138029901386938281e-10,1.793724279048706442e-09
-1.109471033864793928e-09,5.145561568727094693e-09,-3.787818273393413443e-10,1.726905200373808198e-09
-1.009405211441762671e-09,4.917841935452353731e-09,-3.451793766731495972e-10,1.653521210211516810e-09
-9.140647548263633446e-10,4.676674131295656974e-09,-3.131067418875804791e-10,1.575171284596109510e-09
-8.236667711319510641e-10,4.426173100899320672e-09,-2.826453079229831844e-10,1.493275824652953840e-09
-7.383522480802564174e-10,4.169962328678480723e-09,-2.538501607022790765e-10,1.409088604961386000e-09
-6.581954375441135991e-10,3.911209367825458457e-09,-2.267532697707081769e-10,1.323708583632490097e-09
-5.832125381222170208e-10,3.652660592108519385e-09,-2.013664376807371287e-10,1.238091484426555293e-09
-5.133696949673121408e-10,3.396674958658340122e-09,-1.776840216249480732e-10,1.153061075930975110e-09
-4.485903388360459983e-10,3.145256608801046730e-09,-1.556854341509126098e-10,1.069320086143309863e-09
-3.887618893467165360e-10,2.900086169001909563e-09,-1.353374308732000022e-10,9.874607028303990943e-10
-3.337418497947885852e-10,2.662550645350455282e-09,-1.165961939539149280e-10,9.079746208268859532e-10
-2.833633226553321175e-10,2.433771832964631908e-09,-9.940922077817826300e-11,8.312626070742516542e-10
-2.374399761620669079e-10,2.214633186442116869e-09,-8.371702772695136296e-11,7.576435627550736323e-10
-1.957704931556614131e-10,2.005805119259505744e-09,-6.945467926728195641e-11,6.873630694224667551e-10
-1.581425337961343443e-10,1.807768719034732688e-09,-5.655315275876134233e-11,6.206014126264048224e-10
-1.243362437881993027e-10,1.620837882031774813e-09,-4.494054943252252111e-11,5.574810822817176200e-10
-9.412733952255023070e-11,1.445179884410473725e-09,-3.454316195200318821e-11,4.980737539579223055e-10
-6.728980103476476221e-11,1.280834419702821979e-09,-2.528640882806998837e-11,4.424067594800937377e-10
-4.359820296720391710e-11,1.127731142021455196e-09,-1.709564574875540633e-11,3.904690587695706970e-10
-2.282971282479622769e-11,9.857057627594576012e-10,-9.896863608411153703e-12,3.422167277846092061e-10
-4.765784776185211528e-12,8.545147551938067271e-10,-3.617282693935563361e-12,2.975779798041751926e-10
1.080642390266253903e-11,7.338487266214326239e-10,1.814147882855222020e-12,2.564577391888524997e-10
2.409288788785623003e-11,6.233445215916056311e-10,6.466336818414574295e-12,2.187417881977469963e-10
3.529177582233321667e-11,5.225961225918240575e-10,1.040571505269274207e-11,1.843005084978423565e-10
4.459271608842809100e-11,4.311644163357316762e-10,1.369597018433138688e-11,1.529922397045091459e-10
5.217624451552342835e-11,3.485858947092483383e-10,1.639784349548702731e-11,1.246662776964643725e-10
5.821341358337963252e-11,2.743803595759221175e-10,1.856898267232926184e-11,9.916553558015884499e-11
6.286554405963518380e-11,2.080577001267628119e-10,2.026384376343514865e-11,7.632889008480653914e-11
6.628410137045915592e-11,1.491238103826610281e-10,2.153363637007116540e-11,5.599323587471929483e-11
6.861068033630205347e-11,9.708571290667574939e-11,2.242630650619691160e-11,3.799526980935034080e-11
6.997708320169747475e-11,5.145595284179005542e-11,2.298655199890401111e-11,2.217302657912438971e-11
7.050547714216966816e-11,1.175632412638472467e-11,2.325586571950096740e-11,8.367186436544691188e-12
7.030861863694895410e-11,-2.247901277534450370e-11,2.327260233957051481e-11,-3.577825062848722352e-12
6.949013324906464122e-11,-5.170096500115290349e-11,2.307206469345976121e-11,-1.381292627051804672e-11
6.814484045122452873e-11,-7.634343950328343185e-11,2.268660619764570850e-11,-2.248363949369323919e-11
6.635911417444001886e-11,-9.682172252127697617e-11,2.214574612740591136e-11,-2.972950473421826997e-11
6.421127073522059165e-11,-1.135312584941895802e-10,2.147629488159522164e-11,-3.568363096019786108e-11
6.177197671565799020e-11,-1.268467836170947970e-10,2.070248667685863149e-11,-4.047236974617637357e-11
5.910467022886505811e-11,-1.371217722582554056e-10,1.984611740314773482e-11,-4.421509712152545656e-11
5.626598980055549877e-11,-1.446881574312954958e-10,1.892668564313091843e-11,-4.702409045018426465e-11
5.330620583708485442e-11,-1.498562894322231280e-10,1.796153510924359736e-11,-4.900448814070917832e-11
5.026965033244111217e-11,-1.529150995905142049e-10,1.696599698415036006e-11,-5.025432093126653292e-11
4.719514109322636560e-11,-1.541324388287603082e-10,1.595353086383330799e-11,-5.086460441414425987e-11
4.411639733363280481e-11,-1.537555633652773219e-10,1.493586319801520795e-11,-5.091948334898411654e-11
4.106244401401441741e-11,-1.520117424191547610e-10,1.392312230088926587e-11,-5.049641916240727231e-11
3.805800276929457704e-11,-1.491089651790128250e-10,1.292396916690996059e-11,-4.966641284178237768e-11
3.512386769962251862e-11,-1.452367265730801288e-10,1.194572347256299879e-11,-4.849425619517151415e-11
3.227726467799430578e-11,-1.405668735222631595e-10,1.099448427638658600e-11,-4.703880517635811992e-11
2.953219317061780776e-11,-1.352544953708618410e-10,1.007524504692733329e-11,-4.535326965392436058e-11
2.689974986825681142e-11,-1.294388440708454855e-10,9.192002752672735652e-12,-4.348551464021341657e-11
2.438843369326767053e-11,-1.232442714454343002e-10,8.347860840170969847e-12,-4.147836858975592094e-11
2.200443198013546854e-11,-1.167811724791047048e-10,7.545126007375258557e-12,-3.936993492850805607e-11
1.975188782955285674e-11,-1.101469250773604425e-10,6.785398749596646691e-12,-3.719390348323592238e-11
1.763314880993417093e-11,-1.034268181133484658e-10,6.069657716125266559e-12,-3.497985894977785288e-11
1.564899732809596995e-11,-9.669496083553841778e-11,5.398337967389227344e-12,-3.275358396723598113e-11
1.379886311494691113e-11,-9.001516785506051368e-11,4.771403266230233486e-12,-3.053735475659905795e-11
1.208101837460582019e-11,-8.344181496807652079e-11,4.188412573212968571e-12,-2.835022763768877520e-11
1.049275622847711313e-11,-7.702066200424309105e-11,3.648580945550050964e-12,-2.620831505939990672e-11
9.030553151424570943e-12,-7.078963973131828977e-11,3.150835062887780806e-12,-2.412505006610420699e-11
7.690216147147050958e-12,-6.477959859499562430e-11,2.693863621479218881e-12,-2.211143838130662776e-11
6.467015445913699342e-12,-5.901501773679897433e-11,2.276162851745682991e-12,-2.017629751961278204e-11
5.355803531570116956e-12,-5.351467331909814399e-11,1.896077423471265480e-12,-1.832648253892910832e-11
4.351121317701684582e-12,-4.829226569734272238e-11,1.551837008365985025e-12,-1.656709822476775788e-11
3.447292296417668640e-12,-4.335700542519405649e-11,1.241588771976894638e-12,-1.490169765066976837e-11
2.652207689608193730e-12,-3.869720939945980352e-11,9.678204392743794168e-13,-1.333809566428372917e-11
1.945563324540377923e-12,-3.434535459004404434e-11,7.239427985881379430e-13,-1.186333113431363803e-11
1.321300949456046733e-12,-3.029488259187083138e-11,5.080251709312969294e-13,-1.048736585051347923e-11
7.734816016341229334e-13,-2.654000336692551112e-11,3.180956141645152602e-13,-9.209962452652990234e-12
2.963064704302894375e-13,-2.307335658888743896e-11,1.522156988314529683e-13,-8.029025866351339809e-12
-1.158515745073066415e-13,-1.988600405554740014e-11,8.499734192190413315e-15,-6.941760610670891669e-12
-4.684206571818331090e-13,-1.696770312106428300e-11,-1.148746634866338219e-13,-5.944892773588040370e-12
-7.666080809794197553e-13,-1.430718285551963008e-11,-2.196586859758130115e-13,-5.034778632567562903e-12
-1.015383627831090203e-12,-1.189239369920135641e-11,-3.075262885339034993e-13,-4.207491860633288569e-12
-1.219467418760386183e-12,-9.710729201236427115e-12,-3.800697220327337666e-13,-3.458899939426763855e-12
-1.383321802272290422e-12,-7.749221447170163831e-12,-4.387964529064642041e-13,-2.784731520816554713e-12
-1.511146773696189310e-12,-5.994712074392945958e-12,-4.851273017338575332e-13,-2.180635499422917237e-12
-1.606878466364914207e-12,-4.434000760430948178e-12,-5.203956446309476487e-13,-1.642232437220359593e-12
-1.674190292331609136e-12,-3.053973011872540979e-12,-5.458475340202433510e-13,-1.165158953488862692e-12
-1.716496345847458934e-12,-1.841709014559502082e-12,-5.626426072065285612e-13,-7.451056676071771476e-13
-1.736956716860817452e-12,-7.845752294496851679e-13,-5.718556626022202872e-13,-3.778492605614473842e-13
-1.738484394266234405e-12,1.296996605581509764e-13,-5.744787943281117057e-13,-5.927919311405814286e-14
-1.723753469434581000e-12,9.129629319984613871e-13,-5.714239862890666352e-13,2.145804061678438730e-13
-1.695208379669350219e-12,1.576588693992595658e-12,-5.635260765964417993e-13,4.475532014574260768e-13
-1.655073958606272035e-12,2.131440104611856760e-12,-5.515460124506774656e-13,6.432970022713273754e-13
-1.605366086205939967e-12,2.587841668580346348e-12,-5.361743242671030321e-13,8.052935812578359431e-13
-1.547902754907889433e-12,2.955560439828360176e-12,-5.180347558901628869e-13,9.368415608884271638e-13
-1.484315390717962242e-12,3.243795038266130740e-12,-4.976879952782835576e-13,1.041051997774441315e-12
-1.416060288543754804e-12,3.461171472326895094e-12,-4.756354570042759135e-13,1.120846323135125059e-12
-1.344430040016100841e-12,3.615744839454822936e-12,-4.523230743403645006e-13,1.178956324034253464e-12
-1.270564849397181590e-12,3.715006053964492985e-12,-4.281450646038055756e-13,1.217925875810715642e-12
-1.195579055138669419e-12,3.767712439920765975e-12,-4.035230118196221392e-13,1.239437645618524335e-12
-1.120075692606609350e-12,3.777878996648810915e-12,-3.786403237006136372e-13,1.247504091908922165e-12
-1.044827798876139877e-12,3.751686133527908923e-12,-3.537541547745532949e-13,1.243050672384811973e-12
-9.704947739156241433e-13,3.694521289271237069e-12,-3.290936851984965898e-13,1.227754562860085799e-12
-8.979081765541398066e-13,3.609566345021481258e-12,-3.049129334657399252e-13,1.203877933839966650e-12
-8.273449833537227858e-13,3.503700042811133778e-12,-2.813444330285038231e-13,1.171294636284924592e-12
-7.591668937122758481e-13,3.380575111054075088e-12,-2.585250840193201114e-13,1.132407156847139778e-12
-6.936641289328273477e-13,3.243741764415402420e-12,-2.365598711041700372e-13,1.088576637486180944e-12
-6.310612407276303224e-13,3.096405153262182391e-12,-2.155303210494814737e-13,1.040921406570939388e-12
-5.715241610946569463e-13,2.941415846631462283e-12,-1.954976736937423379e-13,9.904257518466439849e-13
-5.151669723274115361e-13,2.781290665988547532e-12,-1.765052629858389729e-13,9.379592472754687533e-13
-4.620582141046913419e-13,2.618236499249978979e-12,-1.585806670062177680e-13,8.842860416567209087e-13
-4.122267174605487908e-13,2.454173905643386074e-12,-1.417376917297715912e-13,8.300728893345822589e-13
-3.656669770442468458e-13,2.290760045038026893e-12,-1.259781994820493336e-13,7.758968400955166105e-13
-3.223440774434090814e-13,2.129410785866468905e-12,-1.112937878855375049e-13,7.222526539996954279e-13
-2.821981914052985607e-13,1.971321901027549375e-12,-9.766732510354398668e-14,6.695599213009735931e-13
-2.451486692318192363e-13,1.817489285159236140e-12,-8.507434762483545904e-14,6.181698651057753404e-13
-2.110977396608868037e-13,1.668728145734540623e-12,-7.348432721279385659e-14,5.683718087037792482e-13
-1.799338432468401740e-13,1.525691136637350167e-12,-6.286181390913084555e-14,5.203992956386884874e-13
-1.515346196637770695e-13,1.388885416799703736e-12,-5.316746214001944537e-14,4.744358558033577869e-13
-1.257695705021226055e-13,1.258688629518713986e-12,-4.435894706301363488e-14,4.306204136723318434e-13
-1.025024190668825986e-13,1.135363807720451769e-12,-3.639177827681662299e-14,3.890523408561446073e-13
-8.159318842236003157e-14,1.019073220654890583e-12,-2.922001796609205469e-14,3.497961555635005614e-13
-6.290001851497077067e-14,9.098911841799029603e-13,-2.279691042057355771e-14,3.128858768017072493e-13
-4.628074265421636357e-14,8.078158637843842182e-13,-1.707542970832619406e-14,2.783290413295297691e-13
-3.159424297400120888e-14,7.127801043262618133e-13,-1.200875206755172419e-14,2.461103949411129438e-13
-1.870160374828507175e-14,6.246613248861267984e-13,-7.550659350615367938e-15,2.161952696080581660e-13
-7.467080622188775565e-15,5.432905200239508345e-13,-3.655879587334887697e-15,1.885326603400288690e-13
2.241097046012703944e-15,4.684604112946153275e-13,-2.803704524052245011e-16,1.630580159482318603e-13
1.055007444156259684e-14,3.999327946671401296e-13,2.618448868134630301e-15,1.396957583055248131e-13
1.758185477596658244e-14,3.374451298024465069e-13,5.081512225506502743e-15,1.183615458071387299e-13
2.345290356288424733e-14,2.807164184620660140e-13,7.147962592291808780e-15,9.896429623844911043e-14
2.827386018596966531e-14,2.294524184243193226e-13,8.855045112617137840e-15,8.140798464988196620e-14
3.214934418739004456e-14,1.833502394289502333e-13,1.023803285211771910e-14,6.559323126830731440e-14
3.517784461266115251e-14,1.421023661438695095e-13,1.133018129491456834e-14,5.141869531378205157e-14
3.745168164111998142e-14,1.054001527380743513e-13,1.216270792030134838e-14,3.878228853438618930e-14
3.905703059037694873e-14,7.293683152745615440e-14,1.276479349181654221e-14,2.758222380604507391e-14
4.007399921892597151e-14,4.441007727957024328e-14,1.316360195648711956e-14,1.771791144823122371e-14
4.057675004293853261e-14,1.952416618119759438e-14,1.338431613516542298e-14,9.090717852755939930e-15
4.063366014952829121e-14,-2.008232427904602274e-15,1.345018662469299660e-14,1.604597661517818779e-15
4.030751170365515602e-14,-2.046459650499502102e-14,1.338259159408438029e-14,-4.833386897509552712e-15
3.965570703681872096e-14,-3.611138954271112811e-14,1.320110536421807367e-14,-1.031265009169825506e-14
3.873050283879410976e-14,-4.920316574456392237e-14,1.292357390071814462e-14,-1.491875741932471055e-14
3.757925858018268149e-14,-5.998191197132958572e-14,1.256619553727228837e-14,-1.873318260300084025e-14
3.624469485256551844e-14,-6.867659915822220167e-14,1.214360544124973254e-14,-2.183313672009124618e-14
3.476515783415590450e-14,-7.550291751533140624e-14,1.166896251069824735e-14,-2.429146097399771073e-14
3.317488656882880148e-14,-8.066317200871119891e-14,1.115403756120942686e-14,-2.617657464178554251e-14
3.150428019641989440e-14,-8.434631591806029422e-14,1.060930179454207603e-14,-2.755247204787389190e-14
2.978016267157782696e-14,-8.672810315569383624e-14,1.004401470195815356e-14,-2.847875995648906856e-14
2.802604288606564696e-14,-8.797134059703736155e-14,9.466310668467900841e-15,-2.901073057560694589e-14
2.626236844752262443e-14,-8.822622405706494020e-14,8.883283661432779258e-15,-2.919946400175962036e-14
2.450677167212823957e-14,-8.763074302733684500e-14,8.301069498070772717e-15,-2.909195472922097665e-14
2.277430662829357051e-14,-8.631114045486046397e-14,7.724925270809651278e-15,-2.873125833858666269e-14
2.107767631366119225e-14,-8.438241573263660804e-14,7.159305604768724100e-15,-2.815665334108595843e-14
1.942744927015260268e-14,-8.194885998731493736e-14,6.607935492746468023e-15,-2.740381505010549728e-14
1.783226513756910366e-14,-7.910461420540988916e-14,6.073879522981426516e-15,-2.650499787843020166e-14
1.629902882003074223e-14,-7.593424173504977275e-14,5.559607369964929719e-15,-2.548922355744004993e-14
1.483309309033196375e-14,-7.251330789380344011e-14,5.067055476258857103e-15,-2.438247228371288030e-14
1.343842958835098509e-14,-6.890896033962437696e-14,4.597684897583963694e-15,-2.320787480354924032e-14
1.211778828443232262e-14,-6.518050464278042896e-14,4.152535319948476614e-15,-2.198590365753390277e-14
1.087284557344141435e-14,-6.137997056029147941e-14,3.732275295702225868e-15,-2.073456164204777831e-14
9.704341246429549282e-15,-5.755266507883308989e-14,3.337248773708169435e-15,-1.946956622566500308e-14
8.612204657720300598e-15,-5.373770879692254860e-14,2.967518013925637821e-15,-1.820452931225684993e-14
7.595670454310812994e-15,-4.996855347634059018e-14,2.622903011961259605e-15,-1.695113025225549823e-14
6.653384283921437095e-15,-4.627347820369180574e-14,2.303017558617374284e-15,-1.571928274571249641e-14
5.783498928884076181e-15,-4.267606291513507878e-14,2.007302081526402186e-15,-1.451729402650495860e-14
4.983761336081399822e-15,-3.919563816135547994e-14,1.735053428053371564e-15,-1.335201601567031907e-14
4.251591035675527565e-15,-3.584770998588671879e-14,1.485451739360540072e-15,-1.222898913352037472e-14
3.584150446154968482e-15,-3.264435993529926722e-14,1.257584586803952305e-15,-1.115257719736214694e-14
2.978407568399469320e-15,-2.959461986229139608e-14,1.050468536582825894e-15,-1.012609420095960952e-14
2.431191571678033444e-15,-2.670482160637294421e-14,8.630683075665989404e-16,-9.151922808439210406e-15
1.939241768645852029e-15,-2.397892190502560958e-14,6.943136856621795691e-16,-8.231624712192095534e-15
1.499250464946079159e-15,-2.141880317220528068e-14,5.431143589564254416e-16,-7.366042755167173408e-15
1.107900157807733346e-15,-1.902455068265786028e-14,4.083728340891155753e-16,-6.555395090527527934e-15
7.618955428943781206e-16,-1.679470698230102055e-14,2.889955844588291113e-16,-5.799361935138942936e-15
4.579907726500691832e-16,-1.472650431910988622e-14,1.839025764059298162e-16,-5.097165042865445000e-15
1.930123873818034852e-16,-1.281607628358671591e-14,9.203531912210232887e-17,-4.447639886836492493e-15
-3.612167863425587680e-17,-1.105864953598920478e-14,1.236357426775507736e-17,-3.849301184260730279e-15
-2.323866332258354848e-16,-9.448716622948928561e-15,-5.610914686086512314e-17,-3.300402104880321283e-15
-3.986385423108045518e-16,-7.980190916817342100e-15,-1.143411835629647121e-16,-2.798987889262976067e-15
-5.376048923352116957e-16,-6.646545235825487685e-15,-1.632492963976956107e-16,-2.342942897579219420e-15
-6.518776776038941431e-16,-5.440934460163637192e-15,-2.037061126410923046e-16,-1.930033394662775479e-15
-7.439087200844163274e-16,-4.356303932633565085e-15,-2.365383397370354329e-16,-1.557944681341083235e-15
-8.160069469743422185e-16,-3.385484266527160916e-15,-2.625256575383303974e-16,-1.224314111617186765e-15
-8.703373744311394220e-16,-2.521273870845026361e-15,-2.824001996254301335e-16,-9.267595154353480608e-16
-9.089215618376480285e-16,-1.756509842696380659e-15,-2.968465507566471407e-16,-6.629042485623612572e-16
-9.336393279320615278e-16,-1.084128777255872153e-15,-3.065021780969621115e-16,-4.303979078531543752e-16
-9.462315289468041466e-16,-4.972176133864500570e-16,-3.119582419003640137e-16,-2.269347998416485437e-16
-9.483037256335919442e-16,1.094379448360018023e-17,-3.137607147208671537e-16,-5.026848489868317029e-17
-9.413305789045689604e-16,4.468480404313015268e-16,-3.124117579937860156e-16,1.017758397264393663e-16
-9.266608273724904985e-16,8.167326907045146839e-16,-3.083713117762797573e-16,2.312911824746835716e-16
-9.055227217128758438e-16,1.126558796435904271e-15,-3.020588440137646492e-16,3.402814144270414706e-16
-8.790297992586449334e-16,1.381995188035178278e-15,-2.938552251536246248e-16,4.306553142248842429e-16
-8.481868956572560786e-16,1.588407745594867309e-15,-2.841046975147780902e-16,5.042221842298785231e-16
-8.138963083290516390e-16,1.750852724121173990e-15,-2.731168959092564677e-16,5.626898173654792099e-16
-7.769640289326839862e-16,1.874074242067231820e-15,-2.611689068126516993e-16,6.076626009028082370e-16
-7.381059807417914596e-16,1.962504695216008834e-15,-2.485073324891998594e-16,6.406417485154179844e-16
-6.979542008265528415e-16,2.020268198395294333e-15,-2.353503446152413817e-16,6.630259112591646847e-16
-6.570629195196904400e-16,2.051186213103582721e-15,-2.218897061542351912e-16,6.761130496530384621e-16
-6.159144936561774820e-16,2.058785347094935034e-15,-2.082927527627012333e-16,6.811025021466911968e-16
-5.749251610877911071e-16,2.046306619457515079e-15,-1.947043168164356569e-16,6.790980878400231892e-16
-5.344505878219583237e-16,2.016716148262234941e-15,-1.812485870483423180e-16,6.711113609159442521e-16
-4.947911869651490352e-16,1.972716767983438443e-15,-1.680308932091675418e-16,6.580655043187532147e-16
-4.561971922532626600e-16,1.916760487530650324e-15,-1.551394114791707983e-16,6.407993133266771272e-16
-4.188734734667521519e-16,1.851061523445890245e-15,-1.426467880763210917e-16,6.200713179337158198e-16
-3.829840879902727797e-16,1.777609536271225872e-15,-1.306116721102469363e-16,5.965644423533039817e-16
-3.486565615167986326e-16,1.698183259469928781e-15,-1.190801630113648573e-16,5.708901645792893992e-16
-3.159858985788836766e-16,1.614363970142571957e-15,-1.080871671642459725e-16,5.435931678205576179e-16
-2.850383240319895710e-16,1.527548933154046684e-15,-9.765766411803523563e-17,5.151558247996825146e-16
-2.558547580535927914e-16,1.438964687507252157e-15,-8.780788695618959082e-17,4.860024350076068517e-16
-2.284540316342028301e-16,1.349679928450327407e-15,-7.854641418827585369e-17,4.565037038398506125e-16
-2.028358496908316715e-16,1.260618046995979529e-15,-6.987517683573190354e-17,4.269809143900975367e-16
-1.789835096644240294e-16,1.172569261760122994e-15,-6.179038413280660606e-17,3.977099678142356061e-16
-1.568663847345319445e-16,1.086202279962596124e-15,-5.428337273988974235e-17,3.689251458559948398e-16
-1.364421841636835700e-16,1.002075287970328896e-15,-4.734137735386143506e-17,3.408230904665384236e-16
-1.176589997555395790e-16,9.206465570433196555e-16,-4.094823100342263110e-17,3.135661854841566573e-16
-1.004571504536408655e-16,8.422843848986690922e-16,-3.508499720788572643e-17,2.872859715125657118e-16
-8.477083693331055655e-17,7.672764655836245031e-16,-2.973053819848369979e-17,2.620862800843992068e-16
-7.052961700148432234e-17,6.958387277353722458e-16,-2.486202319219380486e-17,2.380461919202635451e-16
-5.765971560251375270e-17,6.281234370595730510e-16,-2.045537818589038666e-17,2.152229514505008672e-16
-4.608517831463979469e-17,5.642269394435055277e-16,-1.648568585806532862e-17,1.936543399681574409e-16
-3.572888212906013755e-17,5.041966186058095444e-16,-1.292753440851100071e-17,1.733612814848551691e-16
-2.651341295782539216e-17,4.480374725956722032e-16,-9.755322937394983545e-18,1.543498903976658705e-16
-1.836182165013466849e-17,3.957180410267004041e-16,-6.943523189760166821e-18,1.366136925591983814e-16
-1.119826732599391166e-17,3.471759526420597404e-16,-4.466906837112110821e-18,1.201352041080157867e-16
-4.948560611420791200e-18,3.023227713003390819e-16,-2.300734289058870242e-18,1.048879554184294136e-16
4.593865809030398016e-19,2.610486172269978457e-16,-4.209141299006867654e-19,9.083779877026707156e-17
5.095194364383474409e-18,2.232261850254345294e-16,1.195866360429838819e-18,7.794439456050505506e-17
9.025722417992841634e-18,1.887143649776612999e-16,2.572037762322220665e-18,6.616252684280831246e-17
1.231484515502016094e-17,1.573615539483085860e-16,3.729065351895524619e-18,5.544302990036395639e-17
1.502328607114451150e-17,1.290085113349586153e-16,4.687389160343101240e-18,4.573401778836428611e-17
1.720850488274070252e-17,1.034909349966355188e-16,5.466380655506887545e-18,3.698159977223613564e-17
1.892463081889700856e-17,8.064169038739206925e-17,6.084315194467755166e-18,2.913069029529913792e-17
2.022243592178143266e-17,6.029274399586739782e-17,6.558359608234751682e-18,2.212575014609030921e-17
2.114934320893455721e-17,4.227685065963374242e-17,6.904570735762484558e-18,1.591127772489914156e-17
2.174946444677638913e-17,2.642897365906192236e-17,7.137905621360656584e-18,1.043241899132190298e-17
2.206366358796431957e-17,1.258752776854847123e-17,7.272238671062126286e-18,5.635239342036982260e-18
2.212964052731660992e-17,5.953289003302589399e-19,7.320387860327977866e-18,1.467228727883762023e-18
2.198203263589791800e-17,-9.699534868269375974e-18,7.294146495487076199e-18,-2.122486737222886160e-18
2.165253004514226192e-17,-1.844306934447037985e-17,7.204319635915553967e-18,-5.182905469143184139e-18
2.117000151007297016e-17,-2.577487592292990044e-17,7.060765278818624058e-18,-7.760912630849368417e-18
2.056062879514357221e-17,-3.182774656507279881e-17,6.872437058909681236e-18,-9.901251452071615195e-18
1.984804655536640358e-17,-3.672742697744173804e-17,6.647430413307990133e-18,-1.164630795240528382e-17
1.905348576494494518e-17,-4.059245657999935579e-17,6.393029975416369181e-18,-1.303609423027295652e-17
1.819591926758514308e-17,-4.353407814606966839e-17,6.115757321728990406e-18,-1.410823052931346872e-17
1.729220746037466907e-17,-4.565625547811081590e-17,5.821418572339191264e-18,-1.489795989826085854e-17
1.635724219216128319e-17,-4.705578347540450949e-17,5.515153605806932751e-18,-1.543803981126787527e-17
1.540408952457229080e-17,-4.782232954836046643e-17,5.201481682331894878e-18,-1.575900541614672381e-17
1.444412770157256086e-17,-4.803873075201324392e-17,4.884349321031078658e-18,-1.588894762692140508e-17
