1.403785498558612407e-18,4.770858506640219348e-19
-1.941686994730772652e-19,-6.367352291066042525e-20
-1.860779697213902510e-19,-6.355453939268198548e-20
-1.655176556694261114e-19,-5.701303974177571256e-20
-1.461473319075717837e-19,-5.055979839857991834e-20
-1.284338799569936661e-19,-4.426280497850324450e-20
-1.116055567699311261e-19,-3.880556426620138455e-20
-9.675784039499403054e-20,-3.364946804522789066e-20
-8.211111687295215673e-20,-2.884029240115631834e-20
-6.954118018469469856e-20,-2.436632587931778856e-20
-5.763331207945698025e-20,-2.028575294406019678e-20
-4.817008636491653083e-20,-1.708307786480382474e-20
-3.889134400749972676e-20,-1.397098645722437329e-20
-3.011306031985387200e-20,-1.084641145041575015e-20
-2.188783319945197836e-20,-8.158706256192110938e-21
-1.540836715074295742e-20,-5.766356440412542094e-21
-9.733248215453445201e-21,-4.063885532425639847e-21
-4.746831623115798515e-21,-2.047840987542716555e-21
-5.686304877087797149e-22,-6.782757563524332352e-22
3.914292997806371280e-21,9.717403978168122974e-22
6.585451278885311741e-21,1.870238488833649357e-21
1.000520950277916638e-20,2.973758243012199689e-21
1.128727193489365314e-20,3.461261404154997491e-21
1.360763008875622963e-20,4.413190161720011767e-21
1.483085291391494966e-20,4.618140219001566724e-21
1.599343606401014912e-20,5.059693350401893527e-21
1.665650593157054303e-20,5.400202210005650361e-21
1.780589246122545619e-20,5.935872440414508801e-21
1.818737612206567753e-20,6.045160517217311208e-21
1.762438256969702355e-20,5.863420900767254654e-21
1.798219996281816034e-20,5.748844679974306108e-21
1.697957332681872637e-20,5.779288275864693850e-21
1.735573436120312574e-20,5.782185719591466059e-21
1.604507580603836840e-20,5.435589635857705071e-21
1.637799114595368328e-20,5.287045527172479575e-21
1.546933061578436652e-20,5.434599030077408924e-21
1.447549060488200872e-20,4.644995024158971822e-21
1.387846846540028358e-20,4.749683656251998294e-21
1.301455749289775622e-20,4.408960727254343407e-21
1.227390472996791597e-20,4.177262562732189002e-21
1.208790518164976608e-20,4.097989240357838836e-21
1.065450454931648521e-20,3.442046682768346241e-21
1.065642180491938057e-20,3.663294139281776324e-21
9.303082707702016700e-21,3.240547961552772945e-21
8.302389928667917020e-21,2.686009513174433629e-21
7.675510991822783261e-21,2.732105305638556897e-21
7.432777908720981038e-21,2.568298508652959671e-21
6.548816966448000980e-21,2.252398445809841454e-21
6.244342081751014268e-21,1.983274863939198090e-21
5.807265352305461522e-21,2.103818188379524169e-21
5.330519253858929466e-21,1.859140110836456929e-21
4.659286296459767408e-21,1.614845644557141810e-21
3.759232300816577292e-21,1.143146096110894229e-21
2.805324655512481250e-21,9.624511374843429891e-22
2.716668422498986213e-21,1.117776058255454573e-21
2.400116878034644588e-21,8.907752627430543675e-22
1.746047663818036329e-21,4.758492250113097717e-22
2.540119882085767074e-21,7.626862960126439183e-22
1.247857290011844812e-21,4.548167827014457839e-22
1.883671503128416911e-21,7.758155831242232897e-22
1.179370504944465807e-21,3.187547468429431492e-22
5.771668486023329498e-22,2.280885680622669721e-22
6.988548888706832268e-22,2.103251950574746328e-22
1.516154526099753110e-22,1.074159450630074102e-22
3.549106750723829757e-22,1.592570564753449114e-22
5.192929076767531924e-22,1.478384861856013652e-22
6.418952617366055929e-22,2.160029156647448453e-22
7.446417443443224917e-23,2.487121255743135077e-22
-1.550120512810096297e-22,-1.251847568399145737e-22
-1.599593371791456681e-23,-8.785845119698280502e-23
2.196707945077208380e-22,2.172587507686601071e-22
2.168324628688782680e-23,-1.012688072048480241e-22
-7.362559661289941126e-22,-6.498279575136323088e-23
-1.094918890651350059e-23,-1.599772981629352396e-22
-8.865749265587268703e-22,-1.401427162989301132e-22
-1.373537302173712132e-22,-2.117410939949451105e-22
1.370226435350631869e-22,1.508828395396210146e-22
-1.395953352723230049e-22,-1.739049794796688566e-22
-8.817756101574772184e-22,-1.200006040838728742e-22
-1.782675761506703181e-22,-2.165941321761891967e-22
1.016762522925257797e-22,1.428801751920622975e-22
-1.856629370807391765e-22,-1.875358728035836258e-22
8.344072256731951008e-23,1.519457679322049910e-22
-1.875513416352719365e-22,-1.817467870648073758e-22
-9.894299403259929345e-22,-1.553533868372096209e-22
-4.778141405219549802e-22,-3.226419326950805387e-22
-4.463356674337407782e-22,6.056927172299368568e-24
-8.596647179935547983e-22,-4.005332556108456793e-22
-6.954965500863585621e-22,-1.049359544369327071e-22
-4.782768204319016633e-23,-1.953455686368583442e-22
2.094025049648631009e-22,1.703176668316934813e-22
-7.115713208026286063e-23,-1.518447456139794834e-22
2.067642506858094688e-22,1.941894318954462276e-22
-7.365402944641513188e-23,-1.420570996311702174e-22
-8.388581997117937122e-22,-1.023852538377534663e-22
-4.839574427396688793e-22,-2.691516675853341540e-22
-3.058597368783157100e-22,2.075678092217737216e-23
-6.669867089641968608e-22,-3.508564759395928032e-22
-5.633611346664109367e-22,-6.797685828212223193e-23
1.214916525843723096e-22,-1.400288307250998713e-22
3.754967749695484868e-22,2.262773212398790934e-22
1.588053757379696287e-22,-7.206558960582116865e-23
-6.004626213054124003e-22,-2.273678773390520225e-23
1.143657832996124614e-22,-1.147536824000796799e-22
3.739457383967443387e-22,2.372837677046254803e-22
8.019325285537949074e-23,-9.649509108293288135e-23
3.453829378972083433e-22,2.418427865881728462e-22
1.351862633378895995e-22,-7.061521595487595593e-23
-6.201248326353227880e-22,-2.790837114731098219e-23
9.732292708787173846e-23,-1.226085597585091593e-22
3.588375158561251379e-22,2.287398082149300457e-22
6.667982201475358018e-23,-1.047726349585267035e-22
-6.848751615763065461e-22,-5.586296121965875343e-23
-3.587789345318040939e-23,-1.152931476112667025e-22
-1.507487084286602735e-22,-9.568080644498161603e-23
-2.924253619780830502e-22,-1.162951068334490040e-22
-2.750446604489772973e-22,-9.560649686730459514e-23
-4.226405872719820779e-22,-1.409981821535381906e-22
-6.114325504567496233e-22,-1.977387267669958801e-22
4.220009131158756064e-22,9.286820681968264058e-23
3.857013385338773445e-22,1.153948364370977503e-22
-6.436342761486194400e-22,-1.617606072424017967e-22
3.915319228280294037e-22,1.021920017396982803e-22
3.669715201073809042e-22,1.143552078887146875e-22
3.807644722604618776e-22,1.290590050411033941e-22
-5.552179678007165198e-22,-1.280720028905715039e-22
3.981285862115027364e-22,1.004293860323949538e-22
4.415002588374745402e-22,1.348419795004702494e-22
-5.612429832687126589e-22,-1.405504967930398175e-22
4.599042050208129565e-22,1.161963870079812184e-22
-5.470327478591256936e-22,-1.487839606372681913e-22
4.020835172651328263e-22,8.895640010731343501e-23
4.849386962869862441e-22,1.437067654310076363e-22
-4.303888230481519886e-22,-1.065622608773510738e-22
4.883704160343186148e-22,1.292993035673610488e-22
-4.294149796725404820e-22,-1.145020980956118241e-22
4.878484088454203000e-22,1.250515418473814456e-22
-4.308301066051395200e-22,-1.167748990116939293e-22
4.858912835060344325e-22,1.237771451016014688e-22
-4.331294021956674236e-22,-1.175824596950544720e-22
4.833633325663745127e-22,1.231585361325078566e-22
-4.358201061170711771e-22,-1.181503080132474125e-22
4.805502425884787635e-22,1.225778044773525322e-22
-4.387285577895900139e-22,-1.187691351514246118e-22
4.775666417064266409e-22,1.219146241866942624e-22
-4.417705274021677905e-22,-1.194741765321536393e-22
4.744813251974549907e-22,1.211737972961432780e-22
-4.448851520027964296e-22,-1.202436286809127728e-22
4.713507681259617545e-22,1.203828365550845132e-22
-3.303487888560507011e-22,-8.045022658376883375e-23
-5.567946847855100388e-22,-1.724973400384037200e-22
4.554860395763570851e-22,9.956219626688715321e-23
4.616997244995799669e-22,1.328309394545096313e-22
-3.369307807504344333e-22,-7.396468310066156762e-23
-4.286241183581826954e-22,-1.307734729013032865e-22
4.832403823150047359e-22,1.168677325155237988e-22
-4.382179169697993016e-22,-1.206105711002022067e-22
4.766158693460121105e-22,1.219289763614660533e-22
-4.437760302957860136e-22,-1.186900839026735358e-22
4.716525127470511229e-22,1.221663601651476115e-22
-4.484001010210553783e-22,-1.193190393974873773e-22
4.672377050778592794e-22,1.211136482206494324e-22
-4.526667802631558960e-22,-1.205607039631680548e-22
4.630945949374002628e-22,1.198051263023557414e-22
-4.566922254850122783e-22,-1.218739077988398336e-22
4.591898398656195967e-22,1.185182395495804992e-22
-4.604694928458977883e-22,-1.231193090084737354e-22
4.555479740831102036e-22,1.173216745177117445e-22
-3.462981993681890303e-22,-8.366418277234074501e-23
5.790419551291812270e-22,1.531944321051706191e-22
-3.151019209399215976e-22,-6.748814633466199131e-23
-3.423115599121455444e-22,-1.018233490037362836e-22
5.803649615984958093e-22,1.436768772730871320e-22
-3.151456753450537898e-22,-7.218940569481753175e-23
-3.429661734988827342e-22,-1.039509592102312094e-22
5.795130423658614070e-22,1.428816370105442747e-22
-3.159790046379530727e-22,-7.231611639663216307e-23
-3.436747820887371703e-22,-1.037527895689981461e-22
5.789761132841493522e-22,1.432333355914627207e-22
-3.163282627249202087e-22,-7.189226747708410390e-23
-3.438360288110966759e-22,-1.032928085140689531e-22
5.789956742592158578e-22,1.437152556895891727e-22
-3.161384689207126184e-22,-7.139281899400365335e-23
-3.434878709972668518e-22,-1.027763873709646057e-22
5.794900235426087173e-22,1.442491883998716938e-22
-3.155099604580617669e-22,-7.084091409163500828e-23
-3.427369147962154475e-22,-1.022065395744754358e-22
5.803520978882653434e-22,1.448363897878971423e-22
-3.145477039178798965e-22,-7.023744244099120223e-23
-3.416850230663777619e-22,-1.015882684566464080e-22
5.814834595097940875e-22,1.454677084913041661e-22
-3.133466607445290883e-22,-6.959501762379380954e-23
-3.404237109281229070e-22,-1.009367950595464328e-22
5.827960056003860455e-22,1.461261139656616151e-22
-3.119915342741883363e-22,-6.893181195685971871e-23
-3.390342712814460540e-22,-1.002709034237459730e-22
5.842118827679569336e-22,1.467926200225446595e-22
-3.105566988799905750e-22,-6.826670139160440925e-23
-3.375875565819377028e-22,-9.960912224207754573e-23
5.856638011433395490e-22,1.474492248517940111e-22
-3.091058475211074785e-22,-6.761702474821149305e-23
-3.361436377229850893e-22,-9.896802438336447823e-23
5.870953260861202443e-22,1.480801989696174179e-22
-3.076917763969427914e-22,-6.699761065591519775e-23
-3.347516827387917118e-22,-9.836149604538683315e-23
5.884608949316717506e-22,1.486726272996621960e-22
-3.063564778814471273e-22,-6.642038501718253799e-23
-3.334501606310179982e-22,-9.780046482733576090e-23
5.897255038821431393e-22,1.492165820868577074e-22
-3.051315592973141683e-22,-6.589428072718137371e-23
-3.322673607783817023e-22,-9.729287940590349937e-23
5.908640939699275548e-22,1.497050832997510268e-22
-3.040389449098205731e-22,-6.542532905730322207e-23
-3.312221757918416917e-22,-9.684384594899639706e-23
5.918606946880018850e-22,1.501339229254746621e-22
-3.030917983462004286e-22,-6.501686967401831203e-23
-3.303250825030826254e-22,-9.645586805233521000e-23
5.927073918493657743e-22,1.505013990577788119e-22
-3.022955985972842916e-22,-6.466983894654613365e-23
-3.295792547118566455e-22,-9.612915416059843804e-23
5.934031849941549501e-22,1.508079923942590643e-22
-3.016493058026101059e-22,-6.438310671575281285e-23
-3.289817457818774674e-22,-9.586196497880079177e-23
5.939527940727320629e-22,1.510560106322450270e-22
-3.011465595054812514e-22,-6.415383780210546435e-23
-3.285246863698325764e-22,-9.565097874572216477e-23
5.943654673800918257e-22,1.512492214250191220e-22
-3.007768602502107573e-22,-6.397785896174393260e-23
-3.281964510844659186e-22,-9.549165637710291665e-23
5.946538339686174506e-22,1.513924906482401979e-22
-3.005266942986515849e-22,-6.385001573890220516e-23
-3.279827568656111667e-22,-9.537859208690211692e-23
5.948328347458894862e-22,1.514914392410638250e-22
-3.003805702378763265e-22,-6.376450704670101200e-23
-3.278676647942698993e-22,-9.530583838674337781e-23
5.949187576587584954e-22,1.515521286823295201e-22
-3.003219449029132985e-22,-6.371518842658967603e-23
-3.278344655106950063e-22,-9.526719739431099881e-23
5.949283941144205364e-22,1.515807822214215688e-22
-3.003340240476924783e-22,-6.369583778473259182e-23
-3.278664361625619708e-22,-9.525647313415013106e-23
5.948783263279151063e-22,1.515835463293691621e-22
-3.004004303584280393e-22,-6.370037995503404359e-23
-3.279474636524664306e-22,-9.526768195899690952e-23
5.947843487635399589e-22,1.515662945010538032e-22
-3.005057375910585615e-22,-6.372306866102998432e-23
-3.280625347996806666e-22,-9.529522032864228473e-23
5.946610213385455558e-22,1.515344735458888950e-22
-3.006358747640265656e-22,-6.375862632572288109e-23
-3.281980988303664115e-22,-9.533399094225639910e-23
5.945213476082197678e-22,1.514929908631593968e-22
-3.007784084391994227e-22,-6.380234370180263654e-23
-3.283423113676313167e-22,-9.537948962680936390e-23
5.943765677335268939e-22,1.514461399074465370e-22
-3.009227142082872962e-22,-6.385014247164336426e-23
-3.284851718511838329e-22,-9.542785644933778470e-23
5.942360535922229537e-22,1.513975600936202367e-22
-3.010600506333915745e-22,-6.389860481575675027e-23
-3.286185681486936199e-22,-9.547589526605125261e-23
5.941072918503326485e-22,1.513502267464168118e-22
-3.011835501573781937e-22,-6.394497449531921217e-23
-3.287362431225482821e-22,-9.552106637495804853e-23
5.939959400625591385e-22,1.513064663354442275e-22
-3.012881420072122616e-22,-6.398713427335796437e-23
-3.288336981952431800e-22,-9.556145713624914227e-23
5.939059408055373150e-22,1.512679921159638339e-22
-3.013704219762734889e-22,-6.402356454701920358e-23
-3.289080486309760967e-22,-9.559573540416337155e-23
5.938396793488983504e-22,1.512359553802184143e-22
-3.014284833085467959e-22,-6.405328791909932660e-23
-3.289578444387081645e-22,-9.562309041476378486e-23
5.937981713176266574e-22,1.512110077741521958e-22
-3.014617218353911207e-22,-6.407580414074226635e-23
-3.289828696186997053e-22,-9.564316543545679409e-23
5.937812680814642959e-22,1.511933705110276143e-22
-3.014706271462709409e-22,-6.409101944635354695e-23
-3.289839310294412025e-22,-9.565598604140657466e-23
5.937878691167518454e-22,1.511829067802745386e-22
-3.014565700109994698e-22,-6.409917381306692031e-23
-3.289626465444488115e-22,-9.566188737616903847e-23
5.938161322276031301e-22,1.511791941729754201e-22
-3.014215946054392128e-22,-6.410076914085721433e-23
-3.289212404869586048e-22,-9.566144320904897399e-23
5.938636742018926375e-22,1.511815944965092862e-22
-3.013682224038921733e-22,-6.409650079662853597e-23
-3.288623526498533229e-22,-9.565539904801368337e-23
5.939277561436233720e-22,1.511893189022181330e-22
-3.012992729571888968e-22,-6.408719441695394126e-23
-3.287888655908902412e-22,-9.564461102526872310e-23
5.940054493079950850e-22,1.512014867832647405e-22
-3.012177052275367492e-22,-6.407374934264959158e-23
-3.287037533873950507e-22,-9.562999176255965707e-23
5.940937787253300462e-22,1.512171773967947460e-22
-3.011264817412864486e-22,-6.405708957504294052e-23
-3.286099536769925662e-22,-9.561246395661365642e-23
5.941898432027740362e-22,1.512354736132417138e-22
-3.010284565750423510e-22,-6.403812271406526445e-23
-3.285102636247406561e-22,-9.559292201366237498e-23
5.942909114176690813e-22,1.512554975885667448e-22
-3.009262871278978221e-22,-6.401770696457769226e-23
-3.284072594570180316e-22,-9.557220170906180724e-23
5.943944947535709074e-22,1.512764384867210109e-22
-3.008223687585132811e-22,-6.399662598745581073e-23
-3.283032383917812305e-22,-9.555105755878195542e-23
-4.236765085605606234e-22,-1.388135166386269610e-22
4.878589280451111840e-22,1.165794600836337995e-22
-4.342584760483622896e-22,-1.172207121341352889e-22
4.808564340096793570e-22,1.271860599838814608e-22
-3.216632290136921174e-22,-7.205592475889212363e-23
6.034468603149490023e-22,1.654683215129411738e-22
-2.908589884905390427e-22,-5.510424579591734867e-23
-3.182500965177845658e-22,-8.959635222599991282e-23
6.041879547050109595e-22,1.556201579070310417e-22
-2.916322467034327098e-22,-6.058672901627827189e-23
-3.198355355383192832e-22,-9.271243488316550813e-23
6.021913525690376946e-22,1.537472709964666006e-22
-2.938163107946104565e-22,-6.182619314706039361e-23
-3.220838465700506303e-22,-9.363942742019159933e-23
-4.182285151014689075e-22,-1.371413605978051008e-22
4.925571609245783987e-22,1.180218048815654595e-22
-4.301201840386740540e-22,-1.159468266594950959e-22
4.841108854158668482e-22,1.281998626449822424e-22
-3.189005597801727301e-22,-7.121342417940409689e-23
6.055579179648962165e-22,1.661112649825331321e-22
-2.893609127225894205e-22,-5.465868226398638929e-23
-3.173265664974272556e-22,-8.934506943245032286e-23
6.045729906854915159e-22,1.556872925669863951e-22
-2.917504966972555782e-22,-6.069153550779218029e-23
-3.204221816832015572e-22,-9.297681276150854352e-23
6.011709377685615842e-22,1.533353560569435702e-22
-2.952362167223043119e-22,-6.237400431646944733e-23
-3.238694345114313347e-22,-9.431184135056581140e-23
-4.203465594816353822e-22,-1.379273816042711573e-22
4.899748573845818731e-22,1.170777297295536010e-22
-4.329474661658403355e-22,-1.169964943829206014e-22
4.810590184456343139e-22,1.270692868109944147e-22
-3.221542776488439208e-22,-7.240721614971105971e-23
6.021278931696388618e-22,1.648629708840407114e-22
-2.929412957755986603e-22,-5.595513896337704523e-23
-3.210318970880796155e-22,-9.068342708045634079e-23
6.007672745307038017e-22,1.543136900800773537e-22
-2.956329927518715263e-22,-6.209340639252588753e-23
-3.243588587333104268e-22,-9.439984229128884771e-23
-4.209732723144360453e-22,-1.382128503187256374e-22
4.891957072052398539e-22,1.166815506681877251e-22
-3.162087491235647528e-22,-7.686118047040895019e-23
6.068262555397781401e-22,1.635211331994159546e-22
-2.889730248158870112e-22,-5.574385461823891333e-23
-3.175203320287598133e-22,-8.975428797410557544e-23
6.039614015288959020e-22,1.555268597752745751e-22
-2.926884470314832574e-22,-6.081325301415222971e-23
-3.216326376945608661e-22,-9.315577402233788573e-23
-4.184519168660575219e-22,-1.370497809566322144e-22
4.915177214579118826e-22,1.177472886985026102e-22
-3.140834963476922206e-22,-7.589576877732492115e-23
6.087567806926212385e-22,1.643889607576886399e-22
-2.872346803758955138e-22,-5.496875627261171112e-23
-3.159707182579062596e-22,-8.906656890946211089e-23
6.053267102136003063e-22,1.561324010784760397e-22
-2.915021090509753879e-22,-6.028503244208693098e-23
-3.206191457196262018e-22,-9.270037030166503371e-23
-4.176044855748101820e-22,-1.366629869551738299e-22
4.922064142817400921e-22,1.180694512544202216e-22
-3.135457946146775813e-22,-7.563442942333379915e-23
6.091515651813641778e-22,1.645931593082656442e-22
-2.869744993945577112e-22,-5.481811186872992498e-23
-3.158366631543225038e-22,-8.896596910860801147e-23
6.053432140106353634e-22,1.561863987475309900e-22
-2.915945442848433716e-22,-6.027425754447041158e-23
-2.702989772268029758e-22,-7.459871227492190571e-23
-3.030726020202331836e-22,-9.764612227286872159e-23
6.158467191360784083e-22,1.535977866033045345e-22
-2.824022905955633928e-22,-5.969469019329945454e-23
-3.124175448554456398e-22,-9.060577821435605579e-23
6.081453959479372654e-22,1.561780664901941919e-22
-2.891246433100379090e-22,-5.951480790990681031e-23
-2.680167371341073311e-22,-7.352074687886029433e-23
-3.009088472757441111e-22,-9.647405290095337458e-23
6.179219245802991632e-22,1.547580667055489553e-22
-2.804052005556485682e-22,-5.859165046623066988e-23
-3.104971762530796779e-22,-8.957589036549378278e-23
6.099867649625203733e-22,1.571324558680310267e-22
-2.873655865044832394e-22,-5.863266704731178959e-23
-2.663431262166110206e-22,-7.270579213126349165e-23
-2.993231426210723272e-22,-9.572107310012929091e-23
6.194180829346634508e-22,1.554537998953611613e-22
-2.789994179542827815e-22,-5.794907641507200114e-23
-3.091818605430393546e-22,-8.898299028156562675e-23
6.112121705406656859e-22,1.576786689800725815e-22
-2.862289756746190925e-22,-5.813054000001428758e-23
-2.652937170765063619e-22,-7.224543835678304002e-23
-2.983589353857147816e-22,-9.530038991633641498e-23
6.202994332477417683e-22,1.558367639772094274e-22
-2.781982878113785311e-22,-5.760198815951364794e-23
-3.084580687693455973e-22,-8.867001226275459467e-23
6.118617095593708001e-22,1.579592458115023888e-22
-2.856504367207875524e-22,-5.788069761719547722e-23
-2.647827914264517572e-22,-7.202469679739740143e-23
-2.979121320622667907e-22,-9.510714310254513091e-23
6.206856822926619755e-22,1.560040975409047735e-22
-2.778689726948433386e-22,-5.745900981728280268e-23
-3.081820375763270785e-22,-8.854985476533102750e-23
6.120881157650946836e-22,1.580580921052863713e-22
-2.854700065902459687e-22,-5.780167930688492472e-23
-2.646447157964400602e-22,-7.196405173956824071e-23
-2.978128324710306606e-22,-9.506344734229287354e-23
6.207497268683155340e-22,1.560322347990431259e-22
-2.778367325027914331e-22,-5.744507581302171899e-23
-3.081782331751920035e-22,-8.854880663708295150e-23
-4.061081463153197299e-22,-1.320635576290842358e-22
5.029000304541801225e-22,1.226772434255593249e-22
-3.035849971767318532e-22,-7.122945623960916628e-23
6.184140841859728092e-22,1.687033117199801042e-22
-2.783914946056291284e-22,-5.103475712346488502e-23
-2.574071431567738573e-22,-6.738176544036796920e-23
-2.907527419127146677e-22,-9.170881350681617808e-23
6.274492948291465521e-22,1.586810497185316206e-22
-2.715924504247598244e-22,-5.522590274059666667e-23
-2.519212957245865306e-22,-6.848664858362590286e-23
-2.860652244731721999e-22,-9.126677696578910779e-23
6.316154359179201750e-22,1.598357727394916757e-22
-2.678036692539430748e-22,-5.379617886869160212e-23
-2.484376305609381070e-22,-6.700295050712861716e-23
-2.828517673719857466e-22,-8.983493977781018660e-23
6.345751021335678984e-22,1.611693607320253103e-22
-2.650898462327072580e-22,-5.257764954678763522e-23
-2.459650206643739388e-22,-6.590228922123283646e-23
-2.806165287978530781e-22,-8.884882604832695520e-23
6.365771766643812070e-22,1.620465641466528366e-22
-2.633159081977205604e-22,-5.180314015509919107e-23
-2.444132567420864321e-22,-6.522439227805766578e-23
-2.792800822406029885e-22,-8.826182819808747761e-23
6.377059539446562172e-22,1.625479823728776791e-22
-2.623864822036055675e-22,-5.138232470391602026e-23
-2.436743143546766316e-22,-6.487947624837159747e-23
-2.787223174103654177e-22,-8.798831866051806226e-23
6.380921853465737195e-22,1.627544174020341592e-22
-2.621618915028972100e-22,-5.123875776704717385e-23
-2.436013027544681365e-22,-6.479467320197375500e-23
-2.787907256195653040e-22,-8.795826351930313058e-23
6.378925505572054904e-22,1.627336595146251500e-22
-2.624825829539850718e-22,-5.130647268304031917e-23
-2.440329557502478888e-22,-6.490556911894199332e-23
-2.793233661669769874e-22,-8.810864765770259576e-23
6.372687337036667706e-22,1.625473920666766685e-22
-2.631879649181749018e-22,-5.152511175901690641e-23
-2.448105249719511216e-22,-6.515316704850293197e-23
-2.801640076799255276e-22,-8.838189625945082403e-23
6.363738459546310317e-22,1.622516909011925969e-22
-2.641285844655711465e-22,-5.184018257588804326e-23
-2.457886930700366256e-22,-6.548464446327010712e-23
-2.811718888812892546e-22,-8.872694121022496680e-23
6.353437254878369268e-22,1.618957899257802739e-22
-2.651738431324633976e-22,-5.220435857510253184e-23
-2.468423703099279578e-22,-6.585464734645597903e-23
-2.822276528186391271e-22,-8.910045743993724797e-23
6.342918148745644922e-22,1.615209381436840821e-22
-2.662163542841579506e-22,-5.257850441454850156e-23
-2.478703298400191543e-22,-6.622618203832784468e-23
-2.832363008347773752e-22,-8.946761151968315431e-23
6.333068493793279997e-22,1.611597994635089786e-22
-2.671736502104407876e-22,-5.293212603733792417e-23
-2.487963467631014259e-22,-6.657091607468840404e-23
-2.841277992932531717e-22,-8.980221614731516545e-23
6.324527476910041302e-22,1.608364401706977667e-22
-2.679878281026153831e-22,-5.324324679948916925e-23
-2.495684142903193050e-22,-6.686892435251882419e-23
-2.848558986853978979e-22,-9.008635345197096717e-23
6.317701577938675600e-22,1.605668208972641464e-22
-2.686236705387834103e-22,-5.349780815582819463e-23
-2.501565611480442126e-22,-6.710799062591475641e-23
-2.853956777150720031e-22,-9.030958558145934902e-23
6.312791572996523213e-22,1.603596686166750738e-22
-2.690657287472895413e-22,-5.368872338414166775e-23
-2.505497455146372126e-22,-6.728259516748678710e-23
-2.857402740132946857e-22,-9.046788438549103529e-23
6.309826608596459736e-22,1.602175970304816218e-22
-2.693148011217431610e-22,-5.381471482483539337e-23
-2.507522424470400183e-22,-6.739271708689008786e-23
-2.858972023675700837e-22,-9.056240599662446503e-23
6.308701503538535203e-22,1.601383528321624501e-22
-2.693841742654261211e-22,-5.387905335628363237e-23
-2.507798746741069960e-22,-6.744256580665213511e-23
-2.858845926378150860e-22,-9.059822023349209423e-23
6.309214136211476406e-22,1.601160827922648355e-22
-2.692959227077368174e-22,-5.388830005711611793e-23
-2.506563647217513958e-22,-6.743933635540719498e-23
-2.857276071335668817e-22,-9.058308405512554169e-23
6.311100500896257674e-22,1.601425379658001354e-22
-2.690774909229008386e-22,-5.385112816363937229e-23
-2.504100141760741675e-22,-6.739206097006902474e-23
-2.854552256812282511e-22,-9.052632594637256190e-23
6.314065723529711012e-22,1.602081537197218532e-22
-2.687587116856724013e-22,-5.377728110651815959e-23
-2.500708476032334448e-22,-6.731060735571892869e-23
-2.850975198315129387e-22,-9.043788625214961623e-23
6.317809978239698575e-22,1.603029657705663920e-22
-2.683693515744675812e-22,-5.367670136897166490e-23
-2.496682974322871077e-22,-6.720485343347974000e-23
-2.846834785909152244e-22,-9.032753854709043442e-23
