0.000000000000000000e+00,2.000000000000000000e+00,0.000000000000000000e+00,-2.000000000000000000e+00
3.224713206458353770e-02,1.223152105554232483e+00,-1.889675579623015939e-02,1.131845049037055739e-01
5.482535809006476579e-02,1.034035603661340730e+00,-1.355412449978665376e-02,4.213564162965072191e-01
7.455289202003077820e-02,9.382687021588725917e-01,-4.987896897350804250e-03,4.351520128695549605e-01
9.248273808709177313e-02,8.543107682644468515e-01,3.408517758582382037e-03,4.043662117348767460e-01
1.087290784438764285e-01,7.699457208748780035e-01,1.112332883238626412e-02,3.670304141953166233e-01
1.232675230201183414e-01,6.835510019284699590e-01,1.808258470309040064e-02,3.288464165448717891e-01
1.360573003932872282e-01,5.951133386281056703e-01,2.427754693662373398e-02,2.906268040648872231e-01
1.470598184614329840e-01,5.048639065591268293e-01,2.970848668205909246e-02,2.524595351147401745e-01
1.562414683442185093e-01,4.130694413056976710e-01,3.437652542349280832e-02,2.143423814333318966e-01
1.635739305207538907e-01,3.199916383302975897e-01,3.828303634207471523e-02,1.763037575907692722e-01
1.690334529020934562e-01,2.258250945849070990e-01,4.143212358853800431e-02,1.385893485739428110e-01
1.725957475432800259e-01,1.303216062997714919e-01,4.384642784176830815e-02,1.028068354952138275e-01
1.742025289887543515e-01,3.033277714352767759e-02,4.566947994928435145e-02,7.942801990892195407e-02
1.739536643199921795e-01,-5.518625330323841810e-02,4.695555014877732941e-02,4.907130952752967318e-02
1.721305905416651016e-01,-1.270431186078131436e-01,4.763477519955673645e-02,1.872444852389164999e-02
1.689829156716398662e-01,-1.876103287511458606e-01,4.774392824756803350e-02,-7.945348975627960011e-03
1.647247465850056602e-01,-2.380634465023062640e-01,4.735867016534013596e-02,-3.072110337645377401e-02
1.595488309570491925e-01,-2.793618459963603251e-01,4.655407231315216582e-02,-4.988013689808128842e-02
1.536294093147143880e-01,-3.123960813886149102e-01,4.539913643987720376e-02,-6.575299471492365710e-02
1.471234053071849013e-01,-3.380066140092443661e-01,4.395634509895818970e-02,-7.866184881222364200e-02
1.401714129447969026e-01,-3.569852840151414575e-01,4.228191449350358899e-02,-8.891184478503347255e-02
1.328986730654531101e-01,-3.700750146184866862e-01,4.042614641512129459e-02,-9.678980498036529601e-02
1.254160528928224272e-01,-3.779697860370996310e-01,3.843379528121800004e-02,-1.025640282346969578e-01
1.178210208355469774e-01,-3.813150668238906027e-01,3.634443702132695436e-02,-1.064843505296005216e-01
1.101986094160066626e-01,-3.807086481284132629e-01,3.419283492633541643e-02,-1.087823608067194359e-01
1.026223570261872858e-01,-3.767018091036120619e-01,3.200930056862633100e-02,-1.096717563182014327e-01
9.515522477270443868e-02,-3.698007471346971831e-01,2.982004604548290846e-02,-1.093488241636316610e-01
8.785048190152004721e-02,-3.604682166473753835e-01,2.764752593386925195e-02,-1.079930349596096850e-01
8.075255699990972758e-02,-3.491253295892449149e-01,2.551076650132927046e-02,-1.057677274503096426e-01
7.389785162735570956e-02,-3.361534805376010238e-01,2.342568084859993766e-02,-1.028208590204443829e-01
6.731551488783749093e-02,-3.218963536807050718e-01,2.140536827758422744e-02,-9.928581753723345060e-02
6.102817714060441989e-02,-3.066619958906429688e-01,1.946039740529234910e-02,-9.528225164256796942e-02
5.505264182183688265e-02,-2.907249184776446449e-01,1.759907245141004162e-02,-9.091692710811115352e-02
4.940053514381149979e-02,-2.743282113092047059e-01,1.582768239247408365e-02,-8.628458384177371820e-02
4.407891357995392251e-02,-2.576856488210353957e-01,1.415073305387792336e-02,-8.146878548879896154e-02
3.909082943305980384e-02,-2.409837714301263367e-01,1.257116238406747605e-02,-7.654275250732318903e-02
3.443585533420383954e-02,-2.243839270227133975e-01,1.109053920696296928e-02,-7.157017343280090704e-02
3.011056815488911270e-02,-2.080242625993210248e-01,9.709246155748542037e-03,-6.660598470120281112e-02
2.610899398606840449e-02,-1.920216520487632028e-01,8.426647171566745836e-03,-6.169712228855406960e-02
2.242301458363487460e-02,-1.764735566571877523e-01,7.241240612599497521e-03,-5.688323269471143306e-02
1.904273886320373421e-02,-1.614598022059818561e-01,6.150797834391186734e-03,-5.219735933350448664e-02
1.595683796372623225e-02,-1.470442803330477000e-01,5.152489198040791779e-03,-4.766657488219890049e-02
1.315284813589462191e-02,-1.332765577127899004e-01,4.242997315769206877e-03,-4.331258904700873574e-02
1.061744206928041077e-02,-1.201933973755704294e-01,3.418618662614329728e-03,-3.915231325106338645e-02
8.336670754099726258e-03,-1.078201880678853058e-01,2.675354234531232556e-03,-3.519838916507141147e-02
6.296177653447872224e-03,-9.617228162158672489e-02,2.008990009090427624e-03,-3.145968039884906170e-02
4.481387039688471997e-03,-8.525623846573061881e-02,1.415167927631159547e-03,-2.794172866239580041e-02
2.877668321656768821e-03,-7.507098239993864608e-02,8.894481002224371600e-04,-2.464717540896001896e-02
1.470477939409186923e-03,-6.560886558209294561e-02,4.273629968344522007e-04,-2.157615030367105585e-02
2.454816758296495438e-04,-5.685665016879815070e-02,2.446385887405049946e-05,-1.872662730201167525e-02
-8.113430659934347438e-04,-4.879640169845035624e-02,-3.236392176219685373e-04,-1.609474999226332900e-02
-1.713621263587473270e-03,-4.140630472621920771e-02,-6.212437287187991177e-04,-1.367512847964341867e-02
-2.474510037152481256e-03,-3.466140095637729179e-02,-8.725267783069995658e-04,-1.146110788942692957e-02
-3.106642408637239668e-03,-2.853425427651807428e-02,-1.081522215583638090e-03,-9.445010773591711734e-03
-3.622083700632107786e-03,-2.299554656469609062e-02,-1.252102360493019062e-03,-7.618354686022343024e-03
-4.032299076727016707e-03,-1.801460889866986909e-02,-1.387963894626302597e-03,-5.972046443934245219e-03
-4.348131630402820094e-03,-1.355988943654946009e-02,-1.492617217494354026e-03,-4.496554999719660183e-03
-4.579788410942716055e-03,-9.599367260265547971e-03,-1.569379385312873057e-03,-3.182064077682166328e-03
-4.736834680300384265e-03,-6.100914113127495902e-03,-1.621369708843940901e-03,-2.018604071411233495e-03
-4.828195045007821658e-03,-3.032602733663879342e-03,-1.651507801232221604e-03,-9.961699172769853620e-04
-4.862160142535936098e-03,-3.629734212831812416e-04,-1.662513859160017014e-03,-1.048204010304749575e-04
-4.846398029108084024e-03,1.938739758105546091e-03,-1.656910869569401014e-03,6.652369490017801933e-04
-4.787970102368219703e-03,3.902422817040532461e-03,-1.637028240271245398e-03,1.323573611008167436e-03
-4.693350232015471718e-03,5.556928368080817603e-03,-1.605006814515060184e-03,1.879480553465626841e-03
-4.568446701202336958e-03,6.929953925512705518e-03,-1.562804947372822871e-03,2.341919153463771670e-03
-4.418626119116159795e-03,8.047944798350184156e-03,-1.512205527200493954e-03,2.719484047672456137e-03
-4.248739304049808409e-03,8.936027198865017368e-03,-1.454823562851927880e-03,3.020370952643357081e-03
-4.063148065995007135e-03,9.617957374650440774e-03,-1.392114397819333967e-03,3.252357403269801224e-03
-3.865752943359573261e-03,1.011609352169008137e-02,-1.325382212602338244e-03,3.422786818112539230e-03
-3.660021334942014076e-03,1.045138376302035335e-02,-1.255788776639738284e-03,3.538559929449451580e-03
-3.449015537465607763e-03,1.064336894907013872e-02,-1.184362381018255576e-03,3.606131593984343749e-03
-3.235420910782328598e-03,1.071019733846140243e-02,-1.112006676728197587e-03,3.631512838925507122e-03
-3.021573418964825560e-03,1.066865098749495734e-02,-1.039509520080949970e-03,3.620275597756346646e-03
-2.809486896030915191e-03,1.053418079420117594e-02,-9.675515620212967773e-04,3.577561679638507301e-03
-2.600878364362509826e-03,1.032094870304350182e-02,-8.967150479959052874e-04,3.508093983691967181e-03
-2.397194263561678619e-03,1.004187544246892480e-02,-8.274917106171103716e-04,3.416192442338662847e-03
-2.199634415201033501e-03,9.708694459488468459e-03,-7.602908053147791091e-04,3.305787618386484081e-03
-2.009175215078780503e-03,9.332008345434721769e-03,-6.954467143503451076e-04,3.180438635087372290e-03
-1.826591665646015760e-03,8.921348042248663721e-03,-6.332261889276012906e-04,3.043351570839593172e-03
-1.652478207769646733e-03,8.485233737429613912e-03,-5.738352163459475288e-04,2.897398540873055359e-03
-1.487268325161834664e-03,8.031236631805620599e-03,-5.174255012602325000e-04,2.745137242412229103e-03
-1.331252910278396930e-03,7.566040884507697559e-03,-4.641005542991350798e-04,2.588830722273574581e-03
-1.184597394329998899e-03,7.095505137378387527e-03,-4.139213856804750073e-04,2.430467152240785040e-03
-1.047357655490618444e-03,6.624723110728183463e-03,-3.669118053410905115e-04,2.271779424217284377e-03
-9.194947285318915819e-04,6.158082841852896908e-03,-3.230633346613728937e-04,2.114264404947318980e-03
-8.008883466960765038e-04,5.699324209089169126e-03,-2.823397378976274358e-04,1.959201716603925329e-03
-6.913491315923989350e-04,5.251593633406705271e-03,-2.446812578479399506e-04,1.807672183322980896e-03
-5.906306108340016268e-04,4.817499750470881879e-03,-2.100081870633846383e-04,1.660574786439744871e-03
-4.984387729737432002e-04,4.399162016780144846e-03,-1.782245741045753687e-04,1.518643585783599221e-03
-4.144416098991672874e-04,3.998259600477406181e-03,-1.492212749999997142e-04,1.382464111813745027e-03
-3.382774677202828604e-04,3.616077105302467360e-03,-1.228787735361464440e-04,1.252488320814114592e-03
-2.695625105053866535e-04,3.253547538546261268e-03,-9.906970938064322586e-05,1.129048856087289067e-03
-2.078973519727289761e-04,2.911292548338312910e-03,-7.766112944105734708e-05,1.012372462958881832e-03
-1.528729170590840221e-04,2.589659954513179665e-03,-5.851647712953640131e-05,9.025925368080599384e-04
-1.040755528579849059e-04,2.288758584763961323e-03,-4.149734886514915027e-05,7.997607413356696638e-04
-6.109149757790672197e-05,2.008490460438450750e-03,-2.646501619255735378e-05,7.038578981533878242e-04
-2.351072196433071269e-05,1.748580449221264366e-03,-1.328174252800049841e-05,6.148039261993198511e-04
9.069798177296481461e-06,1.508603426725051632e-03,-1.811909474263602186e-06,5.324669889642039263e-04
3.704332911714195716e-05,1.288009049886025114e-03,8.077031976176103945e-06,4.566718565659809784e-04
6.079109907985290491e-05,1.086144244072047987e-03,1.651376984305657434e-05,3.872075144872936777e-04
8.068044362890512960e-05,9.022735213211961584e-04,2.362248533551358768e-05,3.238340502584384733e-04
9.706334596622142588e-05,7.355972192639423412e-04,2.952233484061373507e-05,2.662888472321933058e-04
1.102753127973986840e-04,5.852678111070856769e-04,3.432705272823779010e-05,2.142921521238790191e-04
1.206346033801264589e-04,4.504039844126003084e-04,3.814465080489342144e-05,1.675521427947611612e-04
1.284415500168140751e-04,3.301047244861259403e-04,4.107724335720991930e-05,1.257687752044198950e-04
1.339784148407471322e-04,2.234591013704678903e-04,4.322089904940406614e-05,8.863835770653926229e-05
1.375092359522455765e-04,1.295565347425185125e-04,4.466560965978564777e-05,5.585647745719456462e-05
1.392799319729400302e-04,4.749514425645224100e-05,4.549529978540052798e-05,2.712093018543490773e-05
1.395185309399586259e-04,-2.361112918480628300e-05,4.578790096072085137e-05,2.134238024483018113e-06
1.384356266772929700e-04,-8.462655654647324006e-05,4.561548876231044631e-05,-1.939428652697537835e-05
1.362245874947464570e-04,-1.363886081635667707e-04,4.504434038143349946e-05,-3.774687176074893665e-05
1.330625412245800261e-04,-1.797039746498975974e-04,4.413526287924577301e-05,-5.319571144512739411e-05
1.291107464017278211e-04,-2.153453797614162486e-04,4.294370663706454180e-05,-6.600201127515396989e-05
1.245153617656923094e-04,-2.440491564611726115e-04,4.152001804843624905e-05,-7.641504329047638013e-05
1.194081951718120539e-04,-2.665134866996263078e-04,3.990968504447015204e-05,-8.467151505302012056e-05
1.139074767603615149e-04,-2.833972395972409841e-04,3.815359124187030091e-05,-9.099513481661932661e-05
1.081186524449790493e-04,-2.953193410502420800e-04,3.628827838104423857e-05,-9.559634899588392019e-05
1.021352875427612592e-04,-3.028584952956429660e-04,3.434617480254446154e-05,-9.867224403064838356e-05
9.603956581021938976e-05,-3.065539752587632776e-04,3.235598481988634373e-05,-1.004062416744255082e-04
8.990338388775346396e-05,-3.069052386613081674e-04,3.034282885100738527e-05,-1.009692899867220149e-04
8.378903198058156076e-05,-3.043733788797724259e-04,2.832854133391928721e-05,-1.005191127992534220e-04
7.774995070949641547e-05,-2.993821177526011820e-04,2.633192927727455519e-05,-9.920081627359683706e-05
7.183148178324484721e-05,-2.923190841456283764e-04,2.436901409210363685e-05,-9.714733705966670024e-05
6.607151829842467113e-05,-2.835371905585805179e-04,2.245329163854398592e-05,-9.447991393876395785e-05
6.050124667373313878e-05,-2.733562092586670788e-04,2.059593680211806529e-05,-9.130866193166875251e-05
5.514576875051395178e-05,-2.620644387299264156e-04,1.880603050094017536e-05,-8.773301078369680650e-05
5.002471635761123142e-05,-2.499204021560567121e-04,1.709076666185974013e-05,-8.384230050483094054e-05
4.515283099425277020e-05,-2.371545968995088509e-04,1.545564763698782792e-05,-7.971635878764108383e-05
4.054050706895964413e-05,-2.239712597366995699e-04,1.390466848921463262e-05,-7.542608377252395789e-05
3.619429920751885451e-05,-2.105501271422039052e-04,1.244048981804870001e-05,-7.103403080211674158e-05
3.211739452959434197e-05,-1.970481764044891484e-04,1.106459888636751605e-05,-6.659499572992033038e-05
2.831005058797442397e-05,-1.836013352293543188e-04,9.777459117183559469e-06,-6.215658852514771603e-05
2.476997063222043799e-05,-1.703260445755405738e-04,8.578657210957979143e-06,-5.775983450706199138e-05
2.149276379194497104e-05,-1.573211717072712655e-04,7.467002546684335241e-06,-5.343960919184496695e-05
1.847219566495681380e-05,-1.446692958993691009e-04,6.440671199024157634e-06,-4.922522872252136814e-05
1.570052655236089917e-05,-1.324382647237719508e-04,5.497303549573108350e-06,-4.514096980929294248e-05
1.316879322918484453e-05,-1.206826137041987278e-04,4.634100559550115117e-06,-4.120653628290722671e-05
1.086706076310574674e-05,-1.094449157182610430e-04,3.847910610223245896e-06,-3.743750532093973572e-05
8.784649239102204824e-06,-9.875704698826273068e-05,3.135307658513135004e-06,-3.384576016845265858e-05
6.910335739952644277e-06,-8.864137758113818373e-05,2.492661098870797297e-06,-3.043989313804948792e-05
5.232527725819998167e-06,-7.911185107551050363e-05,1.916199650056185145e-06,-2.722559600697299010e-05
3.739434399999401142e-06,-7.017509727803798573e-05,1.402061476538476953e-06,-2.420598163414296568e-05
2.419196074251987229e-06,-6.183135221413016045e-05,9.463449240188357466e-07,-2.138192855155533525e-05
1.260002913053647558e-06,-5.407533878991392190e-05,5.451502448124569759e-07,-1.875238722532865805e-05
2.501961930353916946e-07,-4.689703957078371750e-05,1.946183235560733809e-07,-1.631467109243798507e-05
-6.216822705465793176e-07,-4.028260918368258860e-05,-1.090610823815381223e-07,-1.406464525077427241e-05
-1.366704341783983573e-06,-3.421474906386067714e-05,-3.695746219312799300e-07,-1.199708671149483713e-05
-1.995561699764047520e-06,-2.867357722174074011e-05,-5.904936465332989644e-07,-1.010575784740446073e-05
-2.518623083501786444e-06,-2.363712545994328082e-05,-7.752844149208916944e-07,-8.383669753878167079e-06
-2.945736823408847427e-06,-1.908190694046827833e-05,-9.272565748362635778e-07,-6.823205934433352099e-06
-3.286282017569803379e-06,-1.498316891455716182e-05,-1.049561620976516316e-06,-5.416363398306241302e-06
-3.549136251806692932e-06,-1.131536973029556474e-05,-1.145187577609994587e-06,-4.154822274688992402e-06
-3.742661231256676231e-06,-8.052540956431964252e-06,-1.216954414776261623e-06,-3.030066958064694898e-06
-3.874697285462815135e-06,-5.168593154274195042e-06,-1.267511191648663739e-06,-2.033495159344774603e-06
-3.952565274982400768e-06,-2.637552331887513858e-06,-1.299335263263779939e-06,-1.156521627404462317e-06
-3.983071702680207351e-06,-4.337769473908770120e-07,-1.314733804507925956e-06,-3.906514823930132787e-07
-3.972571742049991113e-06,1.467813583013543832e-06,-1.315865469392043447e-06,2.724690370583415694e-07
-3.926814438028547023e-06,3.091653978641384893e-06,-1.304685250531671616e-06,8.409879857505369536e-07
-3.851126513748973001e-06,4.461334599052569194e-06,-1.283008788675685749e-06,1.322783655533475499e-06
-3.750368217328839289e-06,5.599483032817944768e-06,-1.252494059134922417e-06,1.725463136543679043e-06
-3.628957972875269122e-06,6.527759725715989232e-06,-1.214651883384703136e-06,2.056278956989595380e-06
-3.490889495750091312e-06,7.266747103610912035e-06,-1.170850325381044117e-06,2.322157550776940061e-06
-3.339755747430779643e-06,7.835917957855411412e-06,-1.122322104692920983e-06,2.529662451363409274e-06
-3.178767765822222314e-06,8.253610121942700901e-06,-1.070171906780629891e-06,2.684984046839674836e-06
-3.010782779179296904e-06,8.537010535036010288e-06,-1.015384551461110571e-06,2.793937034036772589e-06
-2.838326888106409910e-06,8.702170756293903166e-06,-9.588331292327837504e-07,2.861951138268662201e-06
-2.663614176325011592e-06,8.763993023834811178e-06,-9.012848189715305266e-07,2.894090608026375949e-06
-2.488572103769876194e-06,8.736264373053812790e-06,-8.434094127013354363e-07,2.895042811264030964e-06
-2.314863574688812128e-06,8.631683605800329680e-06,-7.857867423936355180e-07,2.869130935160621449e-06
-2.143908308239716665e-06,8.461895086597142555e-06,-7.289138248344464429e-07,2.820325563433014256e-06
-1.976903484369627403e-06,8.237527768439069953e-06,-6.732117671781717743e-07,2.752257165300752007e-06
-1.814843578388341604e-06,7.968238168080488213e-06,-6.190324132923620740e-07,2.668229864960315181e-06
-1.658538657095757100e-06,7.662758450436978769e-06,-5.666645707347140764e-07,2.571235535186187467e-06
-1.508632821438319214e-06,7.328935831308208500e-06,-5.163407115424736897e-07,2.463973854060251424e-06
-1.365622191634513468e-06,6.973795476367746281e-06,-4.682414026922685064e-07,2.348861065657515442e-06
-1.229870320910640658e-06,6.603579949398034099e-06,-4.225019408404454937e-07,2.228051556219165039e-06
-1.101623257419255630e-06,6.223804233099981256e-06,-3.792170410786402759e-07,2.103452425489169535e-06
-9.810235815609150636e-07,5.839305663087226651e-06,-3.384456033894323983e-07,1.976740818252114811e-06
-8.681234536375488347e-07,5.454293349226807403e-06,-3.002151421829318304e-07,1.849380462733565991e-06
-7.628966860634105586e-07,5.072396556968333703e-06,-2.645258902259460590e-07,1.722637806702889493e-06
-6.652498684233330403e-07,4.696711673735885874e-06,-2.313545826690651991e-07,1.597597779708420084e-06
-5.750325497752268045e-07,4.329847804289446204e-06,-2.006579413041807217e-07,1.475178748976993281e-06
-4.920465598061349412e-07,3.973970121850151634e-06,-1.723758492627560418e-07,1.356147540657439975e-06
-4.160544622059325124e-07,3.630841633970779981e-06,-1.464342449644524242e-07,1.241133179907910305e-06
-3.467871995313544625e-07,3.301862737864330131e-06,-1.227477436555801573e-07,1.130640260077073389e-06
-2.839509688490742593e-07,2.988108640599669499e-06,-1.012219991755032425e-07,1.025061572705098899e-06
-2.272323318735374179e-07,2.690363577371248628e-06,-8.175571854785186136e-08,9.246904327741655970e-07
-1.763053562892358744e-07,2.409154802943187173e-06,-6.424267548914043119e-08,8.297314988030710772e-07
-1.308363487383275838e-07,2.144783966377640593e-06,-4.857339546748337751e-08,7.403104967995590690e-07
-9.048757473470879409e-08,1.897355632615634797e-06,-3.463659148912031993e-08,6.564841600743920604e-07
-5.492093674625754517e-08,1.666803275045863014e-06,-2.232044731492028287e-08,5.782498758844393016e-07
-2.380115042020018481e-08,1.452913811611694490e-06,-1.151372340904372205e-08,5.055537353399795103e-07
3.201565590023564451e-09,1.255350044718004553e-06,-2.106701993471982000e-09,4.382981398625237237e-07
2.641558759462524573e-08,1.073676944028162358e-06,6.010140942365771438e-09,3.763469920146955972e-07
4.614041687950201157e-08,9.073509622351422531e-07,1.293688401423752838e-08,3.195419966613390282e-07
6.268509477540353196e-08,7.557894234567398501e-07,1.877703285232431271e-08,2.676871052418453406e-07
7.633839159140796659e-08,6.183415088226751196e-07,2.362747933823824295e-08,2.205766461654607296e-07
8.737525478308174280e-08,4.943176126330250059e-07,2.758070592671203549e-08,1.779872496229782744e-07
9.605658304523003130e-08,3.830003048153921037e-07,3.072461463541189822e-08,1.396846557655613899e-07
1.025311356916782970e-07,2.836170853351232471e-07,3.310914278595436210e-08,1.054369714383501187e-07
1.071370035747276169e-07,1.955310405558297088e-07,3.484876518978688155e-08,7.498362356128635659e-08
1.100921726444037463e-07,1.179777980792459751e-07,3.601700519444588504e-08,4.809894383114002618e-08
1.116034073276037211e-07,5.020801249780533202e-08,3.668398877611718065e-08,2.453786669856831906e-08
1.118731656757058181e-07,-8.517692858560221939e-09,3.691867312203874637e-08,4.057143658577071172e-09
1.110631790146336133e-07,-5.892048622867463316e-08,3.677596706445447975e-08,-1.358866584232764039e-08
1.093494725192097961e-07,-1.017114457701303921e-07,3.631637054422458914e-08,-2.862433718453100162e-08
1.068663850984222299e-07,-1.375589368839382263e-07,3.558566866729575062e-08,-4.128853508049078879e-08
1.037448665054615219e-07,-1.671069075939222134e-07,3.462865898160565955e-08,-5.179411646265388013e-08
1.001034364971485446e-07,-1.909664431461046169e-07,3.348598842302728135e-08,-6.034650689381305394e-08
9.604873545757901047e-08,-2.097154034400864778e-07,3.219430095984340903e-08,-6.714078808426376807e-08
9.167619808847900702e-08,-2.238977558397850672e-07,3.078645385513701836e-08,-7.236100604796751931e-08
8.707077440366630948e-08,-2.340232821527140792e-07,2.929175517968107908e-08,-7.617992781048393660e-08
8.230763981021530923e-08,-2.405676697233809113e-07,2.773619928993530307e-08,-7.875899929966923906e-08
7.745288212255973249e-08,-2.439729130505918079e-07,2.614269527200135410e-08,-8.024844164725891965e-08
7.256416847685765988e-08,-2.446479684691656710e-07,2.453128912549345926e-08,-8.078744527538210447e-08
6.769139391509076408e-08,-2.429696187496874229e-07,2.291938027223613810e-08,-8.050443775153756714e-08
6.287731048602492503e-08,-2.392835111200002033e-07,2.132193201052704668e-08,-7.951741112455788094e-08
5.815813443518177837e-08,-2.339053359106870762e-07,1.975167507568707841e-08,-7.793429809481191557e-08
5.356412897882082177e-08,-2.271221159863461575e-07,1.821930341694379560e-08,-7.585338754398808900e-08
4.912016057090984525e-08,-2.191935799478930831e-07,1.673366143003068701e-08,-7.336377059218673386e-08
4.484622710706473252e-08,-2.103535948718312017e-07,1.530192206465744799e-08,-7.054580902988801798e-08
4.075795702348778318e-08,-2.008116370615246007e-07,1.392975540319187602e-08,-6.747161874745166531e-08
3.686707870082586254e-08,-1.907542818793047989e-07,1.262148746459350586e-08,-6.420556160220267465e-08
3.318185996780089018e-08,-1.803466961740707789e-07,1.138024912285487293e-08,-6.080473997293072359e-08
2.970751782333884031e-08,-1.697341190977866562e-07,1.020811514341923788e-08,-5.731948902401348893e-08
2.644659876659141220e-08,-1.590433192071980985e-07,9.106233436780048833e-09,-5.379386242194536068e-08
2.339933034883419667e-08,-1.483840176730996244e-07,8.074944708150663956e-09,-5.026610791000694111e-08
2.056368215404185441e-08,-1.378492180416694177e-07,7.113984509536878848e-09,-4.676955602857830136e-08
1.793628840275232956e-08,-1.275202184397784107e-07,6.222215704097999496e-09,-4.333168200833019023e-08
1.551209348184184888e-08,-1.174636603917193296e-07,5.398146855188410409e-09,-3.997601183307231594e-08
1.328495820814986259e-08,-1.077341275982367005e-07,4.639887801440498137e-09,-3.672211082025785681e-08
1.124778584478529751e-08,-9.837555230491588291e-08,3.945204808003256836e-09,-3.358576673785023356e-08
9.392721768733106337e-09,-8.942227870112127255e-08,3.311590268006370130e-09,-3.057945207674058007e-08
7.711332348530134389e-09,-8.090008798796669731e-08,2.736324436547862884e-09,-2.771268513049669527e-08
6.194894643970500739e-09,-7.282790436833678150e-08,2.216485991811931882e-09,-2.499207828912239614e-08
4.834000820477623586e-09,-6.521566133104533844e-08,1.749182909102472939e-09,-2.242283113793987206e-08
3.619508290051108261e-09,-5.806978996346522807e-08,1.331313910352768411e-09,-2.000709547628591711e-08
2.542080580968040034e-09,-5.139080233652731142e-08,9.597998069479497458e-10,-1.774565802082244457e-08
1.592426217645308135e-09,-4.517483331927599561e-08,6.315652737606619286e-10,-1.563775095961587866e-08
7.613781469714676537e-10,-3.941428573171651162e-08,3.435668899539325382e-10,-1.368129316256435423e-08
3.996091358969738880e-11,-3.409842355372050340e-08,9.281680028995077686e-11,-1.187309622123228941e-08
-5.805533562135347362e-10,-2.921391156391494824e-08,-1.235974808665097526e-10,-1.020904968396030610e-08
-1.108599114460528278e-09,-2.474530332120790833e-08,-3.084967452623693820e-10,-8.684288531790770619e-09
-1.552280695480415368e-09,-2.067548015433495403e-08,-4.645969059826591288e-10,-7.293344074917383289e-09
-1.919343819348075560e-09,-1.698604397280602857e-08,-5.944986328443424914e-10,-6.030279233013082378e-09
-2.217154406949130364e-09,-1.365766675283242963e-08,-7.006795076669835004e-10,-4.888809146362190705e-09
-2.452683875951195094e-09,-1.067039955241723986e-08,-7.854884180540861845e-10,-3.862408064065207395e-09
-2.632500143722999690e-09,-8.003943883009654356e-09,-8.511419271559889977e-10,-2.944403449042556380e-09
-2.762763619185030307e-09,-5.637888215870950324e-09,-8.997223754980386260e-10,-2.128058225610791450e-09
-2.849227520295374832e-09,-3.551912333291459014e-09,-9.331774892091428150e-10,-1.406642074906299724e-09
-2.897241907038534014e-09,-1.725962151305720072e-09,-9.533212867583403182e-10,-7.734926574596128890e-10
-2.911760871120530117e-09,-1.403975445250505208e-10,-9.618360935039397778e-10,-2.220676117809247366e-10
-2.897468197842510478e-09,1.223771313316679150e-09,-9.603131213434993142e-10,2.540417254859598887e-10
-2.858327244393327565e-09,2.385322951920522613e-09,-9.501055850037368078e-10,6.609139586216737084e-10
-2.798284803214421232e-09,3.361774686455518739e-09,-9.325592442230722441e-10,1.004623321761816013e-09
-2.720829605013003900e-09,4.170106688052986126e-09,-9.088657357159282434e-10,1.290820985728267636e-09
-2.629121315892047579e-09,4.826456600876897942e-09,-8.801065717266694212e-10,1.524930922934199460e-09
-2.526007658115935232e-09,5.346098504791073445e-09,-8.472582899512248414e-10,1.712101707033375338e-09
-2.414041917843284070e-09,5.743424558298226488e-09,-8.111981260141040674e-10,1.857193323811213763e-09
-2.295500700952751178e-09,6.031936082022687865e-09,-7.727098453888893951e-10,1.964772255127807102e-09
-2.172401749678083851e-09,6.224243958283193944e-09,-7.324896247837326001e-10,2.039110436859968937e-09
-2.046521648442665189e-09,6.332077176992502160e-09,-6.911519174862086739e-10,2.084187142564930840e-09
-1.919413271127090227e-09,6.366298323057188603e-09,-6.492352502163800664e-10,2.103693313228371223e-09
-1.792422844975691289e-09,6.336924890045190676e-09,-6.072079074946648401e-10,2.101037943290129436e-09
-1.666706527386202919e-09,6.253155405721783376e-09,-5.654734668039093181e-10,2.079356174471040502e-09
-1.543246410887107319e-09,6.123399452775748888e-09,-5.243761543657751237e-10,2.041518782776200676e-09
-1.422865888776221193e-09,5.955310760736845725e-09,-4.842059972464656597e-10,1.990142775438183183e-09
-1.306244329276838057e-09,5.755822632388674698e-09,-4.452037527976171959e-10,1.927602844092472439e-09
-1.193931019772713749e-09,5.531185049836577523e-09,-4.075656011614964759e-10,1.856043448187129666e-09
-1.086358354819301747e-09,5.287002881801015437e-09,-3.714475907616044855e-10,1.777391328541484674e-09
-9.838542523040482957e-10,5.028274684735569106e-09,-3.369698303963162865e-10,1.693368275082281913e-09
-8.866537914497259049e-10,4.759431656109619782e-09,-3.042204247896612475e-10,1.605503995148898921e-09
-7.949100744257281240e-10,4.484376358789325732e-09,-2.732591532645091122e-10,1.515148949391766404e-09
-7.087043202539462626e-10,4.206520891055669923e-09,-2.441208936230049316e-10,1.423487041259391851e-09
-6.280552055657086577e-10,3.928824227603633476e-09,-2.168187953797148204e-10,1.331548063426181125e-09
-5.529274716777127120e-10,3.653828503077434400e-09,-1.913472082259949790e-10,1.240219820326161357e-09
-4.832398214971270146e-10,3.383694051528717841e-09,-1.676843730395290943e-10,1.150259860299381803e-09
-4.188721330237549022e-10,3.120233052869117136e-09,-1.457948839193503781e-10,1.062306763796659198e-09
-3.596720187703773691e-10,2.864941671157646741e-09,-1.256319306509535306e-10,9.768909457087019781e-10
-3.054607623464549947e-10,2.619030599655848598e-09,-1.071393317137792035e-10,8.944449402588424406e-10
-2.560386648158090308e-10,2.383453954237268352e-09,-9.025336845827219011e-11,8.153131461098932646e-10
-2.111898343115325209e-10,2.158936480189651035e-09,-7.490443142420145663e-11,7.397610174573158995e-10
-1.706864528323191114e-10,1.945999057930633215e-09,-6.101848996672178123e-11,6.679836939957086676e-10
-1.342925542101742603e-10,1.744982510898368314e-09,-4.851839642095990619e-11,6.001140688272473608e-10
-1.017673469821369584e-10,1.556069734099613844e-09,-3.732503598746821288e-11,5.362302987013676015e-10
-7.286811536592661513e-11,1.379306174710690983e-09,-2.735833337597393221e-11,4.763627655097620564e-10
-4.735273077492336983e-11,1.214618706936964804e-09,-1.853812701832759140e-11,4.205005017769071537e-10
-2.498180535117239674e-11,1.061832952240700708e-09,-1.078492136699853859e-11,3.685970960464832363e-10
-5.520517882005033920e-12,9.206891032277307921e-10,-4.020527445122988523e-12,3.205760966373954090e-10
1.125985877139021142e-11,7.908563151195541930e-10,1.831398580926385215e-12,2.763359342802960355e-10
2.558070093766940883e-11,6.719457329903098659e-10,6.844909465312365468e-12,2.357543857118311855e-10
3.765502169770829067e-11,5.635222259759928035e-10,1.109140469746910567e-11,1.986926014425251196e-10
4.768667780112336990e-11,4.651149016071453631e-10,1.463934365626296710e-11,1.649987216810053168e-10
5.586977246842155735e-11,3.762264744131730158e-10,1.755402617704384242e-11,1.345111048336145786e-10
6.238823209578749329e-11,2.963415631171465965e-10,1.989743309518197195e-11,1.070611931492327790e-10
6.741553635951887303e-11,2.249339902021741685e-10,2.172811981967781494e-11,8.247603997985792997e-11
7.111458267868854418e-11,1.614731564845984614e-10,2.310115647580887204e-11,6.058052281947074962e-11
7.363766742685838133e-11,1.054295616763150470e-10,2.406810863266820998e-11,4.119926579104168567e-11
7.512656767746643298e-11,5.627953983918818983e-11,2.467705309667636318e-11,2.415829461499525119e-11
7.571270861539235375e-11,1.350927621322572073e-11,2.497262370302771812e-11,9.286446327321983803e-12
7.551740304317203748e-11,-2.338183079665540626e-11,2.499608247142210344e-11,-3.583444844188353718e-12
7.465215064970078791e-11,-5.487840159699458486e-11,2.478541190864114892e-11,-1.461356497550149665e-11
7.321898588853568350e-11,-8.144684352806258446e-11,2.437542463725313162e-11,-2.396032183933949386e-11
7.131086442962688753e-11,-1.035336004799928380e-10,2.379788690605789873e-11,-3.177371175571723584e-11
6.901207920094866070e-11,-1.215638325759025878e-10,2.308165289317874268e-11,-3.819683452231635660e-11
6.639869802432744265e-11,-1.359404777435446993e-10,2.225280704667530009e-11,-4.336554011640915206e-11
6.353901577276704450e-11,-1.470436502325769162e-10,2.133481202005962542e-11,-4.740819193558516864e-11
6.049401483531155859e-11,-1.552303343330618588e-10,2.034866005131234454e-11,-5.044553240337963743e-11
5.731782847106768340e-11,-1.608343346837882423e-10,1.931302590419224283e-11,-5.259063781264615299e-11
5.405820236794269431e-11,-1.641664476101478434e-10,1.824441974026817827e-11,-5.394895029714616552e-11
5.075695039582011253e-11,-1.655148208819810916e-10,1.715733851977332968e-11,-5.461837580913688252e-11
4.745040116045593342e-11,-1.651454721193253947e-10,1.606441473975135633e-11,-5.468943793326196889e-11
4.416983252572903093e-11,-1.633029387884131361e-10,1.497656150980883232e-11,-5.424547827834504874e-11
4.094189178058594457e-11,-1.602110353131196742e-10,1.390311313993156962e-11,-5.336289505881274944e-11
3.778899958577025467e-11,-1.560736952740617431e-10,1.285196057215517686e-11,-5.211141230107448107e-11
3.472973624700490871e-11,-1.510758789733653943e-10,1.182968112928391223e-11,-5.055437289109789846e-11
3.177920922851668467e-11,-1.453845288085715008e-10,1.084166218028040974e-11,-4.874904940970903267e-11
2.894940114649330923e-11,-1.391495569218005180e-10,9.892218434326530401e-12,-4.674696738875470009e-11
2.624949776906766573e-11,-1.325048514730069968e-10,8.984702674812338856e-12,-4.459423625973055759e-11
2.368619580050726425e-11,-1.255692896305963924e-10,8.121609831587178152e-12,-4.233188385846997824e-11
2.126399044518298560e-11,-1.184477469815867660e-10,7.304674365585861806e-12,-3.999619089878458649e-11
1.898544293423281471e-11,-1.112320945430251443e-10,6.534961005341894457e-12,-3.761902232945832772e-11
1.685142835719957737e-11,-1.040021759074871691e-10,5.812948930730451991e-12,-3.522815295407551159e-11
1.486136427474485764e-11,-9.682675828857447360e-11,5.138609546418727794e-12,-3.284758511043304185e-11
1.301342069918604388e-11,-8.976445234732735542e-11,4.511478026695097597e-12,-3.049785659167594086e-11
1.130471211930095279e-11,-8.286459668779720487e-11,3.930718845354023948e-12,-2.819633733566082153e-11
9.731472316696803887e-12,-7.616810381378066535e-11,3.395185529871500117e-12,-2.595751371870918992e-11
8.289212775051204382e-12,-6.970826514433615159e-11,2.903474898855402911e-12,-2.379325956918057567e-11
6.972865522561601807e-12,-6.351151340138742442e-11,2.453976056336635412e-12,-2.171309326259821173e-11
5.776911273725597200e-12,-5.759814131325592144e-11,2.044914426492046970e-12,-1.972442047715501628e-11
4.695493750748278126e-12,-5.198297612908842024e-11,1.674391118370111383e-12,-1.783276238208046631e-11
3.722521068923342994e-12,-4.667600991876983426e-11,1.340417912670134719e-12,-1.604196919551902984e-11
2.851755065650604064e-12,-4.168298604436617789e-11,1.040948162057885364e-12,-1.435441919411572236e-11
2.090673559108544194e-12,-3.698982160853967705e-11,7.783446320341818025e-13,-1.277652376890420953e-11
1.418384724589352851e-12,-3.262493110994676229e-11,5.457986232457871805e-13,-1.129515054746409800e-11
8.284642678605402466e-13,-2.857913069904473122e-11,3.412481544968058690e-13,-9.918817002783637469e-12
3.146583753397120968e-13,-2.484409046875469760e-11,1.626109613993231807e-13,-8.646351690730582935e-12
-1.290989860594587244e-13,-2.141011529615796796e-11,7.854968669122016115e-15,-7.474854728574554089e-12
-5.086587405222257932e-13,-1.826614355942902896e-11,-1.249842716299995744e-13,-6.400803619444345239e-12
-8.296334679295530063e-13,-1.540001168960992014e-11,-2.377944305843316253e-13,-5.420266395418120801e-12
-1.097379471952222352e-12,-1.279871947141258747e-11,-3.323798312245534898e-13,-4.529006027847847172e-12
-1.316983738539787684e-12,-1.044866846289399007e-11,-4.104566402952102785e-13,-3.722563859572103801e-12
-1.493255229728530222e-12,-8.335872413228156715e-12,-4.736495615767243214e-13,-2.996332266083192236e-12
-1.630719979541591662e-12,-6.446141415018965544e-12,-5.234898421521158990e-13,-2.345618274596795970e-12
-1.733619497540700710e-12,-4.765241789096729416e-12,-5.614144230621334824e-13,-1.765698932262107408e-12
-1.805912025073880884e-12,-3.279033668722661349e-12,-5.887660797473027079e-13,-1.251869094186934609e-12
-1.851276227526497979e-12,-1.973588180284068155e-12,-6.067944105323924896e-13,-7.994822661789240796e-13
-1.873116942567158030e-12,-8.352860359910080963e-13,-6.166575437197707648e-13,-4.039851122603666591e-13
-1.874572639375352609e-12,1.491007311694224239e-13,-6.194244455820104195e-13,-6.094620634252356588e-14
-1.858524277036834198e-12,9.923422510846826609e-13,-6.160777227142413076e-13,2.339204193839142510e-13
-1.827605281659515823e-12,1.706697971379697667e-12,-6.075168227664516004e-13,4.847364083883062696e-13
-1.784212391267291806e-12,2.303876029579749076e-12,-5.945615475084928464e-13,6.954444064089116065e-13
-1.730517145153131113e-12,2.795003482837391802e-12,-5.779558015211128408e-13,8.697971201862257028e-13
-1.668477820136536792e-12,3.190606128136785667e-12,-5.583715085176102664e-13,1.011349679930690286e-12
-1.599851640103566356e-12,3.500596737076836515e-12,-5.364126353941511780e-13,1.123454907665524969e-12
-1.526207107337430457e-12,3.734270619179828325e-12,-5.126192716234936492e-13,1.209261121937701119e-12
-1.448936324536786917e-12,3.900307513872324288e-12,-4.874717185285613918e-13,1.271712139553276207e-12
-1.369267195124216474e-12,4.006778894867773428e-12,-4.613945493259105231e-13,1.313549162893184949e-12
-1.288398436850213429e-12,4.063121994147183512e-12,-4.348414235021208164e-13,1.336584722194463923e-12
-1.206980568857703417e-12,4.073659572035891563e-12,-4.080101936691303279e-13,1.345143720028812733e-12
-1.125845918226261145e-12,4.045050805973542220e-12,-3.811777436713478238e-13,1.340222127113316343e-12
-1.045704379030745686e-12,3.983099916193679919e-12,-3.545908277187823045e-13,1.323626798354582116e-12
-9.674523206004258586e-13,3.891233592241943544e-12,-3.285232626853008395e-13,1.297795317925028407e-12
-8.913865792484305679e-13,3.776864287297819141e-12,-3.031173584016011437e-13,1.262590656750936167e-12
-8.178963300593828442e-13,3.643926252624813377e-12,-2.785204549194297193e-13,1.220601803322693541e-12
-7.472937596426000859e-13,3.496243416829391034e-12,-2.548455068839376106e-13,1.173295071422146626e-12
-6.798203244196018479e-13,3.337267886418160818e-12,-2.321802008674815755e-13,1.121875047465660807e-12
-6.156543472274248762e-13,3.170069687645920095e-12,-2.105903728721879903e-13,1.067401866573763079e-12
-5.549183121652158708e-13,2.997359228856444072e-12,-1.901225741377451158e-13,1.010812050898656392e-12
-4.976856603641409925e-13,2.821512974120456049e-12,-1.708063878745372395e-13,9.529285240563846452e-13
-4.439870757217914585e-13,2.644598889455059173e-12,-1.526565667483415281e-13,8.944692692721757415e-13
-3.938162729302668320e-13,2.468401159488330031e-12,-1.356750029431829869e-13,8.360556188665692254e-13
-3.471353048306678679e-13,2.294444017147429412e-12,-1.198525370550676213e-13,7.782202473414010538e-13
-3.038794083435306925e-13,2.124014589111532592e-12,-1.051706120866662392e-13,7.214148458993080787e-13
-2.639614097712496278e-13,1.958184685520990905e-12,-9.160277928766095051e-14,6.660174542036780190e-13
-2.272757113870032582e-13,1.797831482566701566e-12,-7.911606297859794197e-14,6.123394310394219181e-13
-1.937018819745602577e-13,1.643657064514343328e-12,-6.767219179441257407e-14,5.606320499540222856e-13
-1.631078744217560797e-13,1.496206806600929878e-12,-5.722870395160558528e-14,5.110927130966312263e-13
-1.353528936304422387e-13,1.355886593878295636e-12,-4.773993423039723989e-14,4.638707795915570628e-13
-1.102899379310393585e-13,1.222978882255691344e-12,-3.915789035994541250e-14,4.190730097226952741e-13
-8.776803690867080366e-14,1.097657618067448998e-12,-3.143302642390766919e-14,3.767686291301865429e-13
-6.763420809635847383e-14,9.800020405536642864e-13,-2.451492077776905584e-14,3.369940199237142163e-13
-4.973515440009441677e-14,8.700093982782810119e-13,-1.835286577358405260e-14,2.997570493429141974e-13
-3.391872340378134958e-14,7.676066167190096335e-13,-1.289637638147708031e-14,2.650410461926717667e-13
-2.003514889936843950e-14,6.726609579973823198e-13,-8.095624527968787661e-15,2.328084394618702134e-13
-7.938094109158034187e-15,5.849897175149373076e-13,-3.901805689690345449e-15,2.030040731079986282e-13
2.514484870422713974e-15,5.043690049856368970e-13,-2.674439834983638589e-16,1.755582121498414708e-13
1.145963784287462311e-14,4.305416585564261753e-13,2.853358330915651155e-15,1.503892566391182539e-13
1.902886494062178454e-14,3.632243422454486605e-13,5.504721346604229700e-15,1.274061797866881898e-13
2.534769115494501373e-14,3.021138771930618189e-13,7.728832738502621408e-15,1.065107064701669350e-13
3.053535641752305397e-14,2.468928568724675514e-13,9.565832809736439760e-15,8.759924988312709798e-14
3.470460768878121160e-14,1.972345964984074082e-13,1.105373475372349663e-14,7.056462149683164010e-14
3.796158048477881461e-14,1.528074650392685395e-13,1.222837587358105545e-14,5.529753205604621128e-14
4.040575823783645271e-14,1.132786479278648943e-13,1.312339581026020674e-14,4.168789846112755982e-14
4.212999881371329891e-14,7.831738634232361961e-14,1.377023814294315546e-14,2.962597236473821577e-14
4.322061840382239722e-14,4.759773751476763459e-14,1.419817203312619242e-14,1.900330575448982149e-14
4.375752387358481155e-14,2.080089880270449548e-14,1.443433086004342940e-14,9.713566912218977719e-15
4.381438546267208727e-14,-2.382864335834956650e-15,1.450376508419925678e-14,1.653221517846050002e-15
4.345884251540385528e-14,-2.225264764169399640e-14,1.442950682534156202e-14,-5.277909286629994829e-15
4.275273565222357701e-14,-3.909565864048358848e-14,1.423264389949783024e-14,-1.117620063653184751e-14
4.175235948551951144e-14,-5.318625430436159381e-14,1.393240128517904413e-14,-1.613387478115002621e-14
4.050873062956974158e-14,-6.478523401955528820e-14,1.354622821550013737e-14,-2.023873950126261968e-14
3.906786636133452250e-14,-7.413935793321619909e-14,1.308988928983100580e-14,-2.357400474846861036e-14
3.747106984679462949e-14,-8.148106337681727258e-14,1.257755819631082052e-14,-2.621816746544770880e-14
3.575521836908398569e-14,-8.702835365093902289e-14,1.202191280791698756e-14,-2.824495644561486777e-14
3.395305147303530120e-14,-9.098483578091128374e-14,1.143423057859004713e-14,-2.972332902580610020e-14
3.209345637701023425e-14,-9.353988589451353853e-14,1.082448332093332867e-14,-3.071751199230038989e-14
3.020174840852704447e-14,-9.486892225464509121e-14,1.020143057178487164e-14,-3.128708086102666481e-14
2.829994458122444512e-14,-9.513376845689924729e-14,9.572710889783568061e-15,-3.148707033397117848e-14
2.640702876241545078e-14,-9.448309047318317272e-14,8.944930533750994050e-15,-3.136811126637614082e-14
2.453920717860937030e-14,-9.305289304941333354e-14,8.323749076170766401e-15,-3.097658869409161775e-14
2.271015327278373655e-14,-9.096706248099978478e-14,7.713961596714619282e-15,-3.035481665362123787e-14
2.093124116693356305e-14,-8.833794406925451216e-14,7.119577181542025193e-15,-2.954122582161922513e-14
1.921176719122069273e-14,-8.526694425150177529e-14,6.543893532255222453e-15,-2.857056008469863081e-14
1.755915913267725951e-14,-8.184514794940121424e-14,5.989567543152033048e-15,-2.747407963534301901e-14
1.597917301390695741e-14,-7.815394372261176400e-14,5.458681772793635980e-15,-2.627976694459184930e-14
1.447607735816133052e-14,-7.426564946666842998e-14,4.952806775305735566e-15,-2.501253412903682159e-14
1.305282501602518830e-14,-7.024413309699360971e-14,4.473059307932481041e-15,-2.369442884508660879e-14
1.171121273552386985e-14,-6.614542295807091773e-14,4.020156459274534400e-15,-2.234483774226653232e-14
1.045202874189675589e-14,-6.201830403944111381e-14,3.594465782298715613e-15,-2.098068519774256311e-14
9.275188669113161972e-15,-5.790489624476081989e-14,3.196051533522646991e-15,-1.961662687645695193e-14
8.179860242586234245e-15,-5.384121210296539156e-14,2.824717144079229716e-15,-1.826523668089977156e-14
7.164577158814852328e-15,-4.985769169479549086e-14,2.480044068453061929e-15,-1.693718621168470249e-14
6.227342645610847591e-15,-4.597971299491320844e-14,2.161427166203163767e-15,-1.564141637974006158e-14
5.365723212926190547e-15,-4.222807645225148900e-14,1.868106780741923766e-15,-1.438530070941100602e-14
4.576933120880085801e-15,-3.861946308075741301e-14,1.599197690299059195e-15,-1.317479975283383555e-14
3.857910106120446348e-15,-3.516686533438280814e-14,1.353715102716694697e-15,-1.201460700865750818e-14
3.205382904714256735e-15,-3.187999116714518077e-14,1.130597884247608388e-15,-1.090828503572793216e-14
2.615931118055039067e-15,-2.876564062668368323e-14,9.287291894895247105e-16,-9.858393628746046207e-15
2.086037952979045098e-15,-2.582805615779860334e-14,7.469546787996109541e-16,-8.866608273784277229e-15
1.612136363142460614e-15,-2.306924654100796203e-14,5.840984943786194321e-16,-7.933830379699165244e-15
1.190649102369307140e-15,-2.048928554254596229e-14,4.389771662498242844e-16,-7.060288848275848646e-15
8.180231843242320149e-16,-1.808658601817103333e-14,3.104116137130665723e-16,-6.245633474646556244e-15
4.907592256652758383e-16,-1.585815036475328125e-14,1.972374024908403393e-16,-5.489020381266427960e-15
2.054361276312400509e-16,-1.379979849229900435e-14,9.831341029286658708e-17,-4.789189909885967043e-15
-4.126846962710688724e-17,-1.190637430758616398e-14,1.252904812654864097e-17,-4.144537196652350227e-15
-2.525615474492185814e-16,-1.017193182712276244e-14,-6.118982839146712693e-17,-3.553176208497967595e-15
-4.315214970235494461e-16,-8.589902255674139033e-15,-1.238761822203904959e-16,-3.012996934400419574e-15
-5.810879714385368808e-16,-7.153243094511165466e-15,-1.765181078438956556e-16,-2.521716515695724554e-15
-7.040544572317703889e-16,-5.854570265122066705e-15,-2.200560863972236907e-16,-2.076925193900578445e-15
-8.030632504297765331e-16,-4.686274844994934169e-15,-2.553810674391275240e-16,-1.676126308186525093e-15
-8.806025415078523877e-16,-3.640625205482093637e-15,-2.833332796424557091e-16,-1.316771714899243316e-15
-9.390053360895700473e-16,-2.709855766835927219e-15,-3.047016794013680154e-16,-9.962926640660251504e-16
-9.804499605075221377e-16,-1.886243456169260903e-15,-3.202239518258893493e-16,-7.121264761002983003e-16
-1.006961923837926778e-15,-1.162173003898699650e-15,-3.305869822401760043e-16,-4.617391543892252717e-16
-1.020416925306161734e-15,-5.301918638506404117e-16,-3.364277310960943124e-16,-2.426448490049477150e-16
-1.022544816696724601e-15,1.694413323630248596e-17,-3.383344464805233550e-16,-5.242198735773907649e-17
-1.014934349142059248e-15,4.862334417010239120e-16,-3.368481506832161880e-16,1.112737267274358527e-16
-9.990385468974384822e-16,8.843992010435812121e-16,-3.324643549718944512e-16,2.506983633740401930e-16
-9.761805711819158942e-16,1.217866221022917609e-15,-3.256349487099749967e-16,3.680116977295854713e-16
-9.475599499658282888e-16,1.492744061029343509e-15,-3.167702227798595265e-16,4.652708877561480693e-16
-9.142590633126249072e-16,1.714815460641582699e-15,-3.062409912203103733e-16,5.444259738395065137e-16
-8.772497892456505212e-16,1.889529346140554699e-15,-2.943807750452717132e-16,6.073171743517151846e-16
-8.374002263735317898e-16,2.021997911631498164e-15,-2.814880182757462668e-16,6.556735933243540320e-16
-7.954814189682203257e-16,2.116997310050249628e-15,-2.678283152698389082e-16,6.911128676835512474e-16
-7.521740220430900069e-16,2.178971324368240491e-15,-2.536366256976024996e-16,7.151420679886871460e-16
-7.080748554340317628e-16,2.212037462904534588e-15,-2.391194549705938568e-16,7.291596667947554521e-16
-6.637033006581345387e-16,2.219995332513759149e-15,-2.244569888062374528e-16,7.344579273978875621e-16
-6.195075035795311407e-16,2.206336734981421606e-15,-2.098051680156479126e-16,7.322260682565379077e-16
-5.758703538576917045e-16,2.174257135201845915e-15,-1.952976922303117620e-16,7.235539301798906336e-16
-5.331152174358280846e-16,2.126668262474330683e-15,-1.810479446055095483e-16,7.094360112560642450e-16
-4.915114047289680187e-16,2.066211501217342764e-15,-1.671508298900992887e-16,6.907758860063717541e-16
-4.512793609878011982e-16,1.995271924765441505e-15,-1.536845224321927595e-16,6.683907342698188742e-16
-4.125955703532120739e-16,1.915992689659997901e-15,-1.407121206771425083e-16,6.430160604283407860e-16
-3.755971698071464805e-16,1.830289569934006348e-15,-1.282832052391229696e-16,6.153105456006012559e-16
-3.403862706009213778e-16,1.739865606756346752e-15,-1.164353008568405825e-16,5.858608411573802993e-16
-3.070339890893172803e-16,1.646225600056497363e-15,-1.051952429816871040e-16,5.551863309840039171e-16
-2.755841920973048171e-16,1.550690315293224629e-15,-9.458044650352568961e-17,5.237440636993068759e-16
-2.460569609858693058e-16,1.454410504145802882e-15,-8.460008367130893691e-17,4.919331801032766913e-16
-2.184517842861163833e-16,1.358380342484972135e-15,-7.525616883980891866e-17,4.600996400988463300e-16
-1.927504856957415825e-16,1.263450599346224761e-15,-6.654455833856559895e-17,4.285403272187416510e-16
-1.689199006656905151e-16,1.170341030584601362e-15,-5.845586117605427220e-17,3.975076105393729557e-16
-1.469143106979474893e-16,1.079652409382561588e-15,-5.097627079714815219e-17,3.672131142469228967e-16
-1.266776475555887344e-16,9.918778750282532949e-16,-4.408832067799221737e-17,3.378315378752435098e-16
-1.081454802484254681e-16,9.074136499092987656e-16,-3.777156491275367590e-17,3.095043871446059833e-16
-9.124679744159585794e-17,8.265691240869502002e-16,-3.200318940441401744e-17,2.823433685659686644e-16
-7.590559711809926055e-17,7.495763603367628556e-16,-2.675855876844079154e-17,2.564335520969104274e-16
-6.204229621543366730e-17,6.765989468903167026e-16,-2.201170295555096190e-17,2.318363426270096668e-16
-4.957497397045916249e-17,6.077401536368198212e-16,-1.773574529324488354e-17,2.085923972196080348e-16
-3.842045930579341865e-17,5.430506240548206904e-16,-1.390328049444646246e-17,1.867240065204335716e-16
-2.849527618384558301e-17,4.825353035404100163e-16,-1.048670202706634190e-17,1.662376709172049170e-16
-1.971645746689176026e-17,4.261599097578083849e-16,-7.458484915552539119e-18,1.471262282559496779e-16
-1.200223806631764803e-17,3.738568403298158929e-16,-4.791428776433302980e-18,1.293708020480341728e-16
-5.272638725483580418e-18,3.255305121227988048e-16,-2.458862787562725337e-18,1.129426920763465901e-16
5.500497183400016828e-19,2.810622305013383797e-16,-4.348172321052493126e-19,9.780498221452543484e-17
5.540870859987445883e-18,2.403145027061624689e-16,1.305838209984192057e-18,8.391421919876241813e-17
9.771889409196890638e-18,2.031350849371835050e-16,2.787280074628051555e-18,7.122146759447555596e-17
1.331194878788420498e-17,1.693603814603249460e-16,4.032644171455983128e-18,5.967377447114440942e-17
1.622649310736722118e-17,1.388186104755489794e-16,5.063960185593046880e-18,4.921513412964691830e-17
1.857744624739236981e-17,1.113325681415803354e-16,5.902104373458369686e-18,3.978737557331778974e-17
2.042314040423399310e-17,8.672201695763795124e-17,6.566770967588552591e-18,3.133111201974529471e-17
2.181828719437307049e-17,6.480573725447030002e-17,7.076459636333532969e-18,2.378650104204861895e-17
2.281398728919234403e-17,4.540341693092610580e-17,7.448472655852349772e-18,1.709365057016824122e-17
2.345777149422399679e-17,2.833713099284876817e-17,7.698926367878669827e-18,1.119342283483515576e-17
2.379366901211955174e-17,1.343266539314318523e-17,7.842770527833706853e-18,6.027709925214686212e-18
2.386229840288214575e-17,5.205966675566042952e-19,7.893815708940866814e-18,1.539873660992462658e-18
2.370097709091702758e-17,-1.056282524267774006e-17,7.864767446740930751e-18,-2.324947261466612387e-18
2.334384542573900626e-17,-1.997499459653358768e-17,7.767266845579745374e-18,-5.619509535290139422e-18
2.282200329304774471e-17,-2.786633846845523798e-17,7.611933133898701262e-18,-8.394434676010685137e-18
2.216365434362903318e-17,-3.438000297334664615e-17,7.408411892072061616e-18,-1.069785187016774018e-17
