-1.200000011741432893e+01,1.065496321177495531e+01
-1.200000011687543022e+01,-1.926318918936369196e+00
-1.200000011645367337e+01,-3.970662010068151115e+00
-1.200000011597992255e+01,-4.274783382553538402e+00
-1.200000011538533506e+01,-4.315894919512971661e+00
-1.200000011460836191e+01,-4.319031863088560463e+00
-1.200000011355636609e+01,-4.317813858750863432e+00
-1.200000011206613593e+01,-4.316839988732530387e+00
-1.200000010981651322e+01,-4.316317058516006888e+00
-1.200000010607590895e+01,-4.315649542469478739e+00
-1.200000009873963158e+01,-4.312988078549457427e+00
-1.200000007827034487e+01,-4.298549359883455878e+00
-1.199999956405106971e+01,-4.210245662837548863e+00
-1.021294462514923040e+01,-3.669654262290566571e+00
-8.247528135186058762e+00,-3.020939200029569172e+00
-6.483049294552190922e+00,-2.411974897791515637e+00
-4.904960800736271054e+00,-1.862264306486232979e+00
-3.501017117709490201e+00,-1.371409946107457367e+00
-2.259827564755001461e+00,-9.361827987882488378e-01
-1.170194125805747110e+00,-5.529534866086409650e-01
-2.210952526687304798e-01,-2.180599382567993128e-01
5.982489477826385960e-01,7.211468882238289413e-02
1.298312314285519742e+00,3.211076435556511344e-01
1.889209085891505158e+00,5.323519483660725804e-01
2.380651319790348719e+00,7.091568128133632909e-01
2.781916030961431918e+00,8.546922523314426368e-01
3.101821008489867637e+00,9.719775101626795255e-01
3.348708126289783760e+00,1.063872879825807471e+00
3.530433281132448808e+00,1.133074520456050616e+00
3.654362060673176149e+00,1.182111840481228082e+00
3.727370434182556647e+00,1.213347031019326172e+00
3.755849647323890483e+00,1.228976461689482491e+00
3.745714861086200997e+00,1.231033493063643958e+00
3.702416844155019149e+00,1.221392536060276646e+00
3.630956249061533914e+00,1.201774053289460742e+00
3.535899994234322996e+00,1.173750306524110165e+00
3.421399329794044153e+00,1.138751669686648871e+00
3.291209181721885813e+00,1.098073363077383569e+00
3.148708474589180906e+00,1.052882458539542876e+00
2.996921060977162377e+00,1.004225081983461276e+00
2.838537082969994962e+00,9.530336737669151681e-01
2.675934328988533561e+00,9.001343182690904055e-01
2.511199641304973529e+00,8.462539283259047362e-01
2.346149972279023554e+00,7.920273899728903499e-01
2.182353037909539939e+00,7.380045202489853295e-01
2.021147407469400026e+00,6.846568345092143293e-01
1.863661928588280947e+00,6.323840843383313759e-01
1.710834398309464044e+00,5.815205424129166190e-01
1.563429411627996313e+00,5.323410136327862974e-01
1.422055329451993089e+00,4.850665534125657152e-01
1.287180361676667273e+00,4.398699009799796888e-01
1.159147681227807869e+00,3.968805790168746239e-01
1.038189616493698342e+00,3.561897027659755022e-01
9.244408944953170781e-01,3.178544694284014538e-01
8.179509477282256302e-01,2.819023391824242442e-01
7.186953008315871694e-01,2.483349101694787286e-01
6.265860643602535474e-01,2.171314973589574260e-01
5.414815371500417696e-01,1.882524113042300107e-01
4.631949896445652359e-01,1.616419730280506950e-01
3.915026730396887200e-01,1.372312485942393800e-01
3.261509935883625255e-01,1.149405282065222716e-01
2.668630040915105917e-01,9.468155855768879692e-02
2.133442199782365489e-01,7.635955063339382176e-02
1.652877630936730458e-01,5.987496234319884814e-02
1.223789209515540738e-01,4.512508055355381187e-02
8.429913039744685310e-02,3.200541199278371385e-02
5.072948571663569994e-02,2.041089859895770312e-02
2.135368725716546914e-02,1.023696947604278880e-02
-4.139367164379326690e-03,1.380436262611087249e-03
-2.605343811303629381e-02,-6.259740383840206764e-03
-4.468315691224148539e-02,-1.278181444852221661e-02
-6.031258234455160600e-02,-1.828073325698659560e-02
-7.321403072620182029e-02,-2.284772016111530357e-02
-8.364719822680187489e-02,-2.656994527280626475e-02
-9.185850480446752786e-02,-2.953028378070902960e-02
-9.808069620602964667e-02,-3.180714157154963806e-02
-1.025325516566229361e-01,-3.347436262276455576e-02
-1.054188208599825677e-01,-3.460116887482522080e-02
-1.069302797882126371e-01,-3.525216523282750924e-02
-1.072439088828965603e-01,-3.548738380725657837e-02
-1.065231740960320833e-01,-3.536236400900287513e-02
-1.049183937938951983e-01,-3.492826303980092750e-02
-1.025671761817181921e-01,-3.423199156280010841e-02
-9.959491337990251936e-02,-3.331636980413142657e-02
-9.611531970873349318e-02,-3.222029979789483439e-02
-9.223100307399210995e-02,-3.097894993339401701e-02
-8.803405958570140188e-02,-2.962394838629786586e-02
-8.360667724124659639e-02,-2.818357999717393397e-02
-7.902176672926954082e-02,-2.668299711194896742e-02
-7.434356527436519757e-02,-2.514441220455996759e-02
-6.962824995476311896e-02,-2.358730617351937481e-02
-6.492453848657360471e-02,-2.202862674832462703e-02
-6.027427519676880480e-02,-2.048298348093706422e-02
-5.571299904609426645e-02,-1.896283739030087470e-02
-5.127049087116915954e-02,-1.747868424177410548e-02
-4.697129850787006011e-02,-1.603923005389444253e-02
-4.283523639198465877e-02,-1.465155959977407392e-02
-3.887785993051297295e-02,-1.332129592282295036e-02
-3.511091330590493387e-02,-1.205275130767804841e-02
-3.154275031523243178e-02,-1.084906941767242554e-02
-2.817872807432510174e-02,-9.712358506987180465e-03
-2.502157373997539874e-02,-8.643815737463008200e-03
-2.207172459957218794e-02,-7.643842508522420871e-03
-1.932764202135053150e-02,-6.712151345694275691e-03
-1.678609426172083391e-02,-5.847863200737129195e-03
-1.444243839198994066e-02,-5.049599890503830499e-03
-1.229084293097333982e-02,-4.315565087447025688e-03
-1.032451190882930324e-02,-3.643618493013192714e-03
-8.535882060426745049e-03,-3.031343490398302840e-03
-6.916798670394026793e-03,-2.476108122050134190e-03
-5.458676553867994850e-03,-1.975120399362687799e-03
-4.152625883776798338e-03,-1.525471105696363152e-03
-2.989596524095832018e-03,-1.124185047885037283e-03
-1.960470343536316329e-03,-7.682519287898329809e-04
-1.056158069639000479e-03,-4.546605360064043147e-04
-2.676795670445704747e-04,-1.804267186584906783e-04
4.137682909325961699e-04,5.738283065516075124e-05
9.967547937891744515e-04,2.616304922017519585e-04
1.489561730212732218e-03,4.350906636389853012e-04
1.900169637964658261e-03,5.804360916050796794e-04
2.236200358371566617e-03,7.002306735214902439e-04
2.504906592310513457e-03,7.969167888271094791e-04
2.713155895523729905e-03,8.728108340416488014e-04
2.867420257454447816e-03,9.300996008263190222e-04
2.973772708941618045e-03,9.708377851122309806e-04
3.037884656326423575e-03,9.969480130299897356e-04
3.065030143815811094e-03,1.010220825378073872e-03
3.060092214466519564e-03,1.012316642526834990e-03
3.027572096957070052e-03,1.004768513614723519e-03
2.971600679969901588e-03,9.889856418961954360e-04
2.895951807187807387e-03,9.662575703985284200e-04
2.804057010286444430e-03,9.377588946512149977e-04
2.699021350675514901e-03,9.045543814123149394e-04
2.583639471621157913e-03,8.676041722536778026e-04
2.460414332564921092e-03,8.277701185128529850e-04
2.331573637581498427e-03,7.858206975354117092e-04
2.199087611354976803e-03,7.424372879160386464e-04
2.064686460869059534e-03,6.982198938470649723e-04
1.929877826702027562e-03,6.536928850322671876e-04
1.795963740340404896e-03,6.093106700809440253e-04
1.664057143712097597e-03,5.654632086103623728e-04
1.535097491348847267e-03,5.224812756971043476e-04
1.409866900964015487e-03,4.806417831727245564e-04
1.289004471749710754e-03,4.401726331103677473e-04
1.173020171931281157e-03,4.012574209620131021e-04
1.062307279306191855e-03,3.640397016927069524e-04
9.571600400163451407e-04,3.286285447916604315e-04
8.577736597653076419e-04,2.950994564514471162e-04
7.642632677304687060e-04,2.634997879010243641e-04
6.766787837724120994e-04,2.338541812722290262e-04
5.950073161851432164e-04,2.061652653620581351e-04
5.191822523202292488e-04,1.804172231238833737e-04
4.490920334990061973e-04,1.565783997857310948e-04
3.845876851789572278e-04,1.346038756742043028e-04
3.254895504687762881e-04,1.144377797177249177e-04
2.715929240950345136e-04,9.601532219129909338e-05
2.226732911843593129e-04,7.926458905525427315e-05
1.784947370663079601e-04,6.410932035668934269e-05
1.388039632403834306e-04,5.046690334325942877e-05
1.033444144118913778e-04,3.825335912486316968e-05
7.185652991329393412e-05,2.738310120366824700e-05
4.407958880969168046e-05,1.777010034205161066e-05
1.975478571456701466e-05,9.328541327785332753e-06
-1.372636171817124871e-06,1.973699172518448339e-06
-1.955178416197226357e-05,-4.377468107887896832e-06
-3.502428873418463479e-05,-9.805725530245320280e-06
-4.802336680355633714e-05,-1.438913291646258289e-05
-5.877262419320851276e-05,-1.820277629191781874e-05
-6.748536477655810270e-05,-2.131838775486715352e-05
-7.436405436087560475e-05,-2.380416987253802756e-05
-7.959996030307555184e-05,-2.572466259370260504e-05
-8.337294483514919323e-05,-2.714065826464892321e-05
-8.585139155591026919e-05,-2.810916209124922756e-05
-8.719232167077123829e-05,-2.868340811659836345e-05
-8.754134978942578480e-05,-2.891286017394726154e-05
-8.703311420933207377e-05,-2.884331861495528928e-05
-8.579139492540655129e-05,-2.851696362103700851e-05
-8.392955331984528042e-05,-2.797248431326496081e-05
-8.155093258120425348e-05,-2.724520996854586720e-05
-7.874929503905976700e-05,-2.636725102549440430e-05
-7.560928721864609771e-05,-2.536764976545150584e-05
-7.220692339462521424e-05,-2.427253847000392103e-05
-6.861008582683212752e-05,-2.310530143326315630e-05
-6.487902398530984562e-05,-2.188674225326873632e-05
-6.106685945088692461e-05,-2.063524903747296723e-05
-5.722008518829115194e-05,-1.936696025444623756e-05
-5.337905670260049225e-05,-1.809592814451875290e-05
-4.957850516438657085e-05,-1.683428896574335739e-05
-4.584793745414966390e-05,-1.559240207345491958e-05
-4.221209710140374230e-05,-1.437899815073717040e-05
-3.869141959584062966e-05,-1.320133049002540124e-05
-3.530243666183310441e-05,-1.206531539367258626e-05
-3.205816776532943718e-05,-1.097566241252006322e-05
-2.896849087768276146e-05,-9.935999163487016695e-06
-2.604093774786365577e-05,-8.949124019696700263e-06
-2.327911739708349111e-05,-8.016563510527075165e-06
-2.068609351043853987e-05,-7.139528519882817344e-06
-1.826238449097088707e-05,-6.318427268397225162e-06
-1.600685849287028379e-05,-5.553074645031022227e-06
-1.391699299499105704e-05,-4.842796243552030494e-06
-1.198321385612018229e-05,-4.184552561727625758e-06
-1.020853977106454997e-05,-3.579321863509691045e-06
-8.587288988320221868e-06,-3.025463271381079641e-06
-7.113333341518087563e-06,-2.521047644095284129e-06
-5.780534722460850646e-06,-2.064138008136161056e-06
-4.580979384767850214e-06,-1.652110699448828554e-06
-3.507816378685872664e-06,-1.282831260885062104e-06
-2.552826482256692137e-06,-9.534960066294024153e-07
-1.708247420862307570e-06,-6.615592731515919108e-07
-9.663940172838866656e-07,-4.044751671026230418e-07
-3.197061330204375255e-07,-1.797290536413551244e-07
2.391979792535481943e-07,1.514137520518538041e-08
7.174759421776481008e-07,1.825293324127906206e-07
1.122025236291212971e-06,3.247458723290419133e-07
1.459455693040748069e-06,4.440099301690210581e-07
1.736068918932224239e-06,5.424408064061797119e-07
1.957843515929570491e-06,6.220526525140752276e-07
2.130425310616098394e-06,6.847506772979275417e-07
2.259121971420294227e-06,7.323288653202569693e-07
2.348901466982514696e-06,7.664690258644728963e-07
2.404393860118571879e-06,7.887410033214074387e-07
2.429895965783575669e-06,8.006038897629796787e-07
2.429378435385412062e-06,8.034080909257839551e-07
2.406494864809161853e-06,7.983981081120435808e-07
2.364592558921070074e-06,7.867159102118202088e-07
2.306724620255878729e-06,7.694047817378331151e-07
2.235663063376289294e-06,7.474135441435041485e-07
2.153912688594619358e-06,7.216010585818444307e-07
2.063717898771083478e-06,6.927384833043715462e-07
1.967119421064341277e-06,6.615274801272964382e-07
1.865915884709086240e-06,6.285880484263115292e-07
1.761688172044022507e-06,5.944676004581335237e-07
1.655823267247771225e-06,5.596470996874631337e-07
1.549528596326549963e-06,5.245463894897163856e-07
1.443846063375141960e-06,4.895289550841007742e-07
1.339673665656427596e-06,4.549083146443808576e-07
1.237746353426887593e-06,4.209452976283917277e-07
1.138697234362134031e-06,3.878624245861028451e-07
1.043036972051881061e-06,3.558417937423106454e-07
9.511732198551666245e-07,3.250300106815849954e-07
8.634213521161985398e-07,2.955419219878181263e-07
7.800145017293778772e-07,2.674640263151441472e-07
7.011129514310354995e-07,2.408576567189635986e-07
6.268128800065916144e-07,2.157619471914475676e-07
5.571544727707205253e-07,1.921965875765357758e-07
4.921294106107692837e-07,1.701643712897675460e-07
4.316877556638134527e-07,1.496535414215123677e-07
3.757442547387544767e-07,1.306399418635959965e-07
3.241840840089612115e-07,1.130889809655415333e-07
2.768680603581735138e-07,9.695741590382754782e-08
2.336373461245693775e-07,8.219496645439372124e-08
1.943176749116637204e-07,6.874576721402063614e-08
1.587231266735130517e-07,5.654966753825659216e-08
1.266677702117586265e-07,4.554587408362102737e-08
9.793396905008700573e-08,3.566390899780000566e-08
7.232934601818098961e-08,2.683950717253139571e-08
4.965109141707720171e-08,1.900594695807158248e-08
2.969782527382145204e-08,1.209650880110879721e-08
1.227128106810306170e-08,6.045277953004621701e-09
-2.822307681381215797e-09,7.876639357254992295e-10
-1.577105078312841962e-08,-3.739185924988376182e-09
-2.675645846136051795e-08,-7.596049656516372465e-09
-3.595269164053669931e-08,-1.084136056205411021e-08
-4.352598532539505930e-08,-1.353099674883256889e-08
-4.963422611477934906e-08,-1.571812380320556504e-08
-5.442666611550739585e-08,-1.745308460042916580e-08
-5.804375675106649177e-08,-1.878333064953219349e-08
-6.061708716942704136e-08,-1.975338977656779315e-08
-6.226941313559172649e-08,-2.040486534361324154e-08
-6.311476344014974589e-08,-2.077646258377650544e-08
-6.325861195984443735e-08,-2.090403800257802284e-08
-6.279810456524690769e-08,-2.082066815145366162e-08
-6.182233108099219748e-08,-2.055673441892078185e-08
-6.041263346278880404e-08,-2.014002080783082658e-08
-5.864294226145739782e-08,-1.959582197285376706e-08
-5.658013429601512941e-08,-1.894705908018185582e-08
-5.428440525568323295e-08,-1.821440132147608103e-08
-5.180965169435817347e-08,-1.741639116620489174e-08
-4.920385757150449744e-08,-1.656957167090938095e-08
-4.650948113180441553e-08,-1.568861438102544809e-08
-4.376383850331400033e-08,-1.478644656092851844e-08
-4.099948093247064886e-08,-1.387437667160481359e-08
-3.824456306559397237e-08,-1.296221718319540097e-08
-3.552320013285690346e-08,-1.205840396241036451e-08
-3.285581229411375422e-08,-1.117011161312599240e-08
-3.025945476890922477e-08,-1.030336427312209776e-08
-2.774813269766042121e-08,-9.463141481647541156e-09
-2.533309996976525627e-08,-8.653478832109604772e-09
-2.302314150980901297e-08,-7.877563212446627235e-09
-2.082483873715638673e-08,-7.137822513447384681e-09
-1.874281810962354273e-08,-6.436009753161556588e-09
-1.677998283060726078e-08,-5.773281624395794032e-09
-1.493772794348337481e-08,-5.150271522825130319e-09
-1.321613915893253108e-08,-4.567157156103911423e-09
-1.161417586271570619e-08,-4.023722870357718394e-09
-1.012983883452289269e-08,-3.519416860035962819e-09
-8.760323275381888204e-09,-3.053403451086170538e-09
-7.502157792733334738e-09,-2.624610666215839760e-09
-6.351330030990644485e-09,-2.231773295282862200e-09
-5.303399662073908310e-09,-1.873471704057900622e-09
-4.353599466875541809e-09,-1.548166621202798447e-09
-3.496925245954148343e-09,-1.254230146782727708e-09
-2.728215297321647560e-09,-9.899732263833423620e-10
-2.042220191872420328e-09,-7.536698332450086686e-10
-1.433663564125745210e-09,-5.435780972414302186e-10
-8.972946181334005816e-10,-3.579586141552467682e-10
-4.279330266803354950e-10,-1.950901620138078917e-10
-2.050687696604039949e-11,-5.328304331928932662e-11
3.299157115535576885e-10,6.910973675813402165e-11
6.281007008372123986e-10,1.736832556697029110e-10
8.786274139435549665e-10,2.619732317368720692e-10
1.085872446868416468e-09,3.354501751880440736e-10
1.253997710864920465e-09,3.955149624135870181e-10
1.386942135852975070e-09,4.434956745204113157e-10
1.488416597592989893e-09,4.806455519084248056e-10
1.561901662932138866e-09,5.081419270829899421e-10
1.610647778358238650e-09,5.270860082513534164e-10
1.637677557139016521e-09,5.385033962644723092e-10
1.645789849320404243e-09,5.433452271831981789e-10
1.637565306744569236e-09,5.424898421054407690e-10
1.615373181831215414e-09,5.367448948088540065e-10
1.581379124128363292e-09,5.268498162969525074e-10
1.537553762604263521e-09,5.134785633777483615e-10
1.485681884091486444e-09,4.972425860346308599e-10
1.427372039471490518e-09,4.786939554654387808e-10
1.364066428827789992e-09,4.583286013501436104e-10
1.297050935121770821e-09,4.365896131255225813e-10
1.227465192904636841e-09,4.138705657923718938e-10
1.156312594137284526e-09,3.905188360928747917e-10
1.084470147579756098e-09,3.668388798043169033e-10
1.012698121236462061e-09,3.430954453213042053e-10
9.416494092801096845e-10,3.195167028141558474e-10
8.718785756181855238e-10,2.962972719031012479e-10
8.038505360035458333e-10,2.736011341441924306e-10
7.369161646597896640e-10,2.512688607686160601e-10
6.726928084294628663e-10,2.297318922171155217e-10
6.113831930860291500e-10,2.091265682693154434e-10
5.531374710594395020e-10,1.895166267744725469e-10
4.980578716542892169e-10,1.709423283062799905e-10
4.462030862368536095e-10,1.534280837518449496e-10
3.975937342670642732e-10,1.369849935845006665e-10
3.522175599180225626e-10,1.216126913959883841e-10
3.100342112329146174e-10,1.073009815191401402e-10
2.709796018119495808e-10,9.403132939802097908e-11
2.349698723751071188e-10,8.177821669648424550e-11
2.019049722985981872e-10,7.051036837943065810e-11
1.716718820038798657e-10,6.019185868426087705e-11
1.441474974719953424e-10,5.078310296863710385e-11
1.192011982144558984e-10,4.224174249499221175e-11
9.669711998499730027e-11,3.452342918412402872e-11
7.649615315748928514e-11,2.758251729879710404e-11
5.845768729650292952e-11,2.137266889782454954e-11
4.244112184719237196e-11,1.584737970094491986e-11
2.830716223711251839e-11,1.096043182884327482e-11
1.591891987554765104e-11,6.666279616928915158e-12
5.142833758127261516e-12,2.920374440657893802e-12
-4.150569500314078084e-12,-3.205657787478757886e-13
-1.208606127488367836e-11,-3.098337019964711093e-12
-1.878322717172702212e-11,-5.453074499334342235e-12
-2.438651624283860916e-11,-7.424606616433700892e-12
-2.897616030648496975e-11,-9.056855024520183746e-12
-3.265366987855039941e-11,-1.037715358438814584e-11
-3.551337151683987198e-11,-1.141638009631036444e-11
-3.759360791466804624e-11,-1.219514187001184074e-11
-3.903310750596483862e-11,-1.274481469298690425e-11
-3.990824398032055441e-11,-1.309810139069717271e-11
-4.029086310029228678e-11,-1.328026981335358598e-11
-4.024734459393287766e-11,-1.331400786963431819e-11
-3.983859663422566975e-11,-1.322008847667744877e-11
-3.912025152528508521e-11,-1.301750604722417622e-11
-3.814289935471097312e-11,-1.272355987859934384e-11
-3.695233688450033559e-11,-1.235393588480270681e-11
-3.558982552942076850e-11,-1.192279100588914115e-11
-3.409235458376142116e-11,-1.144283968400195938e-11
-3.249290649320559331e-11,-1.092544136150152951e-11
-3.082072143458686374e-11,-1.038068805414952282e-11
-2.910155887155888746e-11,-9.817491194808450382e-12
-2.735795407788173135e-11,-9.243667030166571551e-12
-2.560946799643406556e-11,-8.666020004196602958e-12
-2.387292907178342984e-11,-8.090423637872427421e-12
-2.216266594502785308e-11,-7.521898511008669730e-12
-2.049073019315406906e-11,-6.964687050039950033e-12
-1.886710844139273809e-11,-6.422324866625733368e-12
-1.729992342046005921e-11,-5.897708500718427225e-12
-1.579562366525631099e-11,-5.393159431138605962e-12
-1.435916174288327908e-11,-4.910484311712581773e-12
-1.299416095858490669e-11,-4.451031400364273568e-12
-1.170307067572340349e-11,-4.015743208528540128e-12
-1.048731039804443426e-11,-3.605205414620004861e-12
-9.347402913850890953e-12,-3.219692133628523323e-12
-8.283096794161101982e-12,-2.859207621868109755e-12
-7.293478647651558072e-12,-2.523524561237919026e-12
-6.377075549181745487e-12,-2.212219036676832797e-12
-5.531948074794678434e-12,-1.924702363782534875e-12
-4.755774451012817415e-12,-1.660249921836657043e-12
-4.045926262391990095e-12,-1.418027137548166843e-12
-3.399536250502392798e-12,-1.197112803620855637e-12
-2.813558691464564422e-12,-9.965198788848258854e-13
-2.284822843259761573e-12,-8.152139484516679158e-13
-1.810079950020655149e-12,-6.521294909929399509e-13
-1.386044310133528239e-12,-5.061841343755228783e-13
-1.009428838453811551e-12,-3.762910329006995924e-13
-6.769755942831268816e-13,-2.613695337871458616e-13
-3.854817128466728067e-13,-1.603542699525602725e-13
-1.318211391423276385e-13,-7.220282154011901486e-14
8.703743379667097115e-14,4.097923751376497842e-15
2.740160397687963381e-13,6.952658321136128009e-14
4.319159926716274970e-13,1.250231433738292198e-13
5.634091816884761555e-13,1.714857759047445913e-13
6.710317835957864112e-13,2.097684817311876640e-13
7.571801364255974877e-13,2.406794855312758587e-13
8.241084761746524474e-13,2.649802750081250452e-13
8.739283199548054571e-13,2.833852122020657700e-13
9.086092340896281060e-13,2.965616307792952384e-13
9.299808282296294769e-13,3.051303570207733844e-13
9.397357336313640777e-13,3.096665839649563917e-13
9.394334389707545253e-13,3.107010421650635586e-13
9.305048035179919432e-13,3.087214175827860387e-13
9.142571176984257817e-13,3.041739607546363067e-13
8.918795838019191285e-13,2.974652545027645086e-13
8.644491132888518273e-13,2.889640934553820886e-13
8.329363297449361772e-13,2.790034456382911652e-13
7.982117045529144359e-13,2.678824681841919285e-13
7.610517487719419080e-13,2.558685482732960347e-13
7.221451864929321978e-13,2.431993452946393202e-13
6.820990612530377026e-13,2.300848189651510404e-13
6.414447404633234006e-13,2.167092249288234150e-13
6.006437468045155638e-13,2.032330661628019574e-13
5.600934298353608571e-13,1.897949822376196633e-13
5.201323974784883328e-13,1.765135752100017058e-13
4.810457443393753970e-13,1.634891612902080799e-13
4.430700126793438604e-13,1.508054404489129012e-13
4.063979009552229757e-13,1.385310821996935733e-13
3.711827218669145374e-13,1.267212299924377471e-13
3.375425687866619253e-13,1.154189090199787950e-13
3.055642356887175389e-13,1.046563534226803309e-13
2.753068548309375985e-13,9.445623716119202367e-14
2.468052803827859337e-13,8.483282516448888920e-14
2.200732135201587111e-13,7.579303557862283570e-14
1.951060832657659196e-13,6.733741697666238759e-14
1.718836795710272489e-13,5.946105068594585289e-14
1.503725603126635057e-13,5.215437036725979167e-14
1.305282400109254726e-13,4.540391056130734184e-14
1.122971698260255911e-13,3.919298509165341970e-14
9.561851645439562228e-14,3.350229917765300179e-14
8.042575826144631125e-14,2.831049576250659330e-14
6.664810796500287241e-14,2.359464665420268638e-14
5.421177029854371552e-14,1.933068851052238884e-14
4.304105039949672475e-14,1.549380263836142443e-14
3.305932336991575629e-14,1.205875525712752671e-14
2.418987039867167211e-14,9.000186309924530360e-15
1.635660469359331814e-14,6.292862773912647298e-15
9.484679877945991733e-15,3.911893332082882244e-15
3.501005403163313797e-15,1.832909938669215762e-15
-1.665328313167304237e-15,3.221650974703470017e-17
-6.082700195031339846e-15,-1.513084971264970428e-15
-9.816696169163115853e-15,-2.824998308097224761e-15
-1.292989567479702818e-14,-3.924557518542807132e-15
-1.548171779029289365e-14,-4.831768423590671108e-15
-1.752832668389145754e-14,-5.565571667695386970e-15
-1.912257296002421063e-14,-6.143818547969439663e-15
-2.031397852687610674e-14,-6.583261102819000960e-15
-2.114874988776050236e-14,-6.899553539819925952e-15
-2.166982253894779947e-14,-7.107263422011847368e-15
-2.191693391565055173e-14,-7.219892728909403114e-15
-2.192670281142913177e-14,-7.249902494697937344e-15
-2.173274095093804676e-14,-7.208747917530896745e-15
-2.136576729418377250e-14,-7.106913083572296247e-15
-2.085373407531904513e-14,-6.953954339976304325e-15
-2.022196632554699594e-14,-6.758542618221024676e-15
-1.949329404895378677e-14,-6.528509863587082356e-15
-1.868820109673057785e-14,-6.270893542230301252e-15
-1.782496844833261004e-14,-5.991988087924085821e-15
-1.691981869660799901e-14,-5.697390997422812613e-15
-1.598705525652975981e-14,-5.392048255678497729e-15
-1.503920897313086614e-14,-5.080303979761632474e-15
-1.408716795395154318e-14,-4.765943925556945637e-15
-1.314031212581641221e-14,-4.452240335959890567e-15
-1.220664408974688682e-14,-4.141994690065813901e-15
-1.129290581395442472e-14,-3.837579222781852184e-15
-1.040470092915876452e-14,-3.540975267008412913e-15
-9.546600410928677904e-15,-3.253810666831496975e-15
-8.722248049479437432e-15,-2.977395308566963050e-15
-7.934458577850301390e-15,-2.712753444765613178e-15
-7.185310067642351121e-15,-2.460655743336965653e-15
-6.476230017124312409e-15,-2.221646845903323337e-15
-5.808070684444878189e-15,-1.996074263151469471e-15
-5.181189098533114182e-15,-1.784111658273881434e-15
-4.595508741219138610e-15,-1.585782459963507546e-15
-4.050584352829464647e-15,-1.400981594138653671e-15
-3.545655227918801308e-15,-1.229492495620843128e-15
-3.079703886273104375e-15,-1.071007636708953018e-15
-2.651496349949306280e-15,-9.251441960523267562e-16
-2.259622006153530257e-15,-7.914543821378251547e-16
-1.902539970907405748e-15,-6.694443233170429594e-16
-1.578604879914805746e-15,-5.585814234634762892e-16
-1.286099499833032683e-15,-4.583060186366812879e-16
-1.023260246837816490e-15,-3.680396488533419372e-16
-7.882987641504950535e-16,-2.871942526802671040e-16
-5.794265320222390771e-16,-2.151780263873139740e-16
