system,method,M,seed,train_seconds,device,uses_demonstrations,notes
single_pendulum,ppo,,0,147.90065479300029,cuda,False,"online RL, no demonstrations"
single_pendulum,ppo,,1,142.25898123600018,cuda,False,"online RL, no demonstrations"
single_pendulum,ppo,,2,151.0953429910005,cuda,False,"online RL, no demonstrations"
single_pendulum,chain,1,,10.886635806999038,cpu (1 processes),True,Algorithm 1 incl. Lipschitz constants; deterministic
single_pendulum,bc,1,0,0.38930031700147083,cpu,True,"MLP (24, 24, 16), 40 epochs"
single_pendulum,bc,1,1,0.29818734299988137,cpu,True,"MLP (24, 24, 16), 40 epochs"
single_pendulum,bc,1,2,0.3837964849990385,cpu,True,"MLP (24, 24, 16), 40 epochs"
single_pendulum,bc,1,3,0.251384675000736,cpu,True,"MLP (24, 24, 16), 40 epochs"
single_pendulum,bc,1,4,0.2948639610003738,cpu,True,"MLP (24, 24, 16), 40 epochs"
single_pendulum,dp,1,0,17.503078241001276,cuda,True,"DDPM over action chunks, 20000 iterations"
single_pendulum,dp,1,1,17.280991048999567,cuda,True,"DDPM over action chunks, 20000 iterations"
single_pendulum,dp,1,2,17.347488819001228,cuda,True,"DDPM over action chunks, 20000 iterations"
single_pendulum,chain,2,,12.458217342000353,cpu (2 processes),True,Algorithm 1 incl. Lipschitz constants; deterministic
single_pendulum,bc,2,0,0.45437659800154506,cpu,True,"MLP (24, 24, 16), 40 epochs"
single_pendulum,bc,2,1,0.47494735899999796,cpu,True,"MLP (24, 24, 16), 40 epochs"
single_pendulum,bc,2,2,0.4498769660003745,cpu,True,"MLP (24, 24, 16), 40 epochs"
single_pendulum,bc,2,3,0.4238039800002298,cpu,True,"MLP (24, 24, 16), 40 epochs"
single_pendulum,bc,2,4,0.44496299699858355,cpu,True,"MLP (24, 24, 16), 40 epochs"
single_pendulum,dp,2,0,17.222146548001547,cuda,True,"DDPM over action chunks, 20000 iterations"
single_pendulum,dp,2,1,17.272357411000485,cuda,True,"DDPM over action chunks, 20000 iterations"
single_pendulum,dp,2,2,17.079745213000933,cuda,True,"DDPM over action chunks, 20000 iterations"
single_pendulum,chain,3,,12.391477447999932,cpu (3 processes),True,Algorithm 1 incl. Lipschitz constants; deterministic
single_pendulum,bc,3,0,0.5255147349998879,cpu,True,"MLP (24, 24, 16), 40 epochs"
single_pendulum,bc,3,1,0.5646377470002335,cpu,True,"MLP (24, 24, 16), 40 epochs"
single_pendulum,bc,3,2,0.5149952360006864,cpu,True,"MLP (24, 24, 16), 40 epochs"
single_pendulum,bc,3,3,0.46989274799852865,cpu,True,"MLP (24, 24, 16), 40 epochs"
single_pendulum,bc,3,4,0.47270925500015437,cpu,True,"MLP (24, 24, 16), 40 epochs"
single_pendulum,dp,3,0,17.407174255000427,cuda,True,"DDPM over action chunks, 20000 iterations"
single_pendulum,dp,3,1,17.198736194999583,cuda,True,"DDPM over action chunks, 20000 iterations"
single_pendulum,dp,3,2,17.218837266000264,cuda,True,"DDPM over action chunks, 20000 iterations"
single_pendulum,chain,4,,14.114259805999609,cpu (4 processes),True,Algorithm 1 incl. Lipschitz constants; deterministic
single_pendulum,bc,4,0,0.7043854220009962,cpu,True,"MLP (24, 24, 16), 40 epochs"
single_pendulum,bc,4,1,0.6979404499998054,cpu,True,"MLP (24, 24, 16), 40 epochs"
single_pendulum,bc,4,2,0.6979523050013086,cpu,True,"MLP (24, 24, 16), 40 epochs"
single_pendulum,bc,4,3,0.5724717020002572,cpu,True,"MLP (24, 24, 16), 40 epochs"
single_pendulum,bc,4,4,0.7628687409996928,cpu,True,"MLP (24, 24, 16), 40 epochs"
single_pendulum,dp,4,0,17.30694766799934,cuda,True,"DDPM over action chunks, 20000 iterations"
single_pendulum,dp,4,1,17.21629252999992,cuda,True,"DDPM over action chunks, 20000 iterations"
single_pendulum,dp,4,2,17.30717142499998,cuda,True,"DDPM over action chunks, 20000 iterations"
single_pendulum,chain,5,,12.427565742000297,cpu (5 processes),True,Algorithm 1 incl. Lipschitz constants; deterministic
single_pendulum,bc,5,0,0.6213580820003699,cpu,True,"MLP (24, 24, 16), 40 epochs"
single_pendulum,bc,5,1,0.6512833409997256,cpu,True,"MLP (24, 24, 16), 40 epochs"
single_pendulum,bc,5,2,0.6642926490003447,cpu,True,"MLP (24, 24, 16), 40 epochs"
single_pendulum,bc,5,3,0.7522561320001842,cpu,True,"MLP (24, 24, 16), 40 epochs"
single_pendulum,bc,5,4,0.726927566998711,cpu,True,"MLP (24, 24, 16), 40 epochs"
single_pendulum,dp,5,0,17.29325730600067,cuda,True,"DDPM over action chunks, 20000 iterations"
single_pendulum,dp,5,1,17.186990070998945,cuda,True,"DDPM over action chunks, 20000 iterations"
single_pendulum,dp,5,2,17.269095830999504,cuda,True,"DDPM over action chunks, 20000 iterations"
spring_mass,ppo,,0,90.26964897300059,cpu,False,"online RL, no demonstrations"
spring_mass,ppo,,1,85.87630960600109,cpu,False,"online RL, no demonstrations"
spring_mass,ppo,,2,86.1843183380006,cpu,False,"online RL, no demonstrations"
spring_mass,chain,1,,3.4203300419994775,cpu (1 processes),True,Algorithm 1 incl. Lipschitz constants; deterministic
spring_mass,bc,1,0,0.10504631299954781,cpu,True,"MLP (24, 24, 16), 40 epochs"
spring_mass,bc,1,1,0.11999762599953101,cpu,True,"MLP (24, 24, 16), 40 epochs"
spring_mass,bc,1,2,0.10812144800001988,cpu,True,"MLP (24, 24, 16), 40 epochs"
spring_mass,bc,1,3,0.10785270499945909,cpu,True,"MLP (24, 24, 16), 40 epochs"
spring_mass,bc,1,4,0.10879688800014264,cpu,True,"MLP (24, 24, 16), 40 epochs"
spring_mass,dp,1,0,20.00240217999999,cuda,True,"DDPM over action chunks, 20000 iterations"
spring_mass,dp,1,1,17.26301086300009,cuda,True,"DDPM over action chunks, 20000 iterations"
spring_mass,dp,1,2,17.2859388650013,cuda,True,"DDPM over action chunks, 20000 iterations"
spring_mass,chain,2,,3.980945844001326,cpu (2 processes),True,Algorithm 1 incl. Lipschitz constants; deterministic
spring_mass,bc,2,0,0.17981899000005797,cpu,True,"MLP (24, 24, 16), 40 epochs"
spring_mass,bc,2,1,0.15915997500087542,cpu,True,"MLP (24, 24, 16), 40 epochs"
spring_mass,bc,2,2,0.1610143350008002,cpu,True,"MLP (24, 24, 16), 40 epochs"
spring_mass,bc,2,3,0.16436320899993007,cpu,True,"MLP (24, 24, 16), 40 epochs"
spring_mass,bc,2,4,0.17788528600067366,cpu,True,"MLP (24, 24, 16), 40 epochs"
spring_mass,dp,2,0,17.94359965900003,cuda,True,"DDPM over action chunks, 20000 iterations"
spring_mass,dp,2,1,17.364570533000006,cuda,True,"DDPM over action chunks, 20000 iterations"
spring_mass,dp,2,2,17.323136369999702,cuda,True,"DDPM over action chunks, 20000 iterations"
spring_mass,chain,3,,4.615649818999373,cpu (3 processes),True,Algorithm 1 incl. Lipschitz constants; deterministic
spring_mass,bc,3,0,0.16761596400101553,cpu,True,"MLP (24, 24, 16), 40 epochs"
spring_mass,bc,3,1,0.16206751600111602,cpu,True,"MLP (24, 24, 16), 40 epochs"
spring_mass,bc,3,2,0.15904840499933925,cpu,True,"MLP (24, 24, 16), 40 epochs"
spring_mass,bc,3,3,0.21740723999937472,cpu,True,"MLP (24, 24, 16), 40 epochs"
spring_mass,bc,3,4,0.15228568299971812,cpu,True,"MLP (24, 24, 16), 40 epochs"
spring_mass,dp,3,0,18.118800357999135,cuda,True,"DDPM over action chunks, 20000 iterations"
spring_mass,dp,3,1,17.406285916000343,cuda,True,"DDPM over action chunks, 20000 iterations"
spring_mass,dp,3,2,17.43915733600079,cuda,True,"DDPM over action chunks, 20000 iterations"
spring_mass,chain,4,,4.811705922000328,cpu (4 processes),True,Algorithm 1 incl. Lipschitz constants; deterministic
spring_mass,bc,4,0,0.2785374029990635,cpu,True,"MLP (24, 24, 16), 40 epochs"
spring_mass,bc,4,1,0.216641241000616,cpu,True,"MLP (24, 24, 16), 40 epochs"
spring_mass,bc,4,2,0.2412198839992925,cpu,True,"MLP (24, 24, 16), 40 epochs"
spring_mass,bc,4,3,0.2068835529989883,cpu,True,"MLP (24, 24, 16), 40 epochs"
spring_mass,bc,4,4,0.2188171500001772,cpu,True,"MLP (24, 24, 16), 40 epochs"
spring_mass,dp,4,0,18.151750679000543,cuda,True,"DDPM over action chunks, 20000 iterations"
spring_mass,dp,4,1,17.448880810001356,cuda,True,"DDPM over action chunks, 20000 iterations"
spring_mass,dp,4,2,17.32779157999903,cuda,True,"DDPM over action chunks, 20000 iterations"
spring_mass,chain,5,,4.890912391001621,cpu (5 processes),True,Algorithm 1 incl. Lipschitz constants; deterministic
spring_mass,bc,5,0,0.2673636070012435,cpu,True,"MLP (24, 24, 16), 40 epochs"
spring_mass,bc,5,1,0.27276533499934885,cpu,True,"MLP (24, 24, 16), 40 epochs"
spring_mass,bc,5,2,0.2676476159995218,cpu,True,"MLP (24, 24, 16), 40 epochs"
spring_mass,bc,5,3,0.33681186500143667,cpu,True,"MLP (24, 24, 16), 40 epochs"
spring_mass,bc,5,4,0.2701756909991673,cpu,True,"MLP (24, 24, 16), 40 epochs"
spring_mass,dp,5,0,18.17114172299989,cuda,True,"DDPM over action chunks, 20000 iterations"
spring_mass,dp,5,1,17.445228697999482,cuda,True,"DDPM over action chunks, 20000 iterations"
spring_mass,dp,5,2,17.51767954299976,cuda,True,"DDPM over action chunks, 20000 iterations"
